reason,reason_label,asset_id,cache_key,provid,amph2,deedno,city,amphur,asset_type_id,asset_type,rai,ngan,wa,deedno_raw,timestamp
not_found,LandsMaps ไม่พบโฉนด,8476,10_27_21556,10,27,21556,กรุงเทพมหานคร,บึงกุ่ม,3,ที่ดิน+สิ่งปลูกสร้าง,,,25.2,21556,7/11/2026 3:05
not_found,LandsMaps ไม่พบโฉนด,8483,10_42_9448,10,42,9448,กรุงเทพมหานคร,สายไหม,3,ที่ดิน+สิ่งปลูกสร้าง,,,62.8,9448,7/11/2026 3:05
not_found,LandsMaps ไม่พบโฉนด,8485,10_36_35669,10,36,35669,กรุงเทพมหานคร,ดอนเมือง,3,ที่ดิน+สิ่งปลูกสร้าง,,,50,35669 (เดิม 10837),7/11/2026 3:05
not_found,LandsMaps ไม่พบโฉนด,8486,10_06_59198,10,6,59198,กรุงเทพมหานคร,บางกะปิ,3,ที่ดิน+สิ่งปลูกสร้าง,,,99,59198,7/11/2026 3:05
not_found,LandsMaps ไม่พบโฉนด,8487,10_36_23938,10,36,23938,กรุงเทพมหานคร,ดอนเมือง,3,ที่ดิน+สิ่งปลูกสร้าง,,,33.6,23938,7/11/2026 3:05
not_found,LandsMaps ไม่พบโฉนด,8492,10_27_27127,10,27,27127,กรุงเทพมหานคร,บึงกุ่ม,3,ที่ดิน+สิ่งปลูกสร้าง,,,24.9,27127,7/11/2026 3:05
not_found,LandsMaps ไม่พบโฉนด,8494,10_30_42589,10,30,42589,กรุงเทพมหานคร,จตุจักร,1,ที่ดินเปล่า,,,71.1,42589,7/11/2026 3:05
not_found,LandsMaps ไม่พบโฉนด,8496,10_27_23903,10,27,23903,กรุงเทพมหานคร,บึงกุ่ม,3,ที่ดิน+สิ่งปลูกสร้าง,,,19.8,23903,7/11/2026 3:05
not_found,LandsMaps ไม่พบโฉนด,8702,10_05_2803,10,5,2803,กรุงเทพมหานคร,บางเขน,1,ที่ดินเปล่า,,,91,2803,7/11/2026 3:05
not_found,LandsMaps ไม่พบโฉนด,8703,10_05_31059,10,5,31059,กรุงเทพมหานคร,บางเขน,3,ที่ดิน+สิ่งปลูกสร้าง,,,15.5,31059,7/11/2026 3:05
not_found,LandsMaps ไม่พบโฉนด,8717,10_17_1774,10,17,1774,กรุงเทพมหานคร,ห้วยขวาง,3,ที่ดิน+สิ่งปลูกสร้าง,,,22.5,1774,7/11/2026 3:05
not_found,LandsMaps ไม่พบโฉนด,8721,10_06_18534,10,6,18534,กรุงเทพมหานคร,บางกะปิ,2,ห้องชุด/คอนโด,,,30.01,"18533,18534,18535,18536,18537ฯ",7/11/2026 3:05
not_found,LandsMaps ไม่พบโฉนด,8721,10_06_18535,10,6,18535,กรุงเทพมหานคร,บางกะปิ,2,ห้องชุด/คอนโด,,,30.01,"18533,18534,18535,18536,18537ฯ",7/11/2026 3:05
not_found,LandsMaps ไม่พบโฉนด,8721,10_06_18536,10,6,18536,กรุงเทพมหานคร,บางกะปิ,2,ห้องชุด/คอนโด,,,30.01,"18533,18534,18535,18536,18537ฯ",7/11/2026 3:05
not_found,LandsMaps ไม่พบโฉนด,8721,10_06_18537,10,6,18537,กรุงเทพมหานคร,บางกะปิ,2,ห้องชุด/คอนโด,,,30.01,"18533,18534,18535,18536,18537ฯ",7/11/2026 3:05
not_found,LandsMaps ไม่พบโฉนด,8722,10_27_30172,10,27,30172,กรุงเทพมหานคร,บึงกุ่ม,2,ห้องชุด/คอนโด,,,22.63,"30172, 30173",7/11/2026 3:05
not_found,LandsMaps ไม่พบโฉนด,8722,10_27_30173,10,27,30173,กรุงเทพมหานคร,บึงกุ่ม,2,ห้องชุด/คอนโด,,,22.63,"30172, 30173",7/11/2026 3:05
not_found,LandsMaps ไม่พบโฉนด,8723,10_30_13231,10,30,13231,กรุงเทพมหานคร,จตุจักร,2,ห้องชุด/คอนโด,,,31.09,"13231,13232,13233,13234,13235ฯ",7/11/2026 3:05
not_found,LandsMaps ไม่พบโฉนด,8723,10_30_13232,10,30,13232,กรุงเทพมหานคร,จตุจักร,2,ห้องชุด/คอนโด,,,31.09,"13231,13232,13233,13234,13235ฯ",7/11/2026 3:05
not_found,LandsMaps ไม่พบโฉนด,8723,10_30_13233,10,30,13233,กรุงเทพมหานคร,จตุจักร,2,ห้องชุด/คอนโด,,,31.09,"13231,13232,13233,13234,13235ฯ",7/11/2026 3:05
not_found,LandsMaps ไม่พบโฉนด,8723,10_30_13234,10,30,13234,กรุงเทพมหานคร,จตุจักร,2,ห้องชุด/คอนโด,,,31.09,"13231,13232,13233,13234,13235ฯ",7/11/2026 3:05
not_found,LandsMaps ไม่พบโฉนด,8723,10_30_13235,10,30,13235,กรุงเทพมหานคร,จตุจักร,2,ห้องชุด/คอนโด,,,31.09,"13231,13232,13233,13234,13235ฯ",7/11/2026 3:05
not_found,LandsMaps ไม่พบโฉนด,8724,10_29_3084,10,29,3084,กรุงเทพมหานคร,บางซื่อ,2,ห้องชุด/คอนโด,,,32.07,"3084,44082,44083,44084 ฯลฯ",7/11/2026 3:05
not_found,LandsMaps ไม่พบโฉนด,8724,10_29_44082,10,29,44082,กรุงเทพมหานคร,บางซื่อ,2,ห้องชุด/คอนโด,,,32.07,"3084,44082,44083,44084 ฯลฯ",7/11/2026 3:05
not_found,LandsMaps ไม่พบโฉนด,8724,10_29_44083,10,29,44083,กรุงเทพมหานคร,บางซื่อ,2,ห้องชุด/คอนโด,,,32.07,"3084,44082,44083,44084 ฯลฯ",7/11/2026 3:05
not_found,LandsMaps ไม่พบโฉนด,8724,10_29_44084,10,29,44084,กรุงเทพมหานคร,บางซื่อ,2,ห้องชุด/คอนโด,,,32.07,"3084,44082,44083,44084 ฯลฯ",7/11/2026 3:05
not_found,LandsMaps ไม่พบโฉนด,8725,10_37_1227,10,37,1227,กรุงเทพมหานคร,ราชเทวี,2,ห้องชุด/คอนโด,,,29.06,"1227,1243,3277,3278,3279,3280, 3281",7/11/2026 3:05
not_found,LandsMaps ไม่พบโฉนด,8725,10_37_1243,10,37,1243,กรุงเทพมหานคร,ราชเทวี,2,ห้องชุด/คอนโด,,,29.06,"1227,1243,3277,3278,3279,3280, 3281",7/11/2026 3:05
not_found,LandsMaps ไม่พบโฉนด,8725,10_37_3277,10,37,3277,กรุงเทพมหานคร,ราชเทวี,2,ห้องชุด/คอนโด,,,29.06,"1227,1243,3277,3278,3279,3280, 3281",7/11/2026 3:05
not_found,LandsMaps ไม่พบโฉนด,8725,10_37_3278,10,37,3278,กรุงเทพมหานคร,ราชเทวี,2,ห้องชุด/คอนโด,,,29.06,"1227,1243,3277,3278,3279,3280, 3281",7/11/2026 3:05
not_found,LandsMaps ไม่พบโฉนด,8725,10_37_3279,10,37,3279,กรุงเทพมหานคร,ราชเทวี,2,ห้องชุด/คอนโด,,,29.06,"1227,1243,3277,3278,3279,3280, 3281",7/11/2026 3:05
not_found,LandsMaps ไม่พบโฉนด,8725,10_37_3280,10,37,3280,กรุงเทพมหานคร,ราชเทวี,2,ห้องชุด/คอนโด,,,29.06,"1227,1243,3277,3278,3279,3280, 3281",7/11/2026 3:05
not_found,LandsMaps ไม่พบโฉนด,8725,10_37_3281,10,37,3281,กรุงเทพมหานคร,ราชเทวี,2,ห้องชุด/คอนโด,,,29.06,"1227,1243,3277,3278,3279,3280, 3281",7/11/2026 3:05
not_found,LandsMaps ไม่พบโฉนด,8727,10_05_105183,10,5,105183,กรุงเทพมหานคร,บางเขน,3,ที่ดิน+สิ่งปลูกสร้าง,,,51,105183,7/11/2026 3:05
not_found,LandsMaps ไม่พบโฉนด,8728,10_20_40267,10,20,40267,กรุงเทพมหานคร,บางกอกน้อย,3,ที่ดิน+สิ่งปลูกสร้าง,,,15,40267,7/11/2026 3:05
not_found,LandsMaps ไม่พบโฉนด,8729,10_20_40268,10,20,40268,กรุงเทพมหานคร,บางกอกน้อย,3,ที่ดิน+สิ่งปลูกสร้าง,,,21,40268,7/11/2026 3:05
not_found,LandsMaps ไม่พบโฉนด,8730,10_05_1801,10,5,1801,กรุงเทพมหานคร,บางเขน,2,ห้องชุด/คอนโด,,,28.2,1801,7/11/2026 3:05
not_found,LandsMaps ไม่พบโฉนด,8731,10_02_58527,10,2,58527,กรุงเทพมหานคร,ดุสิต(บางซื่อ),3,ที่ดิน+สิ่งปลูกสร้าง,,,11,58527,7/11/2026 3:05
not_found,LandsMaps ไม่พบโฉนด,8732,10_02_58528,10,2,58528,กรุงเทพมหานคร,ดุสิต(บางซื่อ),3,ที่ดิน+สิ่งปลูกสร้าง,,,11,58528,7/11/2026 3:05
not_found,LandsMaps ไม่พบโฉนด,8733,10_02_58529,10,2,58529,กรุงเทพมหานคร,ดุสิต(บางซื่อ),3,ที่ดิน+สิ่งปลูกสร้าง,,,12,58529,7/11/2026 3:05
not_found,LandsMaps ไม่พบโฉนด,8734,10_38_13865,10,38,13865,กรุงเทพมหานคร,ลาดพร้าว,3,ที่ดิน+สิ่งปลูกสร้าง,,,21.4,13865,7/11/2026 3:05
not_found,LandsMaps ไม่พบโฉนด,8735,10_06_26389,10,6,26389,กรุงเทพมหานคร,บางกะปิ,2,ห้องชุด/คอนโด,,,26.44,"26389 , 26390",7/11/2026 3:05
not_found,LandsMaps ไม่พบโฉนด,8735,10_06_26390,10,6,26390,กรุงเทพมหานคร,บางกะปิ,2,ห้องชุด/คอนโด,,,26.44,"26389 , 26390",7/11/2026 3:05
not_found,LandsMaps ไม่พบโฉนด,8736,10_06_189022,10,6,189022,กรุงเทพมหานคร,บางกะปิ,3,ที่ดิน+สิ่งปลูกสร้าง,,,21,189022,7/11/2026 3:05
not_found,LandsMaps ไม่พบโฉนด,8737,10_06_253095,10,6,253095,กรุงเทพมหานคร,บางกะปิ,2,ห้องชุด/คอนโด,,,40.21,253095,7/11/2026 3:05
not_found,LandsMaps ไม่พบโฉนด,8738,10_42_25207,10,42,25207,กรุงเทพมหานคร,สายไหม,2,ห้องชุด/คอนโด,,,31.85,"2,520,725,212",7/11/2026 3:05
not_found,LandsMaps ไม่พบโฉนด,8738,10_42_25212,10,42,25212,กรุงเทพมหานคร,สายไหม,2,ห้องชุด/คอนโด,,,31.85,"2,520,725,212",7/11/2026 3:05
not_found,LandsMaps ไม่พบโฉนด,8739,10_29_3085,10,29,3085,กรุงเทพมหานคร,บางซื่อ,2,ห้องชุด/คอนโด,,,26,"30,855,387,151,144,100,000,000,000,000,000,000,000,000,000",7/11/2026 3:05
not_found,LandsMaps ไม่พบโฉนด,8739,10_29_5387,10,29,5387,กรุงเทพมหานคร,บางซื่อ,2,ห้องชุด/คอนโด,,,26,"30,855,387,151,144,100,000,000,000,000,000,000,000,000,000",7/11/2026 3:05
not_found,LandsMaps ไม่พบโฉนด,8739,10_29_151144,10,29,151144,กรุงเทพมหานคร,บางซื่อ,2,ห้องชุด/คอนโด,,,26,"30,855,387,151,144,100,000,000,000,000,000,000,000,000,000",7/11/2026 3:05
not_found,LandsMaps ไม่พบโฉนด,8739,10_29_151145,10,29,151145,กรุงเทพมหานคร,บางซื่อ,2,ห้องชุด/คอนโด,,,26,"30,855,387,151,144,100,000,000,000,000,000,000,000,000,000",7/11/2026 3:05
not_found,LandsMaps ไม่พบโฉนด,8739,10_29_151146,10,29,151146,กรุงเทพมหานคร,บางซื่อ,2,ห้องชุด/คอนโด,,,26,"30,855,387,151,144,100,000,000,000,000,000,000,000,000,000",7/11/2026 3:05
not_found,LandsMaps ไม่พบโฉนด,8739,10_29_151147,10,29,151147,กรุงเทพมหานคร,บางซื่อ,2,ห้องชุด/คอนโด,,,26,"30,855,387,151,144,100,000,000,000,000,000,000,000,000,000",7/11/2026 3:05
not_found,LandsMaps ไม่พบโฉนด,8739,10_29_151148,10,29,151148,กรุงเทพมหานคร,บางซื่อ,2,ห้องชุด/คอนโด,,,26,"30,855,387,151,144,100,000,000,000,000,000,000,000,000,000",7/11/2026 3:05
not_found,LandsMaps ไม่พบโฉนด,8739,10_29_169872,10,29,169872,กรุงเทพมหานคร,บางซื่อ,2,ห้องชุด/คอนโด,,,26,"30,855,387,151,144,100,000,000,000,000,000,000,000,000,000",7/11/2026 3:05
not_found,LandsMaps ไม่พบโฉนด,8740,10_05_2388,10,5,2388,กรุงเทพมหานคร,บางเขน,2,ห้องชุด/คอนโด,,,35.06,2388,7/11/2026 3:06
not_found,LandsMaps ไม่พบโฉนด,8742,10_06_134144,10,6,134144,กรุงเทพมหานคร,บางกะปิ,3,ที่ดิน+สิ่งปลูกสร้าง,,,21.4,134144,7/11/2026 3:06
not_found,LandsMaps ไม่พบโฉนด,8743,10_06_48762,10,6,48762,กรุงเทพมหานคร,บางกะปิ,3,ที่ดิน+สิ่งปลูกสร้าง,,,23,48762,7/11/2026 3:06
not_found,LandsMaps ไม่พบโฉนด,8744,10_06_234761,10,6,234761,กรุงเทพมหานคร,บางกะปิ,3,ที่ดิน+สิ่งปลูกสร้าง,,,23,234761,7/11/2026 3:06
not_found,LandsMaps ไม่พบโฉนด,8745,10_06_45678,10,6,45678,กรุงเทพมหานคร,บางกะปิ,3,ที่ดิน+สิ่งปลูกสร้าง,,,46,45678,7/11/2026 3:06
not_found,LandsMaps ไม่พบโฉนด,8746,10_06_45679,10,6,45679,กรุงเทพมหานคร,บางกะปิ,3,ที่ดิน+สิ่งปลูกสร้าง,,,46,45679,7/11/2026 3:06
not_found,LandsMaps ไม่พบโฉนด,8747,10_06_45680,10,6,45680,กรุงเทพมหานคร,บางกะปิ,3,ที่ดิน+สิ่งปลูกสร้าง,,,47,45680,7/11/2026 3:06
not_found,LandsMaps ไม่พบโฉนด,8748,10_30_17275,10,30,17275,กรุงเทพมหานคร,จตุจักร,2,ห้องชุด/คอนโด,,,28.56,17275,7/11/2026 3:06
not_found,LandsMaps ไม่พบโฉนด,8749,10_06_254082,10,6,254082,กรุงเทพมหานคร,บางกะปิ,2,ห้องชุด/คอนโด,,,29.03,254082,7/11/2026 3:06
not_found,LandsMaps ไม่พบโฉนด,8750,10_06_80855,10,6,80855,กรุงเทพมหานคร,บางกะปิ,2,ห้องชุด/คอนโด,,,58.8,80855,7/11/2026 3:06
not_found,LandsMaps ไม่พบโฉนด,8751,10_30_41422,10,30,41422,กรุงเทพมหานคร,จตุจักร,2,ห้องชุด/คอนโด,,,24.89,"4,142,241,423,414,240,000,000,000,000,000,000",7/11/2026 3:06
not_found,LandsMaps ไม่พบโฉนด,8751,10_30_41423,10,30,41423,กรุงเทพมหานคร,จตุจักร,2,ห้องชุด/คอนโด,,,24.89,"4,142,241,423,414,240,000,000,000,000,000,000",7/11/2026 3:06
not_found,LandsMaps ไม่พบโฉนด,8751,10_30_41424,10,30,41424,กรุงเทพมหานคร,จตุจักร,2,ห้องชุด/คอนโด,,,24.89,"4,142,241,423,414,240,000,000,000,000,000,000",7/11/2026 3:06
not_found,LandsMaps ไม่พบโฉนด,8751,10_30_41425,10,30,41425,กรุงเทพมหานคร,จตุจักร,2,ห้องชุด/คอนโด,,,24.89,"4,142,241,423,414,240,000,000,000,000,000,000",7/11/2026 3:06
not_found,LandsMaps ไม่พบโฉนด,8751,10_30_41426,10,30,41426,กรุงเทพมหานคร,จตุจักร,2,ห้องชุด/คอนโด,,,24.89,"4,142,241,423,414,240,000,000,000,000,000,000",7/11/2026 3:06
not_found,LandsMaps ไม่พบโฉนด,8751,10_30_41427,10,30,41427,กรุงเทพมหานคร,จตุจักร,2,ห้องชุด/คอนโด,,,24.89,"4,142,241,423,414,240,000,000,000,000,000,000",7/11/2026 3:06
not_found,LandsMaps ไม่พบโฉนด,8751,10_30_4935,10,30,4935,กรุงเทพมหานคร,จตุจักร,2,ห้องชุด/คอนโด,,,24.89,"4,142,241,423,414,240,000,000,000,000,000,000",7/11/2026 3:06
not_found,LandsMaps ไม่พบโฉนด,8752,10_27_30172,10,27,30172,กรุงเทพมหานคร,บึงกุ่ม,2,ห้องชุด/คอนโด,,,22.63,"3,017,230,173",7/11/2026 3:06
not_found,LandsMaps ไม่พบโฉนด,8752,10_27_30173,10,27,30173,กรุงเทพมหานคร,บึงกุ่ม,2,ห้องชุด/คอนโด,,,22.63,"3,017,230,173",7/11/2026 3:06
not_found,LandsMaps ไม่พบโฉนด,8754,10_27_26501,10,27,26501,กรุงเทพมหานคร,บึงกุ่ม,3,ที่ดิน+สิ่งปลูกสร้าง,,,19.4,26501,7/11/2026 3:06
not_found,LandsMaps ไม่พบโฉนด,8756,10_17_6182,10,17,6182,กรุงเทพมหานคร,ห้วยขวาง,2,ห้องชุด/คอนโด,,,30.21,"61,826,183,618,461,800,000",7/11/2026 3:06
not_found,LandsMaps ไม่พบโฉนด,8756,10_17_6183,10,17,6183,กรุงเทพมหานคร,ห้วยขวาง,2,ห้องชุด/คอนโด,,,30.21,"61,826,183,618,461,800,000",7/11/2026 3:06
not_found,LandsMaps ไม่พบโฉนด,8756,10_17_6184,10,17,6184,กรุงเทพมหานคร,ห้วยขวาง,2,ห้องชุด/คอนโด,,,30.21,"61,826,183,618,461,800,000",7/11/2026 3:06
not_found,LandsMaps ไม่พบโฉนด,8756,10_17_6185,10,17,6185,กรุงเทพมหานคร,ห้วยขวาง,2,ห้องชุด/คอนโด,,,30.21,"61,826,183,618,461,800,000",7/11/2026 3:06
not_found,LandsMaps ไม่พบโฉนด,8756,10_17_6188,10,17,6188,กรุงเทพมหานคร,ห้วยขวาง,2,ห้องชุด/คอนโด,,,30.21,"61,826,183,618,461,800,000",7/11/2026 3:06
not_found,LandsMaps ไม่พบโฉนด,8757,10_05_39311,10,5,39311,กรุงเทพมหานคร,บางเขน(บางซื่อ),2,ห้องชุด/คอนโด,,,39,"39,311,393,123,931,300,000",7/11/2026 3:06
not_found,LandsMaps ไม่พบโฉนด,8757,10_05_39312,10,5,39312,กรุงเทพมหานคร,บางเขน(บางซื่อ),2,ห้องชุด/คอนโด,,,39,"39,311,393,123,931,300,000",7/11/2026 3:06
not_found,LandsMaps ไม่พบโฉนด,8757,10_05_39313,10,5,39313,กรุงเทพมหานคร,บางเขน(บางซื่อ),2,ห้องชุด/คอนโด,,,39,"39,311,393,123,931,300,000",7/11/2026 3:06
not_found,LandsMaps ไม่พบโฉนด,8757,10_05_39314,10,5,39314,กรุงเทพมหานคร,บางเขน(บางซื่อ),2,ห้องชุด/คอนโด,,,39,"39,311,393,123,931,300,000",7/11/2026 3:06
not_found,LandsMaps ไม่พบโฉนด,8758,10_06_86838,10,6,86838,กรุงเทพมหานคร,บางกะปิ,3,ที่ดิน+สิ่งปลูกสร้าง,,,70,86838,7/11/2026 3:06
not_found,LandsMaps ไม่พบโฉนด,8759,10_37_99,10,37,99,กรุงเทพมหานคร,ราชเทวี,2,ห้องชุด/คอนโด,,,35.56,"99,100,1184,3216,3224,3225,3226, 3227, 3228,3229,3257ฯ",7/11/2026 3:06
not_found,LandsMaps ไม่พบโฉนด,8759,10_37_100,10,37,100,กรุงเทพมหานคร,ราชเทวี,2,ห้องชุด/คอนโด,,,35.56,"99,100,1184,3216,3224,3225,3226, 3227, 3228,3229,3257ฯ",7/11/2026 3:06
not_found,LandsMaps ไม่พบโฉนด,8759,10_37_1184,10,37,1184,กรุงเทพมหานคร,ราชเทวี,2,ห้องชุด/คอนโด,,,35.56,"99,100,1184,3216,3224,3225,3226, 3227, 3228,3229,3257ฯ",7/11/2026 3:06
not_found,LandsMaps ไม่พบโฉนด,8759,10_37_3216,10,37,3216,กรุงเทพมหานคร,ราชเทวี,2,ห้องชุด/คอนโด,,,35.56,"99,100,1184,3216,3224,3225,3226, 3227, 3228,3229,3257ฯ",7/11/2026 3:06
not_found,LandsMaps ไม่พบโฉนด,8759,10_37_3224,10,37,3224,กรุงเทพมหานคร,ราชเทวี,2,ห้องชุด/คอนโด,,,35.56,"99,100,1184,3216,3224,3225,3226, 3227, 3228,3229,3257ฯ",7/11/2026 3:06
not_found,LandsMaps ไม่พบโฉนด,8759,10_37_3225,10,37,3225,กรุงเทพมหานคร,ราชเทวี,2,ห้องชุด/คอนโด,,,35.56,"99,100,1184,3216,3224,3225,3226, 3227, 3228,3229,3257ฯ",7/11/2026 3:06
not_found,LandsMaps ไม่พบโฉนด,8759,10_37_3226,10,37,3226,กรุงเทพมหานคร,ราชเทวี,2,ห้องชุด/คอนโด,,,35.56,"99,100,1184,3216,3224,3225,3226, 3227, 3228,3229,3257ฯ",7/11/2026 3:06
not_found,LandsMaps ไม่พบโฉนด,8759,10_37_3227,10,37,3227,กรุงเทพมหานคร,ราชเทวี,2,ห้องชุด/คอนโด,,,35.56,"99,100,1184,3216,3224,3225,3226, 3227, 3228,3229,3257ฯ",7/11/2026 3:06
not_found,LandsMaps ไม่พบโฉนด,8759,10_37_3228,10,37,3228,กรุงเทพมหานคร,ราชเทวี,2,ห้องชุด/คอนโด,,,35.56,"99,100,1184,3216,3224,3225,3226, 3227, 3228,3229,3257ฯ",7/11/2026 3:06
not_found,LandsMaps ไม่พบโฉนด,8759,10_37_3229,10,37,3229,กรุงเทพมหานคร,ราชเทวี,2,ห้องชุด/คอนโด,,,35.56,"99,100,1184,3216,3224,3225,3226, 3227, 3228,3229,3257ฯ",7/11/2026 3:06
not_found,LandsMaps ไม่พบโฉนด,8759,10_37_3257,10,37,3257,กรุงเทพมหานคร,ราชเทวี,2,ห้องชุด/คอนโด,,,35.56,"99,100,1184,3216,3224,3225,3226, 3227, 3228,3229,3257ฯ",7/11/2026 3:06
not_found,LandsMaps ไม่พบโฉนด,8760,10_30_2053,10,30,2053,กรุงเทพมหานคร,จตุจักร,2,ห้องชุด/คอนโด,,,83.63,"2053, 2131",7/11/2026 3:06
not_found,LandsMaps ไม่พบโฉนด,8760,10_30_2131,10,30,2131,กรุงเทพมหานคร,จตุจักร,2,ห้องชุด/คอนโด,,,83.63,"2053, 2131",7/11/2026 3:06
not_found,LandsMaps ไม่พบโฉนด,8761,10_27_1620,10,27,1620,กรุงเทพมหานคร,บึงกุ่ม,2,ห้องชุด/คอนโด,,,34.62,"1620,14634-37,14964,30338, 30340-41,30390,30685ฯ",7/11/2026 3:06
not_found,LandsMaps ไม่พบโฉนด,8761,10_27_14634,10,27,14634,กรุงเทพมหานคร,บึงกุ่ม,2,ห้องชุด/คอนโด,,,34.62,"1620,14634-37,14964,30338, 30340-41,30390,30685ฯ",7/11/2026 3:06
not_found,LandsMaps ไม่พบโฉนด,8761,10_27_14635,10,27,14635,กรุงเทพมหานคร,บึงกุ่ม,2,ห้องชุด/คอนโด,,,34.62,"1620,14634-37,14964,30338, 30340-41,30390,30685ฯ",7/11/2026 3:06
not_found,LandsMaps ไม่พบโฉนด,8761,10_27_14636,10,27,14636,กรุงเทพมหานคร,บึงกุ่ม,2,ห้องชุด/คอนโด,,,34.62,"1620,14634-37,14964,30338, 30340-41,30390,30685ฯ",7/11/2026 3:06
not_found,LandsMaps ไม่พบโฉนด,8761,10_27_14637,10,27,14637,กรุงเทพมหานคร,บึงกุ่ม,2,ห้องชุด/คอนโด,,,34.62,"1620,14634-37,14964,30338, 30340-41,30390,30685ฯ",7/11/2026 3:06
not_found,LandsMaps ไม่พบโฉนด,8761,10_27_14964,10,27,14964,กรุงเทพมหานคร,บึงกุ่ม,2,ห้องชุด/คอนโด,,,34.62,"1620,14634-37,14964,30338, 30340-41,30390,30685ฯ",7/11/2026 3:06
not_found,LandsMaps ไม่พบโฉนด,8761,10_27_30338,10,27,30338,กรุงเทพมหานคร,บึงกุ่ม,2,ห้องชุด/คอนโด,,,34.62,"1620,14634-37,14964,30338, 30340-41,30390,30685ฯ",7/11/2026 3:06
not_found,LandsMaps ไม่พบโฉนด,8761,10_27_30340,10,27,30340,กรุงเทพมหานคร,บึงกุ่ม,2,ห้องชุด/คอนโด,,,34.62,"1620,14634-37,14964,30338, 30340-41,30390,30685ฯ",7/11/2026 3:06
not_found,LandsMaps ไม่พบโฉนด,8761,10_27_30341,10,27,30341,กรุงเทพมหานคร,บึงกุ่ม,2,ห้องชุด/คอนโด,,,34.62,"1620,14634-37,14964,30338, 30340-41,30390,30685ฯ",7/11/2026 3:06
not_found,LandsMaps ไม่พบโฉนด,8761,10_27_30390,10,27,30390,กรุงเทพมหานคร,บึงกุ่ม,2,ห้องชุด/คอนโด,,,34.62,"1620,14634-37,14964,30338, 30340-41,30390,30685ฯ",7/11/2026 3:06
not_found,LandsMaps ไม่พบโฉนด,8761,10_27_30685,10,27,30685,กรุงเทพมหานคร,บึงกุ่ม,2,ห้องชุด/คอนโด,,,34.62,"1620,14634-37,14964,30338, 30340-41,30390,30685ฯ",7/11/2026 3:06
not_found,LandsMaps ไม่พบโฉนด,8762,10_27_21326,10,27,21326,กรุงเทพมหานคร,บึงกุ่ม,2,ห้องชุด/คอนโด,,,33.25,21326,7/11/2026 3:06
not_found,LandsMaps ไม่พบโฉนด,8763,10_27_26976,10,27,26976,กรุงเทพมหานคร,บึงกุ่ม,2,ห้องชุด/คอนโด,,,31.13,26976,7/11/2026 3:06
not_found,LandsMaps ไม่พบโฉนด,8764,10_06_253095,10,6,253095,กรุงเทพมหานคร,บางกะปิ,2,ห้องชุด/คอนโด,,,40.01,253095,7/11/2026 3:06
not_found,LandsMaps ไม่พบโฉนด,8765,10_05_184308,10,5,184308,กรุงเทพมหานคร,บางเขน,3,ที่ดิน+สิ่งปลูกสร้าง,,,16,184308,7/11/2026 3:06
not_found,LandsMaps ไม่พบโฉนด,8766,10_05_1666,10,5,1666,กรุงเทพมหานคร,บางเขน,2,ห้องชุด/คอนโด,,,34.18,1666,7/11/2026 3:06
not_found,LandsMaps ไม่พบโฉนด,8767,10_29_3084,10,29,3084,กรุงเทพมหานคร,บางซื่อ,2,ห้องชุด/คอนโด,,,29.1,"3084,44082-44085,100085,171619,100087,122000ฯ",7/11/2026 3:06
not_found,LandsMaps ไม่พบโฉนด,8767,10_29_44082,10,29,44082,กรุงเทพมหานคร,บางซื่อ,2,ห้องชุด/คอนโด,,,29.1,"3084,44082-44085,100085,171619,100087,122000ฯ",7/11/2026 3:06
not_found,LandsMaps ไม่พบโฉนด,8767,10_29_44083,10,29,44083,กรุงเทพมหานคร,บางซื่อ,2,ห้องชุด/คอนโด,,,29.1,"3084,44082-44085,100085,171619,100087,122000ฯ",7/11/2026 3:06
not_found,LandsMaps ไม่พบโฉนด,8767,10_29_44084,10,29,44084,กรุงเทพมหานคร,บางซื่อ,2,ห้องชุด/คอนโด,,,29.1,"3084,44082-44085,100085,171619,100087,122000ฯ",7/11/2026 3:06
not_found,LandsMaps ไม่พบโฉนด,8767,10_29_44085,10,29,44085,กรุงเทพมหานคร,บางซื่อ,2,ห้องชุด/คอนโด,,,29.1,"3084,44082-44085,100085,171619,100087,122000ฯ",7/11/2026 3:06
not_found,LandsMaps ไม่พบโฉนด,8767,10_29_100085,10,29,100085,กรุงเทพมหานคร,บางซื่อ,2,ห้องชุด/คอนโด,,,29.1,"3084,44082-44085,100085,171619,100087,122000ฯ",7/11/2026 3:06
not_found,LandsMaps ไม่พบโฉนด,8767,10_29_171619,10,29,171619,กรุงเทพมหานคร,บางซื่อ,2,ห้องชุด/คอนโด,,,29.1,"3084,44082-44085,100085,171619,100087,122000ฯ",7/11/2026 3:06
not_found,LandsMaps ไม่พบโฉนด,8767,10_29_100087,10,29,100087,กรุงเทพมหานคร,บางซื่อ,2,ห้องชุด/คอนโด,,,29.1,"3084,44082-44085,100085,171619,100087,122000ฯ",7/11/2026 3:06
not_found,LandsMaps ไม่พบโฉนด,8767,10_29_122000,10,29,122000,กรุงเทพมหานคร,บางซื่อ,2,ห้องชุด/คอนโด,,,29.1,"3084,44082-44085,100085,171619,100087,122000ฯ",7/11/2026 3:06
not_found,LandsMaps ไม่พบโฉนด,8768,10_27_21652,10,27,21652,กรุงเทพมหานคร,บึงกุ่ม,2,ห้องชุด/คอนโด,,,23.09,"2,165,221,653",7/11/2026 3:06
not_found,LandsMaps ไม่พบโฉนด,8768,10_27_21653,10,27,21653,กรุงเทพมหานคร,บึงกุ่ม,2,ห้องชุด/คอนโด,,,23.09,"2,165,221,653",7/11/2026 3:06
not_found,LandsMaps ไม่พบโฉนด,8769,10_06_245081,10,6,245081,กรุงเทพมหานคร,บางกะปิ,2,ห้องชุด/คอนโด,,,58.75,245081,7/11/2026 3:06
not_found,LandsMaps ไม่พบโฉนด,8770,10_05_53827,10,5,53827,กรุงเทพมหานคร,บางเขน(บางซื่อ),2,ห้องชุด/คอนโด,,,29.56,"53827, 12601, 12602",7/11/2026 3:06
not_found,LandsMaps ไม่พบโฉนด,8770,10_05_12601,10,5,12601,กรุงเทพมหานคร,บางเขน(บางซื่อ),2,ห้องชุด/คอนโด,,,29.56,"53827, 12601, 12602",7/11/2026 3:06
not_found,LandsMaps ไม่พบโฉนด,8770,10_05_12602,10,5,12602,กรุงเทพมหานคร,บางเขน(บางซื่อ),2,ห้องชุด/คอนโด,,,29.56,"53827, 12601, 12602",7/11/2026 3:06
not_found,LandsMaps ไม่พบโฉนด,8771,10_05_212009,10,5,212009,กรุงเทพมหานคร,บางเขน,2,ห้องชุด/คอนโด,,,23.26,212009,7/11/2026 3:06
not_found,LandsMaps ไม่พบโฉนด,8772,10_06_216664,10,6,216664,กรุงเทพมหานคร,บางกะปิ,2,ห้องชุด/คอนโด,,,28,216664,7/11/2026 3:06
not_found,LandsMaps ไม่พบโฉนด,8773,10_30_2033,10,30,2033,กรุงเทพมหานคร,จตุจักร,2,ห้องชุด/คอนโด,,,25.44,"2033, 2034",7/11/2026 3:06
not_found,LandsMaps ไม่พบโฉนด,8773,10_30_2034,10,30,2034,กรุงเทพมหานคร,จตุจักร,2,ห้องชุด/คอนโด,,,25.44,"2033, 2034",7/11/2026 3:06
not_found,LandsMaps ไม่พบโฉนด,8774,10_06_168856,10,6,168856,กรุงเทพมหานคร,บางกะปิ,3,ที่ดิน+สิ่งปลูกสร้าง,,2,11,168856,7/11/2026 3:06
not_found,LandsMaps ไม่พบโฉนด,8775,10_06_31527,10,6,31527,กรุงเทพมหานคร,บางกะปิ,2,ห้องชุด/คอนโด,,,35.85,"315,274,245,442,455",7/11/2026 3:06
not_found,LandsMaps ไม่พบโฉนด,8775,10_06_42454,10,6,42454,กรุงเทพมหานคร,บางกะปิ,2,ห้องชุด/คอนโด,,,35.85,"315,274,245,442,455",7/11/2026 3:06
not_found,LandsMaps ไม่พบโฉนด,8775,10_06_42455,10,6,42455,กรุงเทพมหานคร,บางกะปิ,2,ห้องชุด/คอนโด,,,35.85,"315,274,245,442,455",7/11/2026 3:06
not_found,LandsMaps ไม่พบโฉนด,8776,10_05_181281,10,5,181281,กรุงเทพมหานคร,บางเขน,2,ห้องชุด/คอนโด,,,40.05,"181281-181283,2392,159312-159314,2389, 2390,2393, 224325",7/11/2026 3:06
not_found,LandsMaps ไม่พบโฉนด,8776,10_05_181282,10,5,181282,กรุงเทพมหานคร,บางเขน,2,ห้องชุด/คอนโด,,,40.05,"181281-181283,2392,159312-159314,2389, 2390,2393, 224325",7/11/2026 3:06
not_found,LandsMaps ไม่พบโฉนด,8776,10_05_181283,10,5,181283,กรุงเทพมหานคร,บางเขน,2,ห้องชุด/คอนโด,,,40.05,"181281-181283,2392,159312-159314,2389, 2390,2393, 224325",7/11/2026 3:06
not_found,LandsMaps ไม่พบโฉนด,8776,10_05_2392,10,5,2392,กรุงเทพมหานคร,บางเขน,2,ห้องชุด/คอนโด,,,40.05,"181281-181283,2392,159312-159314,2389, 2390,2393, 224325",7/11/2026 3:06
not_found,LandsMaps ไม่พบโฉนด,8776,10_05_159312,10,5,159312,กรุงเทพมหานคร,บางเขน,2,ห้องชุด/คอนโด,,,40.05,"181281-181283,2392,159312-159314,2389, 2390,2393, 224325",7/11/2026 3:06
not_found,LandsMaps ไม่พบโฉนด,8776,10_05_159313,10,5,159313,กรุงเทพมหานคร,บางเขน,2,ห้องชุด/คอนโด,,,40.05,"181281-181283,2392,159312-159314,2389, 2390,2393, 224325",7/11/2026 3:07
not_found,LandsMaps ไม่พบโฉนด,8776,10_05_159314,10,5,159314,กรุงเทพมหานคร,บางเขน,2,ห้องชุด/คอนโด,,,40.05,"181281-181283,2392,159312-159314,2389, 2390,2393, 224325",7/11/2026 3:07
not_found,LandsMaps ไม่พบโฉนด,8776,10_05_2389,10,5,2389,กรุงเทพมหานคร,บางเขน,2,ห้องชุด/คอนโด,,,40.05,"181281-181283,2392,159312-159314,2389, 2390,2393, 224325",7/11/2026 3:07
not_found,LandsMaps ไม่พบโฉนด,8776,10_05_2390,10,5,2390,กรุงเทพมหานคร,บางเขน,2,ห้องชุด/คอนโด,,,40.05,"181281-181283,2392,159312-159314,2389, 2390,2393, 224325",7/11/2026 3:07
not_found,LandsMaps ไม่พบโฉนด,8776,10_05_2393,10,5,2393,กรุงเทพมหานคร,บางเขน,2,ห้องชุด/คอนโด,,,40.05,"181281-181283,2392,159312-159314,2389, 2390,2393, 224325",7/11/2026 3:07
not_found,LandsMaps ไม่พบโฉนด,8776,10_05_224325,10,5,224325,กรุงเทพมหานคร,บางเขน,2,ห้องชุด/คอนโด,,,40.05,"181281-181283,2392,159312-159314,2389, 2390,2393, 224325",7/11/2026 3:07
not_found,LandsMaps ไม่พบโฉนด,8777,10_06_180588,10,6,180588,กรุงเทพมหานคร,บางกะปิ,3,ที่ดิน+สิ่งปลูกสร้าง,,,17,180588,7/11/2026 3:07
not_found,LandsMaps ไม่พบโฉนด,8778,10_30_12042,10,30,12042,กรุงเทพมหานคร,จตุจักร,2,ห้องชุด/คอนโด,,,35.82,"12,042,120,431,204,400,000",7/11/2026 3:07
not_found,LandsMaps ไม่พบโฉนด,8778,10_30_12043,10,30,12043,กรุงเทพมหานคร,จตุจักร,2,ห้องชุด/คอนโด,,,35.82,"12,042,120,431,204,400,000",7/11/2026 3:07
not_found,LandsMaps ไม่พบโฉนด,8778,10_30_12044,10,30,12044,กรุงเทพมหานคร,จตุจักร,2,ห้องชุด/คอนโด,,,35.82,"12,042,120,431,204,400,000",7/11/2026 3:07
not_found,LandsMaps ไม่พบโฉนด,8778,10_30_12045,10,30,12045,กรุงเทพมหานคร,จตุจักร,2,ห้องชุด/คอนโด,,,35.82,"12,042,120,431,204,400,000",7/11/2026 3:07
not_found,LandsMaps ไม่พบโฉนด,8779,10_29_3344,10,29,3344,กรุงเทพมหานคร,บางซื่อ,2,ห้องชุด/คอนโด,,,26.32,3344,7/11/2026 3:07
not_found,LandsMaps ไม่พบโฉนด,8780,10_17_5266,10,17,5266,กรุงเทพมหานคร,ห้วยขวาง,2,ห้องชุด/คอนโด,,,59.72,5266,7/11/2026 3:07
not_found,LandsMaps ไม่พบโฉนด,8781,10_06_244972,10,6,244972,กรุงเทพมหานคร,บางกะปิ,2,ห้องชุด/คอนโด,,,58.22,244972,7/11/2026 3:07
not_found,LandsMaps ไม่พบโฉนด,8782,10_27_21652,10,27,21652,กรุงเทพมหานคร,บึงกุ่ม,2,ห้องชุด/คอนโด,,,26.67,"2,165,221,653",7/11/2026 3:07
not_found,LandsMaps ไม่พบโฉนด,8782,10_27_21653,10,27,21653,กรุงเทพมหานคร,บึงกุ่ม,2,ห้องชุด/คอนโด,,,26.67,"2,165,221,653",7/11/2026 3:07
not_found,LandsMaps ไม่พบโฉนด,8783,10_38_15225,10,38,15225,กรุงเทพมหานคร,ลาดพร้าว,3,ที่ดิน+สิ่งปลูกสร้าง,,,22.1,15225,7/11/2026 3:07
not_found,LandsMaps ไม่พบโฉนด,8784,10_27_27054,10,27,27054,กรุงเทพมหานคร,บึงกุ่ม,2,ห้องชุด/คอนโด,,,22.63,"270,542,779,927,800",7/11/2026 3:07
not_found,LandsMaps ไม่พบโฉนด,8784,10_27_27799,10,27,27799,กรุงเทพมหานคร,บึงกุ่ม,2,ห้องชุด/คอนโด,,,22.63,"270,542,779,927,800",7/11/2026 3:07
not_found,LandsMaps ไม่พบโฉนด,8784,10_27_27800,10,27,27800,กรุงเทพมหานคร,บึงกุ่ม,2,ห้องชุด/คอนโด,,,22.63,"270,542,779,927,800",7/11/2026 3:07
not_found,LandsMaps ไม่พบโฉนด,8785,10_06_240537,10,6,240537,กรุงเทพมหานคร,บางกะปิ,2,ห้องชุด/คอนโด,,,30.9,240537,7/11/2026 3:07
not_found,LandsMaps ไม่พบโฉนด,8786,10_05_163885,10,5,163885,กรุงเทพมหานคร,บางเขน,2,ห้องชุด/คอนโด,,,28.95,163885,7/11/2026 3:07
not_found,LandsMaps ไม่พบโฉนด,8787,10_05_28576,10,5,28576,กรุงเทพมหานคร,บางเขน(ตลาดขวัญ),2,ห้องชุด/คอนโด,,,36.39,"2,857,628,577",7/11/2026 3:07
not_found,LandsMaps ไม่พบโฉนด,8787,10_05_28577,10,5,28577,กรุงเทพมหานคร,บางเขน(ตลาดขวัญ),2,ห้องชุด/คอนโด,,,36.39,"2,857,628,577",7/11/2026 3:07
not_found,LandsMaps ไม่พบโฉนด,8788,10_42_36099,10,42,36099,กรุงเทพมหานคร,สายไหม,3,ที่ดิน+สิ่งปลูกสร้าง,,,18.1,36099,7/11/2026 3:07
not_found,LandsMaps ไม่พบโฉนด,8789,10_42_36100,10,42,36100,กรุงเทพมหานคร,สายไหม,3,ที่ดิน+สิ่งปลูกสร้าง,,,30.5,36100,7/11/2026 3:07
not_found,LandsMaps ไม่พบโฉนด,8790,10_30_12042,10,30,12042,กรุงเทพมหานคร,จตุจักร,2,ห้องชุด/คอนโด,,,36.87,"12,042,120,431,204,400,000",7/11/2026 3:07
not_found,LandsMaps ไม่พบโฉนด,8790,10_30_12043,10,30,12043,กรุงเทพมหานคร,จตุจักร,2,ห้องชุด/คอนโด,,,36.87,"12,042,120,431,204,400,000",7/11/2026 3:07
not_found,LandsMaps ไม่พบโฉนด,8790,10_30_12044,10,30,12044,กรุงเทพมหานคร,จตุจักร,2,ห้องชุด/คอนโด,,,36.87,"12,042,120,431,204,400,000",7/11/2026 3:07
not_found,LandsMaps ไม่พบโฉนด,8790,10_30_12045,10,30,12045,กรุงเทพมหานคร,จตุจักร,2,ห้องชุด/คอนโด,,,36.87,"12,042,120,431,204,400,000",7/11/2026 3:07
not_found,LandsMaps ไม่พบโฉนด,8791,10_45_5067,10,45,5067,กรุงเทพมหานคร,วังทองหลาง,2,ห้องชุด/คอนโด,,,23.09,5067,7/11/2026 3:07
not_found,LandsMaps ไม่พบโฉนด,8792,10_45_8120,10,45,8120,กรุงเทพมหานคร,วังทองหลาง,2,ห้องชุด/คอนโด,,,20.95,8120,7/11/2026 3:07
not_found,LandsMaps ไม่พบโฉนด,8793,10_06_192838,10,6,192838,กรุงเทพมหานคร,บางกะปิ,3,ที่ดิน+สิ่งปลูกสร้าง,,,15.9,192838,7/11/2026 3:07
not_found,LandsMaps ไม่พบโฉนด,8794,10_27_24645,10,27,24645,กรุงเทพมหานคร,บึงกุ่ม,3,ที่ดิน+สิ่งปลูกสร้าง,,,18.1,24645,7/11/2026 3:07
not_found,LandsMaps ไม่พบโฉนด,8795,10_17_713,10,17,713,กรุงเทพมหานคร,ห้วยขวาง,2,ห้องชุด/คอนโด,,,28.74,713,7/11/2026 3:07
not_found,LandsMaps ไม่พบโฉนด,8796,10_17_6752,10,17,6752,กรุงเทพมหานคร,ห้วยขวาง,2,ห้องชุด/คอนโด,,,30.29,"6,752,675,367,546,750",7/11/2026 3:07
not_found,LandsMaps ไม่พบโฉนด,8796,10_17_6753,10,17,6753,กรุงเทพมหานคร,ห้วยขวาง,2,ห้องชุด/คอนโด,,,30.29,"6,752,675,367,546,750",7/11/2026 3:07
not_found,LandsMaps ไม่พบโฉนด,8796,10_17_6754,10,17,6754,กรุงเทพมหานคร,ห้วยขวาง,2,ห้องชุด/คอนโด,,,30.29,"6,752,675,367,546,750",7/11/2026 3:07
not_found,LandsMaps ไม่พบโฉนด,8796,10_17_6755,10,17,6755,กรุงเทพมหานคร,ห้วยขวาง,2,ห้องชุด/คอนโด,,,30.29,"6,752,675,367,546,750",7/11/2026 3:07
not_found,LandsMaps ไม่พบโฉนด,8797,10_17_6752,10,17,6752,กรุงเทพมหานคร,ห้วยขวาง,2,ห้องชุด/คอนโด,,,31.2,"6,752,675,367,546,750",7/11/2026 3:07
not_found,LandsMaps ไม่พบโฉนด,8797,10_17_6753,10,17,6753,กรุงเทพมหานคร,ห้วยขวาง,2,ห้องชุด/คอนโด,,,31.2,"6,752,675,367,546,750",7/11/2026 3:07
not_found,LandsMaps ไม่พบโฉนด,8797,10_17_6754,10,17,6754,กรุงเทพมหานคร,ห้วยขวาง,2,ห้องชุด/คอนโด,,,31.2,"6,752,675,367,546,750",7/11/2026 3:07
not_found,LandsMaps ไม่พบโฉนด,8797,10_17_6755,10,17,6755,กรุงเทพมหานคร,ห้วยขวาง,2,ห้องชุด/คอนโด,,,31.2,"6,752,675,367,546,750",7/11/2026 3:07
not_found,LandsMaps ไม่พบโฉนด,8798,10_17_6752,10,17,6752,กรุงเทพมหานคร,ห้วยขวาง,2,ห้องชุด/คอนโด,,,32.6,"6,752,675,367,546,750",7/11/2026 3:07
not_found,LandsMaps ไม่พบโฉนด,8798,10_17_6753,10,17,6753,กรุงเทพมหานคร,ห้วยขวาง,2,ห้องชุด/คอนโด,,,32.6,"6,752,675,367,546,750",7/11/2026 3:07
not_found,LandsMaps ไม่พบโฉนด,8798,10_17_6754,10,17,6754,กรุงเทพมหานคร,ห้วยขวาง,2,ห้องชุด/คอนโด,,,32.6,"6,752,675,367,546,750",7/11/2026 3:07
not_found,LandsMaps ไม่พบโฉนด,8798,10_17_6755,10,17,6755,กรุงเทพมหานคร,ห้วยขวาง,2,ห้องชุด/คอนโด,,,32.6,"6,752,675,367,546,750",7/11/2026 3:07
not_found,LandsMaps ไม่พบโฉนด,8799,10_05_579,10,5,579,กรุงเทพมหานคร,บางเขน,2,ห้องชุด/คอนโด,,,25.39,"57,928,378,224,002,200,000,000,000,000,000",7/11/2026 3:07
not_found,LandsMaps ไม่พบโฉนด,8799,10_05_28378,10,5,28378,กรุงเทพมหานคร,บางเขน,2,ห้องชุด/คอนโด,,,25.39,"57,928,378,224,002,200,000,000,000,000,000",7/11/2026 3:07
not_found,LandsMaps ไม่พบโฉนด,8799,10_05_224002,10,5,224002,กรุงเทพมหานคร,บางเขน,2,ห้องชุด/คอนโด,,,25.39,"57,928,378,224,002,200,000,000,000,000,000",7/11/2026 3:07
not_found,LandsMaps ไม่พบโฉนด,8799,10_05_224003,10,5,224003,กรุงเทพมหานคร,บางเขน,2,ห้องชุด/คอนโด,,,25.39,"57,928,378,224,002,200,000,000,000,000,000",7/11/2026 3:07
not_found,LandsMaps ไม่พบโฉนด,8799,10_05_224004,10,5,224004,กรุงเทพมหานคร,บางเขน,2,ห้องชุด/คอนโด,,,25.39,"57,928,378,224,002,200,000,000,000,000,000",7/11/2026 3:07
not_found,LandsMaps ไม่พบโฉนด,8799,10_05_224005,10,5,224005,กรุงเทพมหานคร,บางเขน,2,ห้องชุด/คอนโด,,,25.39,"57,928,378,224,002,200,000,000,000,000,000",7/11/2026 3:07
not_found,LandsMaps ไม่พบโฉนด,8800,10_06_253095,10,6,253095,กรุงเทพมหานคร,บางกะปิ,2,ห้องชุด/คอนโด,,,40.18,253095,7/11/2026 3:07
not_found,LandsMaps ไม่พบโฉนด,8801,10_06_70976,10,6,70976,กรุงเทพมหานคร,บางกะปิ,2,ห้องชุด/คอนโด,,,24.39,70976,7/11/2026 3:07
not_found,LandsMaps ไม่พบโฉนด,8802,10_45_10309,10,45,10309,กรุงเทพมหานคร,วังทองหลาง,2,ห้องชุด/คอนโด,,,30.29,"1,030,910,310",7/11/2026 3:07
not_found,LandsMaps ไม่พบโฉนด,8802,10_45_10310,10,45,10310,กรุงเทพมหานคร,วังทองหลาง,2,ห้องชุด/คอนโด,,,30.29,"1,030,910,310",7/11/2026 3:07
not_found,LandsMaps ไม่พบโฉนด,8803,10_29_1223,10,29,1223,กรุงเทพมหานคร,บางซื่อ,2,ห้องชุด/คอนโด,,,31.39,1223,7/11/2026 3:07
not_found,LandsMaps ไม่พบโฉนด,8804,10_06_226689,10,6,226689,กรุงเทพมหานคร,บางกะปิ,2,ห้องชุด/คอนโด,,,26.25,"226689-226691,226695,227898,227903,227906",7/11/2026 3:07
not_found,LandsMaps ไม่พบโฉนด,8804,10_06_226690,10,6,226690,กรุงเทพมหานคร,บางกะปิ,2,ห้องชุด/คอนโด,,,26.25,"226689-226691,226695,227898,227903,227906",7/11/2026 3:07
not_found,LandsMaps ไม่พบโฉนด,8804,10_06_226691,10,6,226691,กรุงเทพมหานคร,บางกะปิ,2,ห้องชุด/คอนโด,,,26.25,"226689-226691,226695,227898,227903,227906",7/11/2026 3:07
not_found,LandsMaps ไม่พบโฉนด,8804,10_06_226695,10,6,226695,กรุงเทพมหานคร,บางกะปิ,2,ห้องชุด/คอนโด,,,26.25,"226689-226691,226695,227898,227903,227906",7/11/2026 3:07
not_found,LandsMaps ไม่พบโฉนด,8804,10_06_227898,10,6,227898,กรุงเทพมหานคร,บางกะปิ,2,ห้องชุด/คอนโด,,,26.25,"226689-226691,226695,227898,227903,227906",7/11/2026 3:07
not_found,LandsMaps ไม่พบโฉนด,8804,10_06_227903,10,6,227903,กรุงเทพมหานคร,บางกะปิ,2,ห้องชุด/คอนโด,,,26.25,"226689-226691,226695,227898,227903,227906",7/11/2026 3:07
not_found,LandsMaps ไม่พบโฉนด,8804,10_06_227906,10,6,227906,กรุงเทพมหานคร,บางกะปิ,2,ห้องชุด/คอนโด,,,26.25,"226689-226691,226695,227898,227903,227906",7/11/2026 3:07
not_found,LandsMaps ไม่พบโฉนด,8805,10_32_240316,10,32,240316,กรุงเทพมหานคร,ประเวศ,2,ห้องชุด/คอนโด,,,25.77,240316,7/11/2026 3:07
not_found,LandsMaps ไม่พบโฉนด,8806,10_36_9881,10,36,9881,กรุงเทพมหานคร,ดอนเมือง,2,ห้องชุด/คอนโด,,,30.55,9881,7/11/2026 3:07
not_found,LandsMaps ไม่พบโฉนด,8807,10_06_5804,10,6,5804,กรุงเทพมหานคร,บางกะปิ,2,ห้องชุด/คอนโด,,,28.29,5804,7/11/2026 3:07
not_found,LandsMaps ไม่พบโฉนด,8808,10_05_22081,10,5,22081,กรุงเทพมหานคร,บางเขน,2,ห้องชุด/คอนโด,,,31.43,"22,081,220,822,208,300,000",7/11/2026 3:07
not_found,LandsMaps ไม่พบโฉนด,8808,10_05_22082,10,5,22082,กรุงเทพมหานคร,บางเขน,2,ห้องชุด/คอนโด,,,31.43,"22,081,220,822,208,300,000",7/11/2026 3:07
not_found,LandsMaps ไม่พบโฉนด,8808,10_05_22083,10,5,22083,กรุงเทพมหานคร,บางเขน,2,ห้องชุด/คอนโด,,,31.43,"22,081,220,822,208,300,000",7/11/2026 3:07
not_found,LandsMaps ไม่พบโฉนด,8808,10_05_22084,10,5,22084,กรุงเทพมหานคร,บางเขน,2,ห้องชุด/คอนโด,,,31.43,"22,081,220,822,208,300,000",7/11/2026 3:07
not_found,LandsMaps ไม่พบโฉนด,8809,10_05_22081,10,5,22081,กรุงเทพมหานคร,บางเขน,2,ห้องชุด/คอนโด,,,31.23,"22,081,220,822,208,300,000",7/11/2026 3:07
not_found,LandsMaps ไม่พบโฉนด,8809,10_05_22082,10,5,22082,กรุงเทพมหานคร,บางเขน,2,ห้องชุด/คอนโด,,,31.23,"22,081,220,822,208,300,000",7/11/2026 3:07
not_found,LandsMaps ไม่พบโฉนด,8809,10_05_22083,10,5,22083,กรุงเทพมหานคร,บางเขน,2,ห้องชุด/คอนโด,,,31.23,"22,081,220,822,208,300,000",7/11/2026 3:07
not_found,LandsMaps ไม่พบโฉนด,8809,10_05_22084,10,5,22084,กรุงเทพมหานคร,บางเขน,2,ห้องชุด/คอนโด,,,31.23,"22,081,220,822,208,300,000",7/11/2026 3:07
not_found,LandsMaps ไม่พบโฉนด,8810,10_05_209791,10,5,209791,กรุงเทพมหานคร,บางเขน,2,ห้องชุด/คอนโด,,,33.01,"209,791,209,001,117,000,000,000",7/11/2026 3:07
not_found,LandsMaps ไม่พบโฉนด,8810,10_05_209001,10,5,209001,กรุงเทพมหานคร,บางเขน,2,ห้องชุด/คอนโด,,,33.01,"209,791,209,001,117,000,000,000",7/11/2026 3:07
not_found,LandsMaps ไม่พบโฉนด,8810,10_05_117850,10,5,117850,กรุงเทพมหานคร,บางเขน,2,ห้องชุด/คอนโด,,,33.01,"209,791,209,001,117,000,000,000",7/11/2026 3:07
not_found,LandsMaps ไม่พบโฉนด,8810,10_05_214060,10,5,214060,กรุงเทพมหานคร,บางเขน,2,ห้องชุด/คอนโด,,,33.01,"209,791,209,001,117,000,000,000",7/11/2026 3:07
not_found,LandsMaps ไม่พบโฉนด,8811,10_30_12545,10,30,12545,กรุงเทพมหานคร,จตุจักร,2,ห้องชุด/คอนโด,,,30,"125,451,263,112,993",7/11/2026 3:07
not_found,LandsMaps ไม่พบโฉนด,8811,10_30_12631,10,30,12631,กรุงเทพมหานคร,จตุจักร,2,ห้องชุด/คอนโด,,,30,"125,451,263,112,993",7/11/2026 3:07
not_found,LandsMaps ไม่พบโฉนด,8811,10_30_12993,10,30,12993,กรุงเทพมหานคร,จตุจักร,2,ห้องชุด/คอนโด,,,30,"125,451,263,112,993",7/11/2026 3:07
not_found,LandsMaps ไม่พบโฉนด,8812,10_30_12545,10,30,12545,กรุงเทพมหานคร,จตุจักร,2,ห้องชุด/คอนโด,,,30.27,"125,451,263,112,993",7/11/2026 3:07
not_found,LandsMaps ไม่พบโฉนด,8812,10_30_12631,10,30,12631,กรุงเทพมหานคร,จตุจักร,2,ห้องชุด/คอนโด,,,30.27,"125,451,263,112,993",7/11/2026 3:07
not_found,LandsMaps ไม่พบโฉนด,8812,10_30_12993,10,30,12993,กรุงเทพมหานคร,จตุจักร,2,ห้องชุด/คอนโด,,,30.27,"125,451,263,112,993",7/11/2026 3:07
not_found,LandsMaps ไม่พบโฉนด,8813,10_06_42456,10,6,42456,กรุงเทพมหานคร,บางกะปิ,2,ห้องชุด/คอนโด,,,35.85,"424,564,245,742,458",7/11/2026 3:07
not_found,LandsMaps ไม่พบโฉนด,8813,10_06_42457,10,6,42457,กรุงเทพมหานคร,บางกะปิ,2,ห้องชุด/คอนโด,,,35.85,"424,564,245,742,458",7/11/2026 3:07
not_found,LandsMaps ไม่พบโฉนด,8813,10_06_42458,10,6,42458,กรุงเทพมหานคร,บางกะปิ,2,ห้องชุด/คอนโด,,,35.85,"424,564,245,742,458",7/11/2026 3:08
not_found,LandsMaps ไม่พบโฉนด,8814,10_05_122100,10,5,122100,กรุงเทพมหานคร,บางเขน(ตลาดขวัญ),3,ที่ดิน+สิ่งปลูกสร้าง,,,16,122100,7/11/2026 3:08
not_found,LandsMaps ไม่พบโฉนด,8815,10_34_3018,10,34,3018,กรุงเทพมหานคร,สวนหลวง,2,ห้องชุด/คอนโด,,,31.32,3018,7/11/2026 3:08
not_found,LandsMaps ไม่พบโฉนด,8816,10_06_246967,10,6,246967,กรุงเทพมหานคร,บางกะปิ,2,ห้องชุด/คอนโด,,,25.9,"246,967,246,968",7/11/2026 3:08
not_found,LandsMaps ไม่พบโฉนด,8816,10_06_246968,10,6,246968,กรุงเทพมหานคร,บางกะปิ,2,ห้องชุด/คอนโด,,,25.9,"246,967,246,968",7/11/2026 3:08
not_found,LandsMaps ไม่พบโฉนด,8817,10_05_150816,10,5,150816,กรุงเทพมหานคร,บางเขน,3,ที่ดิน+สิ่งปลูกสร้าง,,,17,150816,7/11/2026 3:08
not_found,LandsMaps ไม่พบโฉนด,8818,10_06_20193,10,6,20193,กรุงเทพมหานคร,บางกะปิ,2,ห้องชุด/คอนโด,,,27,20193,7/11/2026 3:08
not_found,LandsMaps ไม่พบโฉนด,8819,10_30_3949,10,30,3949,กรุงเทพมหานคร,จตุจักร,3,ที่ดิน+สิ่งปลูกสร้าง,,,30.6,3949,7/11/2026 3:08
not_found,LandsMaps ไม่พบโฉนด,8820,10_06_93070,10,6,93070,กรุงเทพมหานคร,บางกะปิ,3,ที่ดิน+สิ่งปลูกสร้าง,,1,12,93070,7/11/2026 3:08
not_found,LandsMaps ไม่พบโฉนด,8821,10_05_122156,10,5,122156,กรุงเทพมหานคร,บางเขน,3,ที่ดิน+สิ่งปลูกสร้าง,,,18.3,122156,7/11/2026 3:08
not_found,LandsMaps ไม่พบโฉนด,8822,10_34_7724,10,34,7724,กรุงเทพมหานคร,สวนหลวง,3,ที่ดิน+สิ่งปลูกสร้าง,,,18,7724,7/11/2026 3:08
not_found,LandsMaps ไม่พบโฉนด,8823,10_21_74834,10,21,74834,กรุงเทพมหานคร,บางขุนเทียน,3,ที่ดิน+สิ่งปลูกสร้าง,,,34,74834,7/11/2026 3:08
not_found,LandsMaps ไม่พบโฉนด,8824,10_21_74835,10,21,74835,กรุงเทพมหานคร,บางขุนเทียน,3,ที่ดิน+สิ่งปลูกสร้าง,,,34,74835,7/11/2026 3:08
not_found,LandsMaps ไม่พบโฉนด,8825,10_05_214848,10,5,214848,กรุงเทพมหานคร,บางเขน,3,ที่ดิน+สิ่งปลูกสร้าง,,,20,214848,7/11/2026 3:08
not_found,LandsMaps ไม่พบโฉนด,8826,10_06_253095,10,6,253095,กรุงเทพมหานคร,บางกะปิ,2,ห้องชุด/คอนโด,,,40.34,253095,7/11/2026 3:08
not_found,LandsMaps ไม่พบโฉนด,8827,10_06_88110,10,6,88110,กรุงเทพมหานคร,บางกะปิ,2,ห้องชุด/คอนโด,,,26.25,"88,110,214,321,214,300,000,000",7/11/2026 3:08
not_found,LandsMaps ไม่พบโฉนด,8827,10_06_214321,10,6,214321,กรุงเทพมหานคร,บางกะปิ,2,ห้องชุด/คอนโด,,,26.25,"88,110,214,321,214,300,000,000",7/11/2026 3:08
not_found,LandsMaps ไม่พบโฉนด,8827,10_06_214322,10,6,214322,กรุงเทพมหานคร,บางกะปิ,2,ห้องชุด/คอนโด,,,26.25,"88,110,214,321,214,300,000,000",7/11/2026 3:08
not_found,LandsMaps ไม่พบโฉนด,8827,10_06_214323,10,6,214323,กรุงเทพมหานคร,บางกะปิ,2,ห้องชุด/คอนโด,,,26.25,"88,110,214,321,214,300,000,000",7/11/2026 3:08
not_found,LandsMaps ไม่พบโฉนด,8828,10_38_202,10,38,202,กรุงเทพมหานคร,ลาดพร้าว (บางกะปิ),2,ห้องชุด/คอนโด,,,30.48,202,7/11/2026 3:08
not_found,LandsMaps ไม่พบโฉนด,8829,10_06_245078,10,6,245078,กรุงเทพมหานคร,บางกะปิ,2,ห้องชุด/คอนโด,,,26,245078,7/11/2026 3:08
not_found,LandsMaps ไม่พบโฉนด,8830,10_36_6115,10,36,6115,กรุงเทพมหานคร,ดอนเมือง,2,ห้องชุด/คอนโด,,,26.09,"611,561,166,118",7/11/2026 3:08
not_found,LandsMaps ไม่พบโฉนด,8830,10_36_6116,10,36,6116,กรุงเทพมหานคร,ดอนเมือง,2,ห้องชุด/คอนโด,,,26.09,"611,561,166,118",7/11/2026 3:08
not_found,LandsMaps ไม่พบโฉนด,8830,10_36_6118,10,36,6118,กรุงเทพมหานคร,ดอนเมือง,2,ห้องชุด/คอนโด,,,26.09,"611,561,166,118",7/11/2026 3:08
not_found,LandsMaps ไม่พบโฉนด,8831,10_05_164394,10,5,164394,กรุงเทพมหานคร,บางเขน,2,ห้องชุด/คอนโด,,,25.87,164394,7/11/2026 3:08
not_found,LandsMaps ไม่พบโฉนด,8832,10_05_162630,10,5,162630,กรุงเทพมหานคร,บางเขน,2,ห้องชุด/คอนโด,,,20.68,162630,7/11/2026 3:08
not_found,LandsMaps ไม่พบโฉนด,8833,10_06_20230,10,6,20230,กรุงเทพมหานคร,บางกะปิ,2,ห้องชุด/คอนโด,,,31.52,"2,023,020,231",7/11/2026 3:08
not_found,LandsMaps ไม่พบโฉนด,8833,10_06_20231,10,6,20231,กรุงเทพมหานคร,บางกะปิ,2,ห้องชุด/คอนโด,,,31.52,"2,023,020,231",7/11/2026 3:08
not_found,LandsMaps ไม่พบโฉนด,8834,10_05_179989,10,5,179989,กรุงเทพมหานคร,บางเขน,2,ห้องชุด/คอนโด,,,47.74,179989,7/11/2026 3:08
not_found,LandsMaps ไม่พบโฉนด,8835,10_05_158148,10,5,158148,กรุงเทพมหานคร,บางเขน,2,ห้องชุด/คอนโด,,,24.5,"158,148,158,149",7/11/2026 3:08
not_found,LandsMaps ไม่พบโฉนด,8835,10_05_158149,10,5,158149,กรุงเทพมหานคร,บางเขน,2,ห้องชุด/คอนโด,,,24.5,"158,148,158,149",7/11/2026 3:08
not_found,LandsMaps ไม่พบโฉนด,8836,10_05_180273,10,5,180273,กรุงเทพมหานคร,บางเขน,2,ห้องชุด/คอนโด,,,25.19,180273,7/11/2026 3:08
not_found,LandsMaps ไม่พบโฉนด,8837,10_06_16934,10,6,16934,กรุงเทพมหานคร,บางกะปิ,2,ห้องชุด/คอนโด,,,29.25,16934,7/11/2026 3:08
not_found,LandsMaps ไม่พบโฉนด,8838,10_42_21850,10,42,21850,กรุงเทพมหานคร,สายไหม,3,ที่ดิน+สิ่งปลูกสร้าง,,,29,21850,7/11/2026 3:08
not_found,LandsMaps ไม่พบโฉนด,8839,10_26_2128,10,26,2128,กรุงเทพมหานคร,ดินแดง,2,ห้องชุด/คอนโด,,,33.65,"21,282,129,213,021,300,000,000,000,000,000,000,000",7/11/2026 3:08
not_found,LandsMaps ไม่พบโฉนด,8839,10_26_2129,10,26,2129,กรุงเทพมหานคร,ดินแดง,2,ห้องชุด/คอนโด,,,33.65,"21,282,129,213,021,300,000,000,000,000,000,000,000",7/11/2026 3:08
not_found,LandsMaps ไม่พบโฉนด,8839,10_26_2130,10,26,2130,กรุงเทพมหานคร,ดินแดง,2,ห้องชุด/คอนโด,,,33.65,"21,282,129,213,021,300,000,000,000,000,000,000,000",7/11/2026 3:08
not_found,LandsMaps ไม่พบโฉนด,8839,10_26_2131,10,26,2131,กรุงเทพมหานคร,ดินแดง,2,ห้องชุด/คอนโด,,,33.65,"21,282,129,213,021,300,000,000,000,000,000,000,000",7/11/2026 3:08
not_found,LandsMaps ไม่พบโฉนด,8839,10_26_2132,10,26,2132,กรุงเทพมหานคร,ดินแดง,2,ห้องชุด/คอนโด,,,33.65,"21,282,129,213,021,300,000,000,000,000,000,000,000",7/11/2026 3:08
not_found,LandsMaps ไม่พบโฉนด,8839,10_26_2133,10,26,2133,กรุงเทพมหานคร,ดินแดง,2,ห้องชุด/คอนโด,,,33.65,"21,282,129,213,021,300,000,000,000,000,000,000,000",7/11/2026 3:08
not_found,LandsMaps ไม่พบโฉนด,8839,10_26_2134,10,26,2134,กรุงเทพมหานคร,ดินแดง,2,ห้องชุด/คอนโด,,,33.65,"21,282,129,213,021,300,000,000,000,000,000,000,000",7/11/2026 3:08
not_found,LandsMaps ไม่พบโฉนด,8839,10_26_34654,10,26,34654,กรุงเทพมหานคร,ดินแดง,2,ห้องชุด/คอนโด,,,33.65,"21,282,129,213,021,300,000,000,000,000,000,000,000",7/11/2026 3:08
not_found,LandsMaps ไม่พบโฉนด,8839,10_26_45185,10,26,45185,กรุงเทพมหานคร,ดินแดง,2,ห้องชุด/คอนโด,,,33.65,"21,282,129,213,021,300,000,000,000,000,000,000,000",7/11/2026 3:08
not_found,LandsMaps ไม่พบโฉนด,8840,10_06_143403,10,6,143403,กรุงเทพมหานคร,บางกะปิ,3,ที่ดิน+สิ่งปลูกสร้าง,,,48,143403,7/11/2026 3:08
not_found,LandsMaps ไม่พบโฉนด,8841,10_17_104207,10,17,104207,กรุงเทพมหานคร,ห้วยขวาง,3,ที่ดิน+สิ่งปลูกสร้าง,,,14,104207,7/11/2026 3:08
not_found,LandsMaps ไม่พบโฉนด,8842,10_23_3384,10,23,3384,กรุงเทพมหานคร,หนองแขม,2,ห้องชุด/คอนโด,,,28.52,3384,7/11/2026 3:08
not_found,LandsMaps ไม่พบโฉนด,8843,10_06_246969,10,6,246969,กรุงเทพมหานคร,บางกะปิ,2,ห้องชุด/คอนโด,,,25.9,246969,7/11/2026 3:08
not_found,LandsMaps ไม่พบโฉนด,8844,10_05_127202,10,5,127202,กรุงเทพมหานคร,บางเขน,3,ที่ดิน+สิ่งปลูกสร้าง,,,23,127202,7/11/2026 3:08
not_found,LandsMaps ไม่พบโฉนด,8845,10_06_9417,10,6,9417,กรุงเทพมหานคร,บางกะปิ,2,ห้องชุด/คอนโด,,,39.35,"9417, 9418, 80435, 111516",7/11/2026 3:08
not_found,LandsMaps ไม่พบโฉนด,8845,10_06_9418,10,6,9418,กรุงเทพมหานคร,บางกะปิ,2,ห้องชุด/คอนโด,,,39.35,"9417, 9418, 80435, 111516",7/11/2026 3:08
not_found,LandsMaps ไม่พบโฉนด,8845,10_06_80435,10,6,80435,กรุงเทพมหานคร,บางกะปิ,2,ห้องชุด/คอนโด,,,39.35,"9417, 9418, 80435, 111516",7/11/2026 3:08
not_found,LandsMaps ไม่พบโฉนด,8845,10_06_111516,10,6,111516,กรุงเทพมหานคร,บางกะปิ,2,ห้องชุด/คอนโด,,,39.35,"9417, 9418, 80435, 111516",7/11/2026 3:08
not_found,LandsMaps ไม่พบโฉนด,8846,10_05_116446,10,5,116446,กรุงเทพมหานคร,บางเขน,3,ที่ดิน+สิ่งปลูกสร้าง,,,18.4,116446,7/11/2026 3:08
not_found,LandsMaps ไม่พบโฉนด,8847,10_09_1886,10,9,1886,กรุงเทพมหานคร,พระโขนง,2,ห้องชุด/คอนโด,,,23,1886,7/11/2026 3:08
not_found,LandsMaps ไม่พบโฉนด,8849,10_05_27864,10,5,27864,กรุงเทพมหานคร,บางเขน,3,ที่ดิน+สิ่งปลูกสร้าง,1,1,5,27864,7/11/2026 3:08
not_found,LandsMaps ไม่พบโฉนด,8850,10_24_40673,10,24,40673,กรุงเทพมหานคร,ราษฎร์บูรณะ,2,ห้องชุด/คอนโด,,,27.16,40673,7/11/2026 3:08
not_found,LandsMaps ไม่พบโฉนด,8853,10_05_103842,10,5,103842,กรุงเทพมหานคร,บางเขน,2,ห้องชุด/คอนโด,,,27.22,103842,7/11/2026 3:08
not_found,LandsMaps ไม่พบโฉนด,8854,10_36_6106,10,36,6106,กรุงเทพมหานคร,ดอนเมือง,2,ห้องชุด/คอนโด,,,26.09,"610,661,076,108",7/11/2026 3:08
not_found,LandsMaps ไม่พบโฉนด,8854,10_36_6107,10,36,6107,กรุงเทพมหานคร,ดอนเมือง,2,ห้องชุด/คอนโด,,,26.09,"610,661,076,108",7/11/2026 3:08
not_found,LandsMaps ไม่พบโฉนด,8854,10_36_6108,10,36,6108,กรุงเทพมหานคร,ดอนเมือง,2,ห้องชุด/คอนโด,,,26.09,"610,661,076,108",7/11/2026 3:08
not_found,LandsMaps ไม่พบโฉนด,8855,10_38_166812,10,38,166812,กรุงเทพมหานคร,ลาดพร้าว,3,ที่ดิน+สิ่งปลูกสร้าง,,,12.5,166812,7/11/2026 3:08
not_found,LandsMaps ไม่พบโฉนด,8856,10_06_166813,10,6,166813,กรุงเทพมหานคร,บางกะปิ,3,ที่ดิน+สิ่งปลูกสร้าง,,,20.8,166813,7/11/2026 3:08
not_found,LandsMaps ไม่พบโฉนด,8857,10_38_14993,10,38,14993,กรุงเทพมหานคร,ลาดพร้าว,3,ที่ดิน+สิ่งปลูกสร้าง,,,3.2,14993,7/11/2026 3:08
not_found,LandsMaps ไม่พบโฉนด,8858,10_38_14994,10,38,14994,กรุงเทพมหานคร,ลาดพร้าว,3,ที่ดิน+สิ่งปลูกสร้าง,,,2.2,14994,7/11/2026 3:08
not_found,LandsMaps ไม่พบโฉนด,8859,10_38_14995,10,38,14995,กรุงเทพมหานคร,ลาดพร้าว,3,ที่ดิน+สิ่งปลูกสร้าง,,,2,14995,7/11/2026 3:08
not_found,LandsMaps ไม่พบโฉนด,8860,10_38_14996,10,38,14996,กรุงเทพมหานคร,ลาดพร้าว,3,ที่ดิน+สิ่งปลูกสร้าง,,,1.6,14996,7/11/2026 3:08
not_found,LandsMaps ไม่พบโฉนด,8861,10_22_36056,10,22,36056,กรุงเทพมหานคร,ภาษีเจริญ,1,ที่ดินเปล่า,,,12,36056,7/11/2026 3:08
not_found,LandsMaps ไม่พบโฉนด,8862,10_22_36057,10,22,36057,กรุงเทพมหานคร,ภาษีเจริญ,1,ที่ดินเปล่า,,,12,36057,7/11/2026 3:08
not_found,LandsMaps ไม่พบโฉนด,8863,10_22_36058,10,22,36058,กรุงเทพมหานคร,ภาษีเจริญ,1,ที่ดินเปล่า,,,12,36058,7/11/2026 3:08
not_found,LandsMaps ไม่พบโฉนด,8864,10_06_196194,10,6,196194,กรุงเทพมหานคร,บางกะปิ,3,ที่ดิน+สิ่งปลูกสร้าง,,,22.5,196194,7/11/2026 3:08
not_found,LandsMaps ไม่พบโฉนด,8865,10_27_25442,10,27,25442,กรุงเทพมหานคร,บึงกุ่ม,3,ที่ดิน+สิ่งปลูกสร้าง,,,33.2,25442,7/11/2026 3:08
not_found,LandsMaps ไม่พบโฉนด,8866,10_27_25443,10,27,25443,กรุงเทพมหานคร,บึงกุ่ม,3,ที่ดิน+สิ่งปลูกสร้าง,,,24.2,25443,7/11/2026 3:08
not_found,LandsMaps ไม่พบโฉนด,8867,10_38_3144,10,38,3144,กรุงเทพมหานคร,ลาดพร้าว,2,ห้องชุด/คอนโด,,,27.76,3144,7/11/2026 3:08
not_found,LandsMaps ไม่พบโฉนด,8868,10_06_74569,10,6,74569,กรุงเทพมหานคร,บางกะปิ,2,ห้องชุด/คอนโด,,,24.32,74569 74570 74571,7/11/2026 3:08
not_found,LandsMaps ไม่พบโฉนด,8868,10_06_74570,10,6,74570,กรุงเทพมหานคร,บางกะปิ,2,ห้องชุด/คอนโด,,,24.32,74569 74570 74571,7/11/2026 3:08
not_found,LandsMaps ไม่พบโฉนด,8868,10_06_74571,10,6,74571,กรุงเทพมหานคร,บางกะปิ,2,ห้องชุด/คอนโด,,,24.32,74569 74570 74571,7/11/2026 3:08
not_found,LandsMaps ไม่พบโฉนด,8869,10_05_115137,10,5,115137,กรุงเทพมหานคร,บางเขน,3,ที่ดิน+สิ่งปลูกสร้าง,,,96,115137,7/11/2026 3:08
not_found,LandsMaps ไม่พบโฉนด,8870,10_23_1616,10,23,1616,กรุงเทพมหานคร,หนองแขม,2,ห้องชุด/คอนโด,,,53.39,1616,7/11/2026 3:08
not_found,LandsMaps ไม่พบโฉนด,8871,10_05_103842,10,5,103842,กรุงเทพมหานคร,บางเขน,2,ห้องชุด/คอนโด,,,27.22,103842,7/11/2026 3:08
not_found,LandsMaps ไม่พบโฉนด,8872,10_17_13350,10,17,13350,กรุงเทพมหานคร,ห้วยขวาง,2,ห้องชุด/คอนโด,,,30.75,13350,7/11/2026 3:08
not_found,LandsMaps ไม่พบโฉนด,8873,10_06_190692,10,6,190692,กรุงเทพมหานคร,บางกะปิ,3,ที่ดิน+สิ่งปลูกสร้าง,,,23,190692,7/11/2026 3:08
not_found,LandsMaps ไม่พบโฉนด,8874,10_06_58090,10,6,58090,กรุงเทพมหานคร,บางกะปิ,2,ห้องชุด/คอนโด,,,24.14,58090,7/11/2026 3:08
not_found,LandsMaps ไม่พบโฉนด,8875,10_06_2038,10,6,2038,กรุงเทพมหานคร,บางกะปิ,1,ที่ดินเปล่า,2,3,64,2038,7/11/2026 3:08
not_found,LandsMaps ไม่พบโฉนด,8876,10_06_226699,10,6,226699,กรุงเทพมหานคร,บางกะปิ,2,ห้องชุด/คอนโด,,,26.25,"226699, 226702,227889,227891",7/11/2026 3:08
not_found,LandsMaps ไม่พบโฉนด,8876,10_06_226702,10,6,226702,กรุงเทพมหานคร,บางกะปิ,2,ห้องชุด/คอนโด,,,26.25,"226699, 226702,227889,227891",7/11/2026 3:08
not_found,LandsMaps ไม่พบโฉนด,8876,10_06_227889,10,6,227889,กรุงเทพมหานคร,บางกะปิ,2,ห้องชุด/คอนโด,,,26.25,"226699, 226702,227889,227891",7/11/2026 3:08
not_found,LandsMaps ไม่พบโฉนด,8876,10_06_227891,10,6,227891,กรุงเทพมหานคร,บางกะปิ,2,ห้องชุด/คอนโด,,,26.25,"226699, 226702,227889,227891",7/11/2026 3:08
not_found,LandsMaps ไม่พบโฉนด,8877,10_06_38431,10,6,38431,กรุงเทพมหานคร,บางกะปิ,2,ห้องชุด/คอนโด,,,25.2,38431,7/11/2026 3:08
not_found,LandsMaps ไม่พบโฉนด,8878,10_05_158148,10,5,158148,กรุงเทพมหานคร,บางเขน,2,ห้องชุด/คอนโด,,,24.5,"158,148,158,149",7/11/2026 3:09
not_found,LandsMaps ไม่พบโฉนด,8878,10_05_158149,10,5,158149,กรุงเทพมหานคร,บางเขน,2,ห้องชุด/คอนโด,,,24.5,"158,148,158,149",7/11/2026 3:09
not_found,LandsMaps ไม่พบโฉนด,8879,10_06_154813,10,6,154813,กรุงเทพมหานคร,บางกะปิ,3,ที่ดิน+สิ่งปลูกสร้าง,,,28,154813,7/11/2026 3:09
not_found,LandsMaps ไม่พบโฉนด,8880,10_06_154814,10,6,154814,กรุงเทพมหานคร,บางกะปิ,3,ที่ดิน+สิ่งปลูกสร้าง,,,18,154814,7/11/2026 3:09
not_found,LandsMaps ไม่พบโฉนด,8881,10_06_154815,10,6,154815,กรุงเทพมหานคร,บางกะปิ,3,ที่ดิน+สิ่งปลูกสร้าง,,,18,154815,7/11/2026 3:09
not_found,LandsMaps ไม่พบโฉนด,8882,10_06_154816,10,6,154816,กรุงเทพมหานคร,บางกะปิ,3,ที่ดิน+สิ่งปลูกสร้าง,,,18,154816,7/11/2026 3:09
not_found,LandsMaps ไม่พบโฉนด,8883,10_06_154817,10,6,154817,กรุงเทพมหานคร,บางกะปิ,3,ที่ดิน+สิ่งปลูกสร้าง,,,18,154817,7/11/2026 3:09
not_found,LandsMaps ไม่พบโฉนด,8884,10_06_154818,10,6,154818,กรุงเทพมหานคร,บางกะปิ,3,ที่ดิน+สิ่งปลูกสร้าง,,,18,154818,7/11/2026 3:09
not_found,LandsMaps ไม่พบโฉนด,8885,10_06_154819,10,6,154819,กรุงเทพมหานคร,บางกะปิ,3,ที่ดิน+สิ่งปลูกสร้าง,,,18,154819,7/11/2026 3:09
not_found,LandsMaps ไม่พบโฉนด,8886,10_06_154820,10,6,154820,กรุงเทพมหานคร,บางกะปิ,3,ที่ดิน+สิ่งปลูกสร้าง,,,18,154820,7/11/2026 3:09
not_found,LandsMaps ไม่พบโฉนด,8887,10_06_154821,10,6,154821,กรุงเทพมหานคร,บางกะปิ,3,ที่ดิน+สิ่งปลูกสร้าง,,,18,154821,7/11/2026 3:09
not_found,LandsMaps ไม่พบโฉนด,8888,10_06_154833,10,6,154833,กรุงเทพมหานคร,บางกะปิ,3,ที่ดิน+สิ่งปลูกสร้าง,,,28,154833,7/11/2026 3:09
not_found,LandsMaps ไม่พบโฉนด,8889,10_06_154834,10,6,154834,กรุงเทพมหานคร,บางกะปิ,3,ที่ดิน+สิ่งปลูกสร้าง,,,18,154834,7/11/2026 3:09
not_found,LandsMaps ไม่พบโฉนด,8990,10_09_136090,10,9,136090,กรุงเทพมหานคร,พระโขนง,3,ที่ดิน+สิ่งปลูกสร้าง,,,56,136090,7/11/2026 3:09
not_found,LandsMaps ไม่พบโฉนด,8991,10_06_213172,10,6,213172,กรุงเทพมหานคร,บางกะปิ,3,ที่ดิน+สิ่งปลูกสร้าง,,,21,213172,7/11/2026 3:09
not_found,LandsMaps ไม่พบโฉนด,8993,10_05_110633,10,5,110633,กรุงเทพมหานคร,บางเขน,3,ที่ดิน+สิ่งปลูกสร้าง,,,42,110633,7/11/2026 3:09
not_found,LandsMaps ไม่พบโฉนด,8994,10_06_12622,10,6,12622,กรุงเทพมหานคร,บางกะปิ,2,ห้องชุด/คอนโด,,,24.34,12622,7/11/2026 3:09
not_found,LandsMaps ไม่พบโฉนด,8995,10_37_2584,10,37,2584,กรุงเทพมหานคร,ราชเทวี,3,ที่ดิน+สิ่งปลูกสร้าง,,,15,2584,7/11/2026 3:09
not_found,LandsMaps ไม่พบโฉนด,8996,10_37_2585,10,37,2585,กรุงเทพมหานคร,ราชเทวี,3,ที่ดิน+สิ่งปลูกสร้าง,,,15,2585,7/11/2026 3:09
not_found,LandsMaps ไม่พบโฉนด,8997,10_14_1599,10,14,1599,กรุงเทพมหานคร,พญาไท(ดุสิต),2,ห้องชุด/คอนโด,,,27.2,"15,991,600",7/11/2026 3:09
not_found,LandsMaps ไม่พบโฉนด,8997,10_14_1600,10,14,1600,กรุงเทพมหานคร,พญาไท(ดุสิต),2,ห้องชุด/คอนโด,,,27.2,"15,991,600",7/11/2026 3:09
not_found,LandsMaps ไม่พบโฉนด,8998,10_06_80482,10,6,80482,กรุงเทพมหานคร,บางกะปิ,3,ที่ดิน+สิ่งปลูกสร้าง,,,68,80482,7/11/2026 3:09
not_found,LandsMaps ไม่พบโฉนด,8999,10_06_158249,10,6,158249,กรุงเทพมหานคร,บางกะปิ,3,ที่ดิน+สิ่งปลูกสร้าง,,2,34,158249,7/11/2026 3:09
not_found,LandsMaps ไม่พบโฉนด,9000,10_09_14593,10,9,14593,กรุงเทพมหานคร,พระโขนง,3,ที่ดิน+สิ่งปลูกสร้าง,,1,74,14593,7/11/2026 3:09
not_found,LandsMaps ไม่พบโฉนด,9001,10_09_14594,10,9,14594,กรุงเทพมหานคร,พระโขนง,3,ที่ดิน+สิ่งปลูกสร้าง,,2,1,14594,7/11/2026 3:09
not_found,LandsMaps ไม่พบโฉนด,9002,10_09_14595,10,9,14595,กรุงเทพมหานคร,พระโขนง,3,ที่ดิน+สิ่งปลูกสร้าง,,2,6,14595,7/11/2026 3:09
not_found,LandsMaps ไม่พบโฉนด,9003,10_09_14602,10,9,14602,กรุงเทพมหานคร,พระโขนง,3,ที่ดิน+สิ่งปลูกสร้าง,,1,93,14602,7/11/2026 3:09
not_found,LandsMaps ไม่พบโฉนด,9004,10_09_14603,10,9,14603,กรุงเทพมหานคร,พระโขนง,3,ที่ดิน+สิ่งปลูกสร้าง,,1,92,14603,7/11/2026 3:09
not_found,LandsMaps ไม่พบโฉนด,9005,10_09_14604,10,9,14604,กรุงเทพมหานคร,พระโขนง,3,ที่ดิน+สิ่งปลูกสร้าง,,1,78,14604,7/11/2026 3:09
not_found,LandsMaps ไม่พบโฉนด,9006,10_36_3613,10,36,3613,กรุงเทพมหานคร,ดอนเมือง,3,ที่ดิน+สิ่งปลูกสร้าง,,1,,3613,7/11/2026 3:09
not_found,LandsMaps ไม่พบโฉนด,9007,10_05_1030,10,5,1030,กรุงเทพมหานคร,บางเขน(บางซื่อ),2,ห้องชุด/คอนโด,,,46.01,"103,014,907",7/11/2026 3:09
not_found,LandsMaps ไม่พบโฉนด,9007,10_05_14907,10,5,14907,กรุงเทพมหานคร,บางเขน(บางซื่อ),2,ห้องชุด/คอนโด,,,46.01,"103,014,907",7/11/2026 3:09
not_found,LandsMaps ไม่พบโฉนด,9008,10_36_37579,10,36,37579,กรุงเทพมหานคร,ดอนเมือง,1,ที่ดินเปล่า,,,60,37579 (51607),7/11/2026 3:09
not_found,LandsMaps ไม่พบโฉนด,9010,10_36_9514,10,36,9514,กรุงเทพมหานคร,ดอนเมือง,3,ที่ดิน+สิ่งปลูกสร้าง,,,36,9514,7/11/2026 3:09
not_found,LandsMaps ไม่พบโฉนด,9011,10_36_23868,10,36,23868,กรุงเทพมหานคร,ดอนเมือง,3,ที่ดิน+สิ่งปลูกสร้าง,,,21.2,23868,7/11/2026 3:09
not_found,LandsMaps ไม่พบโฉนด,9012,10_06_134146,10,6,134146,กรุงเทพมหานคร,บางกะปิ,3,ที่ดิน+สิ่งปลูกสร้าง,,,21.4,134146,7/11/2026 3:09
not_found,LandsMaps ไม่พบโฉนด,9013,10_27_22054,10,27,22054,กรุงเทพมหานคร,บึงกุ่ม,3,ที่ดิน+สิ่งปลูกสร้าง,,,31.7,22054,7/11/2026 3:09
not_found,LandsMaps ไม่พบโฉนด,9014,10_06_222040,10,6,222040,กรุงเทพมหานคร,บางกะปิ,3,ที่ดิน+สิ่งปลูกสร้าง,,,16,222040,7/11/2026 3:09
not_found,LandsMaps ไม่พบโฉนด,9015,10_29_2094,10,29,2094,กรุงเทพมหานคร,บางซื่อ,2,ห้องชุด/คอนโด,,,26.2,2094,7/11/2026 3:09
not_found,LandsMaps ไม่พบโฉนด,9016,10_26_1464,10,26,1464,กรุงเทพมหานคร,ดินแดง,2,ห้องชุด/คอนโด,,,29.69,1464,7/11/2026 3:09
not_found,LandsMaps ไม่พบโฉนด,9017,10_27_18485,10,27,18485,กรุงเทพมหานคร,บึงกุ่ม,2,ห้องชุด/คอนโด,,,23.02,18485,7/11/2026 3:09
not_found,LandsMaps ไม่พบโฉนด,9018,10_17_2786,10,17,2786,กรุงเทพมหานคร,ห้วยขวาง,2,ห้องชุด/คอนโด,,,28.34,"27,862,787,278,827,800,000,000,000,000,000,000,000,000,000",7/11/2026 3:09
not_found,LandsMaps ไม่พบโฉนด,9018,10_17_2787,10,17,2787,กรุงเทพมหานคร,ห้วยขวาง,2,ห้องชุด/คอนโด,,,28.34,"27,862,787,278,827,800,000,000,000,000,000,000,000,000,000",7/11/2026 3:09
not_found,LandsMaps ไม่พบโฉนด,9018,10_17_2788,10,17,2788,กรุงเทพมหานคร,ห้วยขวาง,2,ห้องชุด/คอนโด,,,28.34,"27,862,787,278,827,800,000,000,000,000,000,000,000,000,000",7/11/2026 3:09
not_found,LandsMaps ไม่พบโฉนด,9018,10_17_2789,10,17,2789,กรุงเทพมหานคร,ห้วยขวาง,2,ห้องชุด/คอนโด,,,28.34,"27,862,787,278,827,800,000,000,000,000,000,000,000,000,000",7/11/2026 3:09
not_found,LandsMaps ไม่พบโฉนด,9018,10_17_6219,10,17,6219,กรุงเทพมหานคร,ห้วยขวาง,2,ห้องชุด/คอนโด,,,28.34,"27,862,787,278,827,800,000,000,000,000,000,000,000,000,000",7/11/2026 3:09
not_found,LandsMaps ไม่พบโฉนด,9018,10_17_6220,10,17,6220,กรุงเทพมหานคร,ห้วยขวาง,2,ห้องชุด/คอนโด,,,28.34,"27,862,787,278,827,800,000,000,000,000,000,000,000,000,000",7/11/2026 3:09
not_found,LandsMaps ไม่พบโฉนด,9018,10_17_32636,10,17,32636,กรุงเทพมหานคร,ห้วยขวาง,2,ห้องชุด/คอนโด,,,28.34,"27,862,787,278,827,800,000,000,000,000,000,000,000,000,000",7/11/2026 3:09
not_found,LandsMaps ไม่พบโฉนด,9018,10_17_32637,10,17,32637,กรุงเทพมหานคร,ห้วยขวาง,2,ห้องชุด/คอนโด,,,28.34,"27,862,787,278,827,800,000,000,000,000,000,000,000,000,000",7/11/2026 3:09
not_found,LandsMaps ไม่พบโฉนด,9018,10_17_32638,10,17,32638,กรุงเทพมหานคร,ห้วยขวาง,2,ห้องชุด/คอนโด,,,28.34,"27,862,787,278,827,800,000,000,000,000,000,000,000,000,000",7/11/2026 3:09
not_found,LandsMaps ไม่พบโฉนด,9018,10_17_33869,10,17,33869,กรุงเทพมหานคร,ห้วยขวาง,2,ห้องชุด/คอนโด,,,28.34,"27,862,787,278,827,800,000,000,000,000,000,000,000,000,000",7/11/2026 3:09
not_found,LandsMaps ไม่พบโฉนด,9019,10_42_11862,10,42,11862,กรุงเทพมหานคร,สายไหม,3,ที่ดิน+สิ่งปลูกสร้าง,,,79.8,11862,7/11/2026 3:09
not_found,LandsMaps ไม่พบโฉนด,9020,10_30_13837,10,30,13837,กรุงเทพมหานคร,จตุจักร,2,ห้องชุด/คอนโด,,,30.82,"138,374,045,640,457,000,000,000,000,000",7/11/2026 3:09
not_found,LandsMaps ไม่พบโฉนด,9020,10_30_40456,10,30,40456,กรุงเทพมหานคร,จตุจักร,2,ห้องชุด/คอนโด,,,30.82,"138,374,045,640,457,000,000,000,000,000",7/11/2026 3:09
not_found,LandsMaps ไม่พบโฉนด,9020,10_30_40457,10,30,40457,กรุงเทพมหานคร,จตุจักร,2,ห้องชุด/คอนโด,,,30.82,"138,374,045,640,457,000,000,000,000,000",7/11/2026 3:09
not_found,LandsMaps ไม่พบโฉนด,9020,10_30_40458,10,30,40458,กรุงเทพมหานคร,จตุจักร,2,ห้องชุด/คอนโด,,,30.82,"138,374,045,640,457,000,000,000,000,000",7/11/2026 3:09
not_found,LandsMaps ไม่พบโฉนด,9020,10_30_40459,10,30,40459,กรุงเทพมหานคร,จตุจักร,2,ห้องชุด/คอนโด,,,30.82,"138,374,045,640,457,000,000,000,000,000",7/11/2026 3:09
not_found,LandsMaps ไม่พบโฉนด,9020,10_30_40460,10,30,40460,กรุงเทพมหานคร,จตุจักร,2,ห้องชุด/คอนโด,,,30.82,"138,374,045,640,457,000,000,000,000,000",7/11/2026 3:09
not_found,LandsMaps ไม่พบโฉนด,9021,10_06_34532,10,6,34532,กรุงเทพมหานคร,บางกะปิ,3,ที่ดิน+สิ่งปลูกสร้าง,,,16,34532,7/11/2026 3:09
not_found,LandsMaps ไม่พบโฉนด,9022,10_26_1464,10,26,1464,กรุงเทพมหานคร,ดินแดง,2,ห้องชุด/คอนโด,,,28.47,1464,7/11/2026 3:09
not_found,LandsMaps ไม่พบโฉนด,9023,10_27_28616,10,27,28616,กรุงเทพมหานคร,บึงกุ่ม,3,ที่ดิน+สิ่งปลูกสร้าง,,,22.6,28616,7/11/2026 3:09
not_found,LandsMaps ไม่พบโฉนด,9024,10_06_257397,10,6,257397,กรุงเทพมหานคร,บางกะปิ,3,ที่ดิน+สิ่งปลูกสร้าง,,,28,257397,7/11/2026 3:09
not_found,LandsMaps ไม่พบโฉนด,9025,10_26_5496,10,26,5496,กรุงเทพมหานคร,ดินแดง,2,ห้องชุด/คอนโด,,,23.41,"54,965,498,408,740,800,000,000,000,000,000",7/11/2026 3:09
not_found,LandsMaps ไม่พบโฉนด,9025,10_26_5498,10,26,5498,กรุงเทพมหานคร,ดินแดง,2,ห้องชุด/คอนโด,,,23.41,"54,965,498,408,740,800,000,000,000,000,000",7/11/2026 3:09
not_found,LandsMaps ไม่พบโฉนด,9025,10_26_4087,10,26,4087,กรุงเทพมหานคร,ดินแดง,2,ห้องชุด/คอนโด,,,23.41,"54,965,498,408,740,800,000,000,000,000,000",7/11/2026 3:09
not_found,LandsMaps ไม่พบโฉนด,9025,10_26_4089,10,26,4089,กรุงเทพมหานคร,ดินแดง,2,ห้องชุด/คอนโด,,,23.41,"54,965,498,408,740,800,000,000,000,000,000",7/11/2026 3:09
not_found,LandsMaps ไม่พบโฉนด,9025,10_26_4091,10,26,4091,กรุงเทพมหานคร,ดินแดง,2,ห้องชุด/คอนโด,,,23.41,"54,965,498,408,740,800,000,000,000,000,000",7/11/2026 3:09
not_found,LandsMaps ไม่พบโฉนด,9025,10_26_126614,10,26,126614,กรุงเทพมหานคร,ดินแดง,2,ห้องชุด/คอนโด,,,23.41,"54,965,498,408,740,800,000,000,000,000,000",7/11/2026 3:09
not_found,LandsMaps ไม่พบโฉนด,9025,10_26_126615,10,26,126615,กรุงเทพมหานคร,ดินแดง,2,ห้องชุด/คอนโด,,,23.41,"54,965,498,408,740,800,000,000,000,000,000",7/11/2026 3:09
not_found,LandsMaps ไม่พบโฉนด,9026,10_06_140675,10,6,140675,กรุงเทพมหานคร,บางกะปิ,3,ที่ดิน+สิ่งปลูกสร้าง,,,32,140675,7/11/2026 3:09
not_found,LandsMaps ไม่พบโฉนด,9027,10_05_123560,10,5,123560,กรุงเทพมหานคร,บางเขน(ตลาดขวัญ),3,ที่ดิน+สิ่งปลูกสร้าง,,,20.2,123560,7/11/2026 3:09
not_found,LandsMaps ไม่พบโฉนด,9028,10_30_13185,10,30,13185,กรุงเทพมหานคร,จตุจักร,2,ห้องชุด/คอนโด,,,28.6,"131,851,355,441,023,000,000,000,000,000,000,000,000,000,000",7/11/2026 3:09
not_found,LandsMaps ไม่พบโฉนด,9028,10_30_13554,10,30,13554,กรุงเทพมหานคร,จตุจักร,2,ห้องชุด/คอนโด,,,28.6,"131,851,355,441,023,000,000,000,000,000,000,000,000,000,000",7/11/2026 3:09
not_found,LandsMaps ไม่พบโฉนด,9028,10_30_41023,10,30,41023,กรุงเทพมหานคร,จตุจักร,2,ห้องชุด/คอนโด,,,28.6,"131,851,355,441,023,000,000,000,000,000,000,000,000,000,000",7/11/2026 3:09
not_found,LandsMaps ไม่พบโฉนด,9028,10_30_41024,10,30,41024,กรุงเทพมหานคร,จตุจักร,2,ห้องชุด/คอนโด,,,28.6,"131,851,355,441,023,000,000,000,000,000,000,000,000,000,000",7/11/2026 3:09
not_found,LandsMaps ไม่พบโฉนด,9028,10_30_41025,10,30,41025,กรุงเทพมหานคร,จตุจักร,2,ห้องชุด/คอนโด,,,28.6,"131,851,355,441,023,000,000,000,000,000,000,000,000,000,000",7/11/2026 3:09
not_found,LandsMaps ไม่พบโฉนด,9028,10_30_41026,10,30,41026,กรุงเทพมหานคร,จตุจักร,2,ห้องชุด/คอนโด,,,28.6,"131,851,355,441,023,000,000,000,000,000,000,000,000,000,000",7/11/2026 3:09
not_found,LandsMaps ไม่พบโฉนด,9028,10_30_41027,10,30,41027,กรุงเทพมหานคร,จตุจักร,2,ห้องชุด/คอนโด,,,28.6,"131,851,355,441,023,000,000,000,000,000,000,000,000,000,000",7/11/2026 3:09
not_found,LandsMaps ไม่พบโฉนด,9028,10_30_41028,10,30,41028,กรุงเทพมหานคร,จตุจักร,2,ห้องชุด/คอนโด,,,28.6,"131,851,355,441,023,000,000,000,000,000,000,000,000,000,000",7/11/2026 3:09
not_found,LandsMaps ไม่พบโฉนด,9028,10_30_41029,10,30,41029,กรุงเทพมหานคร,จตุจักร,2,ห้องชุด/คอนโด,,,28.6,"131,851,355,441,023,000,000,000,000,000,000,000,000,000,000",7/11/2026 3:09
not_found,LandsMaps ไม่พบโฉนด,9029,10_05_80983,10,5,80983,กรุงเทพมหานคร,บางเขน(บางซื่อ),3,ที่ดิน+สิ่งปลูกสร้าง,,1,13,80983,7/11/2026 3:09
not_found,LandsMaps ไม่พบโฉนด,9030,10_05_30040,10,5,30040,กรุงเทพมหานคร,บางเขน,3,ที่ดิน+สิ่งปลูกสร้าง,,,7,30040,7/11/2026 3:09
not_found,LandsMaps ไม่พบโฉนด,9031,10_05_30041,10,5,30041,กรุงเทพมหานคร,บางเขน,3,ที่ดิน+สิ่งปลูกสร้าง,,,6,30041,7/11/2026 3:09
not_found,LandsMaps ไม่พบโฉนด,9032,10_05_30046,10,5,30046,กรุงเทพมหานคร,บางเขน,3,ที่ดิน+สิ่งปลูกสร้าง,,,13,30046,7/11/2026 3:09
not_found,LandsMaps ไม่พบโฉนด,9033,10_05_30045,10,5,30045,กรุงเทพมหานคร,บางเขน,3,ที่ดิน+สิ่งปลูกสร้าง,,,14,30045,7/11/2026 3:09
not_found,LandsMaps ไม่พบโฉนด,9034,10_05_39990,10,5,39990,กรุงเทพมหานคร,บางเขน(บางซื่อ),2,ห้องชุด/คอนโด,,,31.27,"3,999,039,991,348,740,000,000,000",7/11/2026 3:09
not_found,LandsMaps ไม่พบโฉนด,9034,10_05_39991,10,5,39991,กรุงเทพมหานคร,บางเขน(บางซื่อ),2,ห้องชุด/คอนโด,,,31.27,"3,999,039,991,348,740,000,000,000",7/11/2026 3:09
not_found,LandsMaps ไม่พบโฉนด,9034,10_05_34874,10,5,34874,กรุงเทพมหานคร,บางเขน(บางซื่อ),2,ห้องชุด/คอนโด,,,31.27,"3,999,039,991,348,740,000,000,000",7/11/2026 3:09
not_found,LandsMaps ไม่พบโฉนด,9034,10_05_34875,10,5,34875,กรุงเทพมหานคร,บางเขน(บางซื่อ),2,ห้องชุด/คอนโด,,,31.27,"3,999,039,991,348,740,000,000,000",7/11/2026 3:10
not_found,LandsMaps ไม่พบโฉนด,9034,10_05_34876,10,5,34876,กรุงเทพมหานคร,บางเขน(บางซื่อ),2,ห้องชุด/คอนโด,,,31.27,"3,999,039,991,348,740,000,000,000",7/11/2026 3:10
not_found,LandsMaps ไม่พบโฉนด,9035,10_29_155213,10,29,155213,กรุงเทพมหานคร,บางซื่อ,2,ห้องชุด/คอนโด,,,27.68,155213,7/11/2026 3:10
not_found,LandsMaps ไม่พบโฉนด,9036,10_41_11758,10,41,11758,กรุงเทพมหานคร,หลักสี่,2,ห้องชุด/คอนโด,,,24.16,"11,758,117,591,176,000,000",7/11/2026 3:10
not_found,LandsMaps ไม่พบโฉนด,9036,10_41_11759,10,41,11759,กรุงเทพมหานคร,หลักสี่,2,ห้องชุด/คอนโด,,,24.16,"11,758,117,591,176,000,000",7/11/2026 3:10
not_found,LandsMaps ไม่พบโฉนด,9036,10_41_11760,10,41,11760,กรุงเทพมหานคร,หลักสี่,2,ห้องชุด/คอนโด,,,24.16,"11,758,117,591,176,000,000",7/11/2026 3:10
not_found,LandsMaps ไม่พบโฉนด,9036,10_41_11761,10,41,11761,กรุงเทพมหานคร,หลักสี่,2,ห้องชุด/คอนโด,,,24.16,"11,758,117,591,176,000,000",7/11/2026 3:10
not_found,LandsMaps ไม่พบโฉนด,9037,10_36_159758,10,36,159758,กรุงเทพมหานคร,ดอนเมือง(บางเขน),3,ที่ดิน+สิ่งปลูกสร้าง,,,24.6,159758,7/11/2026 3:10
not_found,LandsMaps ไม่พบโฉนด,9038,10_36_159759,10,36,159759,กรุงเทพมหานคร,ดอนเมือง(บางเขน),3,ที่ดิน+สิ่งปลูกสร้าง,,,24.9,159759,7/11/2026 3:10
not_found,LandsMaps ไม่พบโฉนด,9039,10_02_9758,10,2,9758,กรุงเทพมหานคร,ดุสิต(บางซื่อ),2,ห้องชุด/คอนโด,,,35.67,9758,7/11/2026 3:10
not_found,LandsMaps ไม่พบโฉนด,9040,10_02_9758,10,2,9758,กรุงเทพมหานคร,ดุสิต(บางซื่อ),2,ห้องชุด/คอนโด,,,35.67,9758,7/11/2026 3:10
not_found,LandsMaps ไม่พบโฉนด,9041,10_02_9758,10,2,9758,กรุงเทพมหานคร,ดุสิต(บางซื่อ),2,ห้องชุด/คอนโด,,,35.67,9758,7/11/2026 3:10
not_found,LandsMaps ไม่พบโฉนด,9042,10_02_9758,10,2,9758,กรุงเทพมหานคร,ดุสิต(บางซื่อ),2,ห้องชุด/คอนโด,,,35.67,9758,7/11/2026 3:10
not_found,LandsMaps ไม่พบโฉนด,9043,10_02_9758,10,2,9758,กรุงเทพมหานคร,ดุสิต(บางซื่อ),2,ห้องชุด/คอนโด,,,37.7,9758,7/11/2026 3:10
not_found,LandsMaps ไม่พบโฉนด,9044,10_02_9758,10,2,9758,กรุงเทพมหานคร,ดุสิต(บางซื่อ),2,ห้องชุด/คอนโด,,,37.87,9758,7/11/2026 3:10
not_found,LandsMaps ไม่พบโฉนด,9045,10_02_9758,10,2,9758,กรุงเทพมหานคร,ดุสิต(บางซื่อ),2,ห้องชุด/คอนโด,,,35.72,9758,7/11/2026 3:10
not_found,LandsMaps ไม่พบโฉนด,9046,10_02_9758,10,2,9758,กรุงเทพมหานคร,ดุสิต(บางซื่อ),2,ห้องชุด/คอนโด,,,35.72,9758,7/11/2026 3:10
not_found,LandsMaps ไม่พบโฉนด,9047,10_02_9758,10,2,9758,กรุงเทพมหานคร,ดุสิต(บางซื่อ),2,ห้องชุด/คอนโด,,,35.72,9758,7/11/2026 3:10
not_found,LandsMaps ไม่พบโฉนด,9048,10_27_18485,10,27,18485,กรุงเทพมหานคร,บึงกุ่ม,2,ห้องชุด/คอนโด,,,22.55,18485,7/11/2026 3:10
not_found,LandsMaps ไม่พบโฉนด,9049,10_27_68942,10,27,68942,กรุงเทพมหานคร,บึงกุ่ม,2,ห้องชุด/คอนโด,,,27.82,68942,7/11/2026 3:10
not_found,LandsMaps ไม่พบโฉนด,9050,10_36_131130,10,36,131130,กรุงเทพมหานคร,ดอนเมือง,2,ห้องชุด/คอนโด,,,26.09,131130,7/11/2026 3:10
not_found,LandsMaps ไม่พบโฉนด,9051,10_42_25208,10,42,25208,กรุงเทพมหานคร,สายไหม,2,ห้องชุด/คอนโด,,,31.85,"2,520,825,214",7/11/2026 3:10
not_found,LandsMaps ไม่พบโฉนด,9051,10_42_25214,10,42,25214,กรุงเทพมหานคร,สายไหม,2,ห้องชุด/คอนโด,,,31.85,"2,520,825,214",7/11/2026 3:10
not_found,LandsMaps ไม่พบโฉนด,9052,10_05_14585,10,5,14585,กรุงเทพมหานคร,บางเขน(ตลาดขวัญ),2,ห้องชุด/คอนโด,,,28.21,"14585,16314-16322,16325-16333,106386-7,106391-106415",7/11/2026 3:10
not_found,LandsMaps ไม่พบโฉนด,9052,10_05_16314,10,5,16314,กรุงเทพมหานคร,บางเขน(ตลาดขวัญ),2,ห้องชุด/คอนโด,,,28.21,"14585,16314-16322,16325-16333,106386-7,106391-106415",7/11/2026 3:10
not_found,LandsMaps ไม่พบโฉนด,9052,10_05_16315,10,5,16315,กรุงเทพมหานคร,บางเขน(ตลาดขวัญ),2,ห้องชุด/คอนโด,,,28.21,"14585,16314-16322,16325-16333,106386-7,106391-106415",7/11/2026 3:10
not_found,LandsMaps ไม่พบโฉนด,9052,10_05_16316,10,5,16316,กรุงเทพมหานคร,บางเขน(ตลาดขวัญ),2,ห้องชุด/คอนโด,,,28.21,"14585,16314-16322,16325-16333,106386-7,106391-106415",7/11/2026 3:10
not_found,LandsMaps ไม่พบโฉนด,9052,10_05_16317,10,5,16317,กรุงเทพมหานคร,บางเขน(ตลาดขวัญ),2,ห้องชุด/คอนโด,,,28.21,"14585,16314-16322,16325-16333,106386-7,106391-106415",7/11/2026 3:10
not_found,LandsMaps ไม่พบโฉนด,9052,10_05_16318,10,5,16318,กรุงเทพมหานคร,บางเขน(ตลาดขวัญ),2,ห้องชุด/คอนโด,,,28.21,"14585,16314-16322,16325-16333,106386-7,106391-106415",7/11/2026 3:10
not_found,LandsMaps ไม่พบโฉนด,9052,10_05_16319,10,5,16319,กรุงเทพมหานคร,บางเขน(ตลาดขวัญ),2,ห้องชุด/คอนโด,,,28.21,"14585,16314-16322,16325-16333,106386-7,106391-106415",7/11/2026 3:10
not_found,LandsMaps ไม่พบโฉนด,9052,10_05_16320,10,5,16320,กรุงเทพมหานคร,บางเขน(ตลาดขวัญ),2,ห้องชุด/คอนโด,,,28.21,"14585,16314-16322,16325-16333,106386-7,106391-106415",7/11/2026 3:10
not_found,LandsMaps ไม่พบโฉนด,9052,10_05_16321,10,5,16321,กรุงเทพมหานคร,บางเขน(ตลาดขวัญ),2,ห้องชุด/คอนโด,,,28.21,"14585,16314-16322,16325-16333,106386-7,106391-106415",7/11/2026 3:10
not_found,LandsMaps ไม่พบโฉนด,9052,10_05_16322,10,5,16322,กรุงเทพมหานคร,บางเขน(ตลาดขวัญ),2,ห้องชุด/คอนโด,,,28.21,"14585,16314-16322,16325-16333,106386-7,106391-106415",7/11/2026 3:10
not_found,LandsMaps ไม่พบโฉนด,9052,10_05_16325,10,5,16325,กรุงเทพมหานคร,บางเขน(ตลาดขวัญ),2,ห้องชุด/คอนโด,,,28.21,"14585,16314-16322,16325-16333,106386-7,106391-106415",7/11/2026 3:10
not_found,LandsMaps ไม่พบโฉนด,9052,10_05_16326,10,5,16326,กรุงเทพมหานคร,บางเขน(ตลาดขวัญ),2,ห้องชุด/คอนโด,,,28.21,"14585,16314-16322,16325-16333,106386-7,106391-106415",7/11/2026 3:10
not_found,LandsMaps ไม่พบโฉนด,9052,10_05_16327,10,5,16327,กรุงเทพมหานคร,บางเขน(ตลาดขวัญ),2,ห้องชุด/คอนโด,,,28.21,"14585,16314-16322,16325-16333,106386-7,106391-106415",7/11/2026 3:10
not_found,LandsMaps ไม่พบโฉนด,9052,10_05_16328,10,5,16328,กรุงเทพมหานคร,บางเขน(ตลาดขวัญ),2,ห้องชุด/คอนโด,,,28.21,"14585,16314-16322,16325-16333,106386-7,106391-106415",7/11/2026 3:10
not_found,LandsMaps ไม่พบโฉนด,9052,10_05_16329,10,5,16329,กรุงเทพมหานคร,บางเขน(ตลาดขวัญ),2,ห้องชุด/คอนโด,,,28.21,"14585,16314-16322,16325-16333,106386-7,106391-106415",7/11/2026 3:10
not_found,LandsMaps ไม่พบโฉนด,9052,10_05_16330,10,5,16330,กรุงเทพมหานคร,บางเขน(ตลาดขวัญ),2,ห้องชุด/คอนโด,,,28.21,"14585,16314-16322,16325-16333,106386-7,106391-106415",7/11/2026 3:10
not_found,LandsMaps ไม่พบโฉนด,9052,10_05_16331,10,5,16331,กรุงเทพมหานคร,บางเขน(ตลาดขวัญ),2,ห้องชุด/คอนโด,,,28.21,"14585,16314-16322,16325-16333,106386-7,106391-106415",7/11/2026 3:10
not_found,LandsMaps ไม่พบโฉนด,9052,10_05_16332,10,5,16332,กรุงเทพมหานคร,บางเขน(ตลาดขวัญ),2,ห้องชุด/คอนโด,,,28.21,"14585,16314-16322,16325-16333,106386-7,106391-106415",7/11/2026 3:10
not_found,LandsMaps ไม่พบโฉนด,9052,10_05_16333,10,5,16333,กรุงเทพมหานคร,บางเขน(ตลาดขวัญ),2,ห้องชุด/คอนโด,,,28.21,"14585,16314-16322,16325-16333,106386-7,106391-106415",7/11/2026 3:10
not_found,LandsMaps ไม่พบโฉนด,9052,10_05_106386,10,5,106386,กรุงเทพมหานคร,บางเขน(ตลาดขวัญ),2,ห้องชุด/คอนโด,,,28.21,"14585,16314-16322,16325-16333,106386-7,106391-106415",7/11/2026 3:10
not_found,LandsMaps ไม่พบโฉนด,9052,10_05_106387,10,5,106387,กรุงเทพมหานคร,บางเขน(ตลาดขวัญ),2,ห้องชุด/คอนโด,,,28.21,"14585,16314-16322,16325-16333,106386-7,106391-106415",7/11/2026 3:10
not_found,LandsMaps ไม่พบโฉนด,9052,10_05_106391,10,5,106391,กรุงเทพมหานคร,บางเขน(ตลาดขวัญ),2,ห้องชุด/คอนโด,,,28.21,"14585,16314-16322,16325-16333,106386-7,106391-106415",7/11/2026 3:10
not_found,LandsMaps ไม่พบโฉนด,9052,10_05_106392,10,5,106392,กรุงเทพมหานคร,บางเขน(ตลาดขวัญ),2,ห้องชุด/คอนโด,,,28.21,"14585,16314-16322,16325-16333,106386-7,106391-106415",7/11/2026 3:10
not_found,LandsMaps ไม่พบโฉนด,9052,10_05_106393,10,5,106393,กรุงเทพมหานคร,บางเขน(ตลาดขวัญ),2,ห้องชุด/คอนโด,,,28.21,"14585,16314-16322,16325-16333,106386-7,106391-106415",7/11/2026 3:10
not_found,LandsMaps ไม่พบโฉนด,9052,10_05_106394,10,5,106394,กรุงเทพมหานคร,บางเขน(ตลาดขวัญ),2,ห้องชุด/คอนโด,,,28.21,"14585,16314-16322,16325-16333,106386-7,106391-106415",7/11/2026 3:10
not_found,LandsMaps ไม่พบโฉนด,9052,10_05_106395,10,5,106395,กรุงเทพมหานคร,บางเขน(ตลาดขวัญ),2,ห้องชุด/คอนโด,,,28.21,"14585,16314-16322,16325-16333,106386-7,106391-106415",7/11/2026 3:10
not_found,LandsMaps ไม่พบโฉนด,9052,10_05_106396,10,5,106396,กรุงเทพมหานคร,บางเขน(ตลาดขวัญ),2,ห้องชุด/คอนโด,,,28.21,"14585,16314-16322,16325-16333,106386-7,106391-106415",7/11/2026 3:10
not_found,LandsMaps ไม่พบโฉนด,9052,10_05_106397,10,5,106397,กรุงเทพมหานคร,บางเขน(ตลาดขวัญ),2,ห้องชุด/คอนโด,,,28.21,"14585,16314-16322,16325-16333,106386-7,106391-106415",7/11/2026 3:10
not_found,LandsMaps ไม่พบโฉนด,9052,10_05_106398,10,5,106398,กรุงเทพมหานคร,บางเขน(ตลาดขวัญ),2,ห้องชุด/คอนโด,,,28.21,"14585,16314-16322,16325-16333,106386-7,106391-106415",7/11/2026 3:10
not_found,LandsMaps ไม่พบโฉนด,9052,10_05_106399,10,5,106399,กรุงเทพมหานคร,บางเขน(ตลาดขวัญ),2,ห้องชุด/คอนโด,,,28.21,"14585,16314-16322,16325-16333,106386-7,106391-106415",7/11/2026 3:10
not_found,LandsMaps ไม่พบโฉนด,9052,10_05_106400,10,5,106400,กรุงเทพมหานคร,บางเขน(ตลาดขวัญ),2,ห้องชุด/คอนโด,,,28.21,"14585,16314-16322,16325-16333,106386-7,106391-106415",7/11/2026 3:10
not_found,LandsMaps ไม่พบโฉนด,9052,10_05_106401,10,5,106401,กรุงเทพมหานคร,บางเขน(ตลาดขวัญ),2,ห้องชุด/คอนโด,,,28.21,"14585,16314-16322,16325-16333,106386-7,106391-106415",7/11/2026 3:10
not_found,LandsMaps ไม่พบโฉนด,9052,10_05_106402,10,5,106402,กรุงเทพมหานคร,บางเขน(ตลาดขวัญ),2,ห้องชุด/คอนโด,,,28.21,"14585,16314-16322,16325-16333,106386-7,106391-106415",7/11/2026 3:10
not_found,LandsMaps ไม่พบโฉนด,9052,10_05_106403,10,5,106403,กรุงเทพมหานคร,บางเขน(ตลาดขวัญ),2,ห้องชุด/คอนโด,,,28.21,"14585,16314-16322,16325-16333,106386-7,106391-106415",7/11/2026 3:10
not_found,LandsMaps ไม่พบโฉนด,9052,10_05_106404,10,5,106404,กรุงเทพมหานคร,บางเขน(ตลาดขวัญ),2,ห้องชุด/คอนโด,,,28.21,"14585,16314-16322,16325-16333,106386-7,106391-106415",7/11/2026 3:10
not_found,LandsMaps ไม่พบโฉนด,9052,10_05_106405,10,5,106405,กรุงเทพมหานคร,บางเขน(ตลาดขวัญ),2,ห้องชุด/คอนโด,,,28.21,"14585,16314-16322,16325-16333,106386-7,106391-106415",7/11/2026 3:10
not_found,LandsMaps ไม่พบโฉนด,9052,10_05_106406,10,5,106406,กรุงเทพมหานคร,บางเขน(ตลาดขวัญ),2,ห้องชุด/คอนโด,,,28.21,"14585,16314-16322,16325-16333,106386-7,106391-106415",7/11/2026 3:10
not_found,LandsMaps ไม่พบโฉนด,9052,10_05_106407,10,5,106407,กรุงเทพมหานคร,บางเขน(ตลาดขวัญ),2,ห้องชุด/คอนโด,,,28.21,"14585,16314-16322,16325-16333,106386-7,106391-106415",7/11/2026 3:10
not_found,LandsMaps ไม่พบโฉนด,9052,10_05_106408,10,5,106408,กรุงเทพมหานคร,บางเขน(ตลาดขวัญ),2,ห้องชุด/คอนโด,,,28.21,"14585,16314-16322,16325-16333,106386-7,106391-106415",7/11/2026 3:10
not_found,LandsMaps ไม่พบโฉนด,9052,10_05_106409,10,5,106409,กรุงเทพมหานคร,บางเขน(ตลาดขวัญ),2,ห้องชุด/คอนโด,,,28.21,"14585,16314-16322,16325-16333,106386-7,106391-106415",7/11/2026 3:10
not_found,LandsMaps ไม่พบโฉนด,9052,10_05_106410,10,5,106410,กรุงเทพมหานคร,บางเขน(ตลาดขวัญ),2,ห้องชุด/คอนโด,,,28.21,"14585,16314-16322,16325-16333,106386-7,106391-106415",7/11/2026 3:10
not_found,LandsMaps ไม่พบโฉนด,9052,10_05_106411,10,5,106411,กรุงเทพมหานคร,บางเขน(ตลาดขวัญ),2,ห้องชุด/คอนโด,,,28.21,"14585,16314-16322,16325-16333,106386-7,106391-106415",7/11/2026 3:10
not_found,LandsMaps ไม่พบโฉนด,9052,10_05_106412,10,5,106412,กรุงเทพมหานคร,บางเขน(ตลาดขวัญ),2,ห้องชุด/คอนโด,,,28.21,"14585,16314-16322,16325-16333,106386-7,106391-106415",7/11/2026 3:10
not_found,LandsMaps ไม่พบโฉนด,9052,10_05_106413,10,5,106413,กรุงเทพมหานคร,บางเขน(ตลาดขวัญ),2,ห้องชุด/คอนโด,,,28.21,"14585,16314-16322,16325-16333,106386-7,106391-106415",7/11/2026 3:10
not_found,LandsMaps ไม่พบโฉนด,9052,10_05_106414,10,5,106414,กรุงเทพมหานคร,บางเขน(ตลาดขวัญ),2,ห้องชุด/คอนโด,,,28.21,"14585,16314-16322,16325-16333,106386-7,106391-106415",7/11/2026 3:10
not_found,LandsMaps ไม่พบโฉนด,9052,10_05_106415,10,5,106415,กรุงเทพมหานคร,บางเขน(ตลาดขวัญ),2,ห้องชุด/คอนโด,,,28.21,"14585,16314-16322,16325-16333,106386-7,106391-106415",7/11/2026 3:10
not_found,LandsMaps ไม่พบโฉนด,9054,10_42_3651,10,42,3651,กรุงเทพมหานคร,สายไหม,3,ที่ดิน+สิ่งปลูกสร้าง,,,50.8,3651,7/11/2026 3:10
not_found,LandsMaps ไม่พบโฉนด,9055,10_38_15238,10,38,15238,กรุงเทพมหานคร,ลาดพร้าว,3,ที่ดิน+สิ่งปลูกสร้าง,,,22.1,15238,7/11/2026 3:10
not_found,LandsMaps ไม่พบโฉนด,9056,10_38_1879,10,38,1879,กรุงเทพมหานคร,ลาดพร้าว,2,ห้องชุด/คอนโด,,,24.8,1879,7/11/2026 3:10
not_found,LandsMaps ไม่พบโฉนด,9058,10_14_140303,10,14,140303,กรุงเทพมหานคร,พญาไท (บางซื่อ),3,ที่ดิน+สิ่งปลูกสร้าง,,,30.7,140303,7/11/2026 3:10
not_found,LandsMaps ไม่พบโฉนด,9059,10_30_4797,10,30,4797,กรุงเทพมหานคร,จตุจักร,2,ห้องชุด/คอนโด,,,28.36,"479,747,984,799",7/11/2026 3:10
not_found,LandsMaps ไม่พบโฉนด,9059,10_30_4798,10,30,4798,กรุงเทพมหานคร,จตุจักร,2,ห้องชุด/คอนโด,,,28.36,"479,747,984,799",7/11/2026 3:10
not_found,LandsMaps ไม่พบโฉนด,9059,10_30_4799,10,30,4799,กรุงเทพมหานคร,จตุจักร,2,ห้องชุด/คอนโด,,,28.36,"479,747,984,799",7/11/2026 3:10
not_found,LandsMaps ไม่พบโฉนด,9060,10_38_201,10,38,201,กรุงเทพมหานคร,ลาดพร้าว (บางกะปิ),2,ห้องชุด/คอนโด,,,30.48,201,7/11/2026 3:10
not_found,LandsMaps ไม่พบโฉนด,9061,10_14_1592,10,14,1592,กรุงเทพมหานคร,พญาไท(ดุสิต),2,ห้องชุด/คอนโด,,,26.77,"1,592,279,345,711,050,000,000",7/11/2026 3:10
not_found,LandsMaps ไม่พบโฉนด,9061,10_14_2793,10,14,2793,กรุงเทพมหานคร,พญาไท(ดุสิต),2,ห้องชุด/คอนโด,,,26.77,"1,592,279,345,711,050,000,000",7/11/2026 3:10
not_found,LandsMaps ไม่พบโฉนด,9061,10_14_4571,10,14,4571,กรุงเทพมหานคร,พญาไท(ดุสิต),2,ห้องชุด/คอนโด,,,26.77,"1,592,279,345,711,050,000,000",7/11/2026 3:10
not_found,LandsMaps ไม่พบโฉนด,9061,10_14_10545,10,14,10545,กรุงเทพมหานคร,พญาไท(ดุสิต),2,ห้องชุด/คอนโด,,,26.77,"1,592,279,345,711,050,000,000",7/11/2026 3:10
not_found,LandsMaps ไม่พบโฉนด,9061,10_14_14872,10,14,14872,กรุงเทพมหานคร,พญาไท(ดุสิต),2,ห้องชุด/คอนโด,,,26.77,"1,592,279,345,711,050,000,000",7/11/2026 3:10
not_found,LandsMaps ไม่พบโฉนด,9062,10_06_173926,10,6,173926,กรุงเทพมหานคร,บางกะปิ,3,ที่ดิน+สิ่งปลูกสร้าง,,,18,173926,7/11/2026 3:10
not_found,LandsMaps ไม่พบโฉนด,9063,10_06_80855,10,6,80855,กรุงเทพมหานคร,บางกะปิ,2,ห้องชุด/คอนโด,,,40.08,80855,7/11/2026 3:10
not_found,LandsMaps ไม่พบโฉนด,9064,10_38_7334,10,38,7334,กรุงเทพมหานคร,ลาดพร้าว,3,ที่ดิน+สิ่งปลูกสร้าง,,,21.2,7334,7/11/2026 3:10
not_found,LandsMaps ไม่พบโฉนด,9065,10_38_40011,10,38,40011,กรุงเทพมหานคร,ลาดพร้าว(บางกะปิ),2,ห้องชุด/คอนโด,,,34.62,"4,001,140,012",7/11/2026 3:10
not_found,LandsMaps ไม่พบโฉนด,9065,10_38_40012,10,38,40012,กรุงเทพมหานคร,ลาดพร้าว(บางกะปิ),2,ห้องชุด/คอนโด,,,34.62,"4,001,140,012",7/11/2026 3:10
not_found,LandsMaps ไม่พบโฉนด,9066,10_05_41490,10,5,41490,กรุงเทพมหานคร,บางเขน (ตลาดขวัญ),3,ที่ดิน+สิ่งปลูกสร้าง,,1,16,41490,7/11/2026 3:11
not_found,LandsMaps ไม่พบโฉนด,9067,10_36_9879,10,36,9879,กรุงเทพมหานคร,ดอนเมือง,2,ห้องชุด/คอนโด,,,30.55,9879,7/11/2026 3:11
not_found,LandsMaps ไม่พบโฉนด,9068,10_27_30172,10,27,30172,กรุงเทพมหานคร,บึงกุ่ม,2,ห้องชุด/คอนโด,,,22.35,"3,017,230,173",7/11/2026 3:11
not_found,LandsMaps ไม่พบโฉนด,9068,10_27_30173,10,27,30173,กรุงเทพมหานคร,บึงกุ่ม,2,ห้องชุด/คอนโด,,,22.35,"3,017,230,173",7/11/2026 3:11
not_found,LandsMaps ไม่พบโฉนด,9070,10_05_14585,10,5,14585,กรุงเทพมหานคร,บางเขน,2,ห้องชุด/คอนโด,,,28.82,"14585,16314-16322,16324-16333,106386-106387 ฯ",7/11/2026 3:11
not_found,LandsMaps ไม่พบโฉนด,9070,10_05_16314,10,5,16314,กรุงเทพมหานคร,บางเขน,2,ห้องชุด/คอนโด,,,28.82,"14585,16314-16322,16324-16333,106386-106387 ฯ",7/11/2026 3:11
not_found,LandsMaps ไม่พบโฉนด,9070,10_05_16315,10,5,16315,กรุงเทพมหานคร,บางเขน,2,ห้องชุด/คอนโด,,,28.82,"14585,16314-16322,16324-16333,106386-106387 ฯ",7/11/2026 3:11
not_found,LandsMaps ไม่พบโฉนด,9070,10_05_16316,10,5,16316,กรุงเทพมหานคร,บางเขน,2,ห้องชุด/คอนโด,,,28.82,"14585,16314-16322,16324-16333,106386-106387 ฯ",7/11/2026 3:11
not_found,LandsMaps ไม่พบโฉนด,9070,10_05_16317,10,5,16317,กรุงเทพมหานคร,บางเขน,2,ห้องชุด/คอนโด,,,28.82,"14585,16314-16322,16324-16333,106386-106387 ฯ",7/11/2026 3:11
not_found,LandsMaps ไม่พบโฉนด,9070,10_05_16318,10,5,16318,กรุงเทพมหานคร,บางเขน,2,ห้องชุด/คอนโด,,,28.82,"14585,16314-16322,16324-16333,106386-106387 ฯ",7/11/2026 3:11
not_found,LandsMaps ไม่พบโฉนด,9070,10_05_16319,10,5,16319,กรุงเทพมหานคร,บางเขน,2,ห้องชุด/คอนโด,,,28.82,"14585,16314-16322,16324-16333,106386-106387 ฯ",7/11/2026 3:11
not_found,LandsMaps ไม่พบโฉนด,9070,10_05_16320,10,5,16320,กรุงเทพมหานคร,บางเขน,2,ห้องชุด/คอนโด,,,28.82,"14585,16314-16322,16324-16333,106386-106387 ฯ",7/11/2026 3:11
not_found,LandsMaps ไม่พบโฉนด,9070,10_05_16321,10,5,16321,กรุงเทพมหานคร,บางเขน,2,ห้องชุด/คอนโด,,,28.82,"14585,16314-16322,16324-16333,106386-106387 ฯ",7/11/2026 3:11
not_found,LandsMaps ไม่พบโฉนด,9070,10_05_16322,10,5,16322,กรุงเทพมหานคร,บางเขน,2,ห้องชุด/คอนโด,,,28.82,"14585,16314-16322,16324-16333,106386-106387 ฯ",7/11/2026 3:11
not_found,LandsMaps ไม่พบโฉนด,9070,10_05_16324,10,5,16324,กรุงเทพมหานคร,บางเขน,2,ห้องชุด/คอนโด,,,28.82,"14585,16314-16322,16324-16333,106386-106387 ฯ",7/11/2026 3:11
not_found,LandsMaps ไม่พบโฉนด,9070,10_05_16325,10,5,16325,กรุงเทพมหานคร,บางเขน,2,ห้องชุด/คอนโด,,,28.82,"14585,16314-16322,16324-16333,106386-106387 ฯ",7/11/2026 3:11
not_found,LandsMaps ไม่พบโฉนด,9070,10_05_16326,10,5,16326,กรุงเทพมหานคร,บางเขน,2,ห้องชุด/คอนโด,,,28.82,"14585,16314-16322,16324-16333,106386-106387 ฯ",7/11/2026 3:11
not_found,LandsMaps ไม่พบโฉนด,9070,10_05_16327,10,5,16327,กรุงเทพมหานคร,บางเขน,2,ห้องชุด/คอนโด,,,28.82,"14585,16314-16322,16324-16333,106386-106387 ฯ",7/11/2026 3:11
not_found,LandsMaps ไม่พบโฉนด,9070,10_05_16328,10,5,16328,กรุงเทพมหานคร,บางเขน,2,ห้องชุด/คอนโด,,,28.82,"14585,16314-16322,16324-16333,106386-106387 ฯ",7/11/2026 3:11
not_found,LandsMaps ไม่พบโฉนด,9070,10_05_16329,10,5,16329,กรุงเทพมหานคร,บางเขน,2,ห้องชุด/คอนโด,,,28.82,"14585,16314-16322,16324-16333,106386-106387 ฯ",7/11/2026 3:11
not_found,LandsMaps ไม่พบโฉนด,9070,10_05_16330,10,5,16330,กรุงเทพมหานคร,บางเขน,2,ห้องชุด/คอนโด,,,28.82,"14585,16314-16322,16324-16333,106386-106387 ฯ",7/11/2026 3:11
not_found,LandsMaps ไม่พบโฉนด,9070,10_05_16331,10,5,16331,กรุงเทพมหานคร,บางเขน,2,ห้องชุด/คอนโด,,,28.82,"14585,16314-16322,16324-16333,106386-106387 ฯ",7/11/2026 3:11
not_found,LandsMaps ไม่พบโฉนด,9070,10_05_16332,10,5,16332,กรุงเทพมหานคร,บางเขน,2,ห้องชุด/คอนโด,,,28.82,"14585,16314-16322,16324-16333,106386-106387 ฯ",7/11/2026 3:11
not_found,LandsMaps ไม่พบโฉนด,9070,10_05_16333,10,5,16333,กรุงเทพมหานคร,บางเขน,2,ห้องชุด/คอนโด,,,28.82,"14585,16314-16322,16324-16333,106386-106387 ฯ",7/11/2026 3:11
not_found,LandsMaps ไม่พบโฉนด,9070,10_05_106386,10,5,106386,กรุงเทพมหานคร,บางเขน,2,ห้องชุด/คอนโด,,,28.82,"14585,16314-16322,16324-16333,106386-106387 ฯ",7/11/2026 3:11
not_found,LandsMaps ไม่พบโฉนด,9070,10_05_106387,10,5,106387,กรุงเทพมหานคร,บางเขน,2,ห้องชุด/คอนโด,,,28.82,"14585,16314-16322,16324-16333,106386-106387 ฯ",7/11/2026 3:11
not_found,LandsMaps ไม่พบโฉนด,9071,10_42_12615,10,42,12615,กรุงเทพมหานคร,สายไหม,3,ที่ดิน+สิ่งปลูกสร้าง,,,28.1,12615,7/11/2026 3:11
not_found,LandsMaps ไม่พบโฉนด,9072,10_05_122503,10,5,122503,กรุงเทพมหานคร,บางเขน,3,ที่ดิน+สิ่งปลูกสร้าง,,,15.5,122503,7/11/2026 3:11
not_found,LandsMaps ไม่พบโฉนด,9073,10_05_122504,10,5,122504,กรุงเทพมหานคร,บางเขน,3,ที่ดิน+สิ่งปลูกสร้าง,,,15.5,122504,7/11/2026 3:11
not_found,LandsMaps ไม่พบโฉนด,9075,10_06_10515,10,6,10515,กรุงเทพมหานคร,บางกะปิ,2,ห้องชุด/คอนโด,,,36.95,10515,7/11/2026 3:11
not_found,LandsMaps ไม่พบโฉนด,9076,10_29_3344,10,29,3344,กรุงเทพมหานคร,บางซื่อ,2,ห้องชุด/คอนโด,,,22.11,3344,7/11/2026 3:11
not_found,LandsMaps ไม่พบโฉนด,9077,10_30_40396,10,30,40396,กรุงเทพมหานคร,จตุจักร,2,ห้องชุด/คอนโด,,,33.76,"40396, 40349, 83776",7/11/2026 3:11
not_found,LandsMaps ไม่พบโฉนด,9077,10_30_40349,10,30,40349,กรุงเทพมหานคร,จตุจักร,2,ห้องชุด/คอนโด,,,33.76,"40396, 40349, 83776",7/11/2026 3:11
not_found,LandsMaps ไม่พบโฉนด,9077,10_30_83776,10,30,83776,กรุงเทพมหานคร,จตุจักร,2,ห้องชุด/คอนโด,,,33.76,"40396, 40349, 83776",7/11/2026 3:11
not_found,LandsMaps ไม่พบโฉนด,9078,10_45_8120,10,45,8120,กรุงเทพมหานคร,วังทองหลาง,2,ห้องชุด/คอนโด,,,20.71,8120,7/11/2026 3:11
not_found,LandsMaps ไม่พบโฉนด,9079,10_30_2765,10,30,2765,กรุงเทพมหานคร,จตุจักร,2,ห้องชุด/คอนโด,,,27.21,"2765, 38017",7/11/2026 3:11
not_found,LandsMaps ไม่พบโฉนด,9079,10_30_38017,10,30,38017,กรุงเทพมหานคร,จตุจักร,2,ห้องชุด/คอนโด,,,27.21,"2765, 38017",7/11/2026 3:11
not_found,LandsMaps ไม่พบโฉนด,9080,10_05_1058,10,5,1058,กรุงเทพมหานคร,บางเขน,2,ห้องชุด/คอนโด,,,64.19,"10,583,560,835,609",7/11/2026 3:11
not_found,LandsMaps ไม่พบโฉนด,9080,10_05_35608,10,5,35608,กรุงเทพมหานคร,บางเขน,2,ห้องชุด/คอนโด,,,64.19,"10,583,560,835,609",7/11/2026 3:11
not_found,LandsMaps ไม่พบโฉนด,9080,10_05_35609,10,5,35609,กรุงเทพมหานคร,บางเขน,2,ห้องชุด/คอนโด,,,64.19,"10,583,560,835,609",7/11/2026 3:11
not_found,LandsMaps ไม่พบโฉนด,9081,10_41_11824,10,41,11824,กรุงเทพมหานคร,หลักสี่,2,ห้องชุด/คอนโด,,,34.76,11824,7/11/2026 3:11
not_found,LandsMaps ไม่พบโฉนด,9082,10_17_3311,10,17,3311,กรุงเทพมหานคร,ห้วยขวาง,2,ห้องชุด/คอนโด,,,25.68,"33,114,991",7/11/2026 3:11
not_found,LandsMaps ไม่พบโฉนด,9082,10_17_4991,10,17,4991,กรุงเทพมหานคร,ห้วยขวาง,2,ห้องชุด/คอนโด,,,25.68,"33,114,991",7/11/2026 3:11
not_found,LandsMaps ไม่พบโฉนด,9083,10_23_56200,10,23,56200,กรุงเทพมหานคร,หนองแขม,2,ห้องชุด/คอนโด,,,29.92,"562,006,221,262,213",7/11/2026 3:11
not_found,LandsMaps ไม่พบโฉนด,9083,10_23_62212,10,23,62212,กรุงเทพมหานคร,หนองแขม,2,ห้องชุด/คอนโด,,,29.92,"562,006,221,262,213",7/11/2026 3:11
not_found,LandsMaps ไม่พบโฉนด,9083,10_23_62213,10,23,62213,กรุงเทพมหานคร,หนองแขม,2,ห้องชุด/คอนโด,,,29.92,"562,006,221,262,213",7/11/2026 3:11
not_found,LandsMaps ไม่พบโฉนด,9084,10_27_12274,10,27,12274,กรุงเทพมหานคร,บึงกุ่ม,3,ที่ดิน+สิ่งปลูกสร้าง,,,28,12274,7/11/2026 3:11
not_found,LandsMaps ไม่พบโฉนด,9086,10_06_228140,10,6,228140,กรุงเทพมหานคร,บางกะปิ,2,ห้องชุด/คอนโด,,,36.9,"228140,  228141, 157710",7/11/2026 3:11
not_found,LandsMaps ไม่พบโฉนด,9086,10_06_228141,10,6,228141,กรุงเทพมหานคร,บางกะปิ,2,ห้องชุด/คอนโด,,,36.9,"228140,  228141, 157710",7/11/2026 3:11
not_found,LandsMaps ไม่พบโฉนด,9086,10_06_157710,10,6,157710,กรุงเทพมหานคร,บางกะปิ,2,ห้องชุด/คอนโด,,,36.9,"228140,  228141, 157710",7/11/2026 3:11
not_found,LandsMaps ไม่พบโฉนด,9087,10_17_2497,10,17,2497,กรุงเทพมหานคร,ห้วยขวาง,2,ห้องชุด/คอนโด,,,25.82,"2497, 2498, 2499, 2503",7/11/2026 3:11
not_found,LandsMaps ไม่พบโฉนด,9087,10_17_2498,10,17,2498,กรุงเทพมหานคร,ห้วยขวาง,2,ห้องชุด/คอนโด,,,25.82,"2497, 2498, 2499, 2503",7/11/2026 3:11
not_found,LandsMaps ไม่พบโฉนด,9087,10_17_2499,10,17,2499,กรุงเทพมหานคร,ห้วยขวาง,2,ห้องชุด/คอนโด,,,25.82,"2497, 2498, 2499, 2503",7/11/2026 3:11
not_found,LandsMaps ไม่พบโฉนด,9087,10_17_2503,10,17,2503,กรุงเทพมหานคร,ห้วยขวาง,2,ห้องชุด/คอนโด,,,25.82,"2497, 2498, 2499, 2503",7/11/2026 3:11
not_found,LandsMaps ไม่พบโฉนด,9088,10_06_1991,10,6,1991,กรุงเทพมหานคร,บางกะปิ,2,ห้องชุด/คอนโด,,,30.51,1991,7/11/2026 3:11
not_found,LandsMaps ไม่พบโฉนด,9089,10_30_1999,10,30,1999,กรุงเทพมหานคร,จตุจักร,2,ห้องชุด/คอนโด,,,32.06,"199,920,241,453,414,000",7/11/2026 3:11
not_found,LandsMaps ไม่พบโฉนด,9089,10_30_2024,10,30,2024,กรุงเทพมหานคร,จตุจักร,2,ห้องชุด/คอนโด,,,32.06,"199,920,241,453,414,000",7/11/2026 3:11
not_found,LandsMaps ไม่พบโฉนด,9089,10_30_14534,10,30,14534,กรุงเทพมหานคร,จตุจักร,2,ห้องชุด/คอนโด,,,32.06,"199,920,241,453,414,000",7/11/2026 3:11
not_found,LandsMaps ไม่พบโฉนด,9089,10_30_14535,10,30,14535,กรุงเทพมหานคร,จตุจักร,2,ห้องชุด/คอนโด,,,32.06,"199,920,241,453,414,000",7/11/2026 3:11
not_found,LandsMaps ไม่พบโฉนด,9090,10_06_253080,10,6,253080,กรุงเทพมหานคร,บางกะปิ,2,ห้องชุด/คอนโด,,,43.58,253080,7/11/2026 3:11
not_found,LandsMaps ไม่พบโฉนด,9091,10_27_21340,10,27,21340,กรุงเทพมหานคร,บึงกุ่ม,2,ห้องชุด/คอนโด,,,33.25,21340,7/11/2026 3:11
not_found,LandsMaps ไม่พบโฉนด,9092,10_42_36449,10,42,36449,กรุงเทพมหานคร,สายไหม,2,ห้องชุด/คอนโด,,,37.31,"364,493,645,036,451,000,000,000,000,000,000,000,000,000,000",7/11/2026 3:11
not_found,LandsMaps ไม่พบโฉนด,9092,10_42_36450,10,42,36450,กรุงเทพมหานคร,สายไหม,2,ห้องชุด/คอนโด,,,37.31,"364,493,645,036,451,000,000,000,000,000,000,000,000,000,000",7/11/2026 3:11
not_found,LandsMaps ไม่พบโฉนด,9092,10_42_36451,10,42,36451,กรุงเทพมหานคร,สายไหม,2,ห้องชุด/คอนโด,,,37.31,"364,493,645,036,451,000,000,000,000,000,000,000,000,000,000",7/11/2026 3:11
not_found,LandsMaps ไม่พบโฉนด,9092,10_42_36452,10,42,36452,กรุงเทพมหานคร,สายไหม,2,ห้องชุด/คอนโด,,,37.31,"364,493,645,036,451,000,000,000,000,000,000,000,000,000,000",7/11/2026 3:11
not_found,LandsMaps ไม่พบโฉนด,9092,10_42_36453,10,42,36453,กรุงเทพมหานคร,สายไหม,2,ห้องชุด/คอนโด,,,37.31,"364,493,645,036,451,000,000,000,000,000,000,000,000,000,000",7/11/2026 3:11
not_found,LandsMaps ไม่พบโฉนด,9092,10_42_36454,10,42,36454,กรุงเทพมหานคร,สายไหม,2,ห้องชุด/คอนโด,,,37.31,"364,493,645,036,451,000,000,000,000,000,000,000,000,000,000",7/11/2026 3:11
not_found,LandsMaps ไม่พบโฉนด,9092,10_42_36455,10,42,36455,กรุงเทพมหานคร,สายไหม,2,ห้องชุด/คอนโด,,,37.31,"364,493,645,036,451,000,000,000,000,000,000,000,000,000,000",7/11/2026 3:11
not_found,LandsMaps ไม่พบโฉนด,9092,10_42_36456,10,42,36456,กรุงเทพมหานคร,สายไหม,2,ห้องชุด/คอนโด,,,37.31,"364,493,645,036,451,000,000,000,000,000,000,000,000,000,000",7/11/2026 3:11
not_found,LandsMaps ไม่พบโฉนด,9092,10_42_36457,10,42,36457,กรุงเทพมหานคร,สายไหม,2,ห้องชุด/คอนโด,,,37.31,"364,493,645,036,451,000,000,000,000,000,000,000,000,000,000",7/11/2026 3:11
not_found,LandsMaps ไม่พบโฉนด,9093,10_27_27054,10,27,27054,กรุงเทพมหานคร,บึงกุ่ม,2,ห้องชุด/คอนโด,,,26.27,"270,542,779,927,800",7/11/2026 3:11
not_found,LandsMaps ไม่พบโฉนด,9093,10_27_27799,10,27,27799,กรุงเทพมหานคร,บึงกุ่ม,2,ห้องชุด/คอนโด,,,26.27,"270,542,779,927,800",7/11/2026 3:11
not_found,LandsMaps ไม่พบโฉนด,9093,10_27_27800,10,27,27800,กรุงเทพมหานคร,บึงกุ่ม,2,ห้องชุด/คอนโด,,,26.27,"270,542,779,927,800",7/11/2026 3:11
not_found,LandsMaps ไม่พบโฉนด,9094,10_27_27054,10,27,27054,กรุงเทพมหานคร,บึงกุ่ม,2,ห้องชุด/คอนโด,,,26.27,"270,542,779,927,800",7/11/2026 3:11
not_found,LandsMaps ไม่พบโฉนด,9094,10_27_27799,10,27,27799,กรุงเทพมหานคร,บึงกุ่ม,2,ห้องชุด/คอนโด,,,26.27,"270,542,779,927,800",7/11/2026 3:11
not_found,LandsMaps ไม่พบโฉนด,9094,10_27_27800,10,27,27800,กรุงเทพมหานคร,บึงกุ่ม,2,ห้องชุด/คอนโด,,,26.27,"270,542,779,927,800",7/11/2026 3:11
not_found,LandsMaps ไม่พบโฉนด,9095,10_41_4234,10,41,4234,กรุงเทพมหานคร,หลักสี่,3,ที่ดิน+สิ่งปลูกสร้าง,,,28.3,4234,7/11/2026 3:11
not_found,LandsMaps ไม่พบโฉนด,9096,10_27_19955,10,27,19955,กรุงเทพมหานคร,บึงกุ่ม,2,ห้องชุด/คอนโด,,,50.9,19955,7/11/2026 3:11
not_found,LandsMaps ไม่พบโฉนด,9097,10_06_209659,10,6,209659,กรุงเทพมหานคร,บางกะปิ,2,ห้องชุด/คอนโด,,,25,209659,7/11/2026 3:11
not_found,LandsMaps ไม่พบโฉนด,9098,10_06_152076,10,6,152076,กรุงเทพมหานคร,บางกะปิ,2,ห้องชุด/คอนโด,,,27.3,152076,7/11/2026 3:11
not_found,LandsMaps ไม่พบโฉนด,9099,10_17_1807,10,17,1807,กรุงเทพมหานคร,ห้วยขวาง,2,ห้องชุด/คอนโด,,,56.91,1807,7/11/2026 3:11
not_found,LandsMaps ไม่พบโฉนด,9100,10_17_5266,10,17,5266,กรุงเทพมหานคร,ห้วยขวาง,2,ห้องชุด/คอนโด,,,33.83,5266,7/11/2026 3:11
not_found,LandsMaps ไม่พบโฉนด,9101,10_41_11758,10,41,11758,กรุงเทพมหานคร,หลักสี่,2,ห้องชุด/คอนโด,,,26.05,"11,758,117,591,176,000,000",7/11/2026 3:11
not_found,LandsMaps ไม่พบโฉนด,9101,10_41_11759,10,41,11759,กรุงเทพมหานคร,หลักสี่,2,ห้องชุด/คอนโด,,,26.05,"11,758,117,591,176,000,000",7/11/2026 3:11
not_found,LandsMaps ไม่พบโฉนด,9101,10_41_11760,10,41,11760,กรุงเทพมหานคร,หลักสี่,2,ห้องชุด/คอนโด,,,26.05,"11,758,117,591,176,000,000",7/11/2026 3:11
not_found,LandsMaps ไม่พบโฉนด,9101,10_41_11761,10,41,11761,กรุงเทพมหานคร,หลักสี่,2,ห้องชุด/คอนโด,,,26.05,"11,758,117,591,176,000,000",7/11/2026 3:11
not_found,LandsMaps ไม่พบโฉนด,9102,10_38_20992,10,38,20992,กรุงเทพมหานคร,ลาดพร้าว,3,ที่ดิน+สิ่งปลูกสร้าง,,,57.4,20992,7/11/2026 3:11
not_found,LandsMaps ไม่พบโฉนด,9103,10_38_2292,10,38,2292,กรุงเทพมหานคร,ลาดพร้าว,2,ห้องชุด/คอนโด,,,24.48,"229,222,932,291,192,000,000,000,000",7/11/2026 3:12
not_found,LandsMaps ไม่พบโฉนด,9103,10_38_2293,10,38,2293,กรุงเทพมหานคร,ลาดพร้าว,2,ห้องชุด/คอนโด,,,24.48,"229,222,932,291,192,000,000,000,000",7/11/2026 3:12
not_found,LandsMaps ไม่พบโฉนด,9103,10_38_2291,10,38,2291,กรุงเทพมหานคร,ลาดพร้าว,2,ห้องชุด/คอนโด,,,24.48,"229,222,932,291,192,000,000,000,000",7/11/2026 3:12
not_found,LandsMaps ไม่พบโฉนด,9103,10_38_19273,10,38,19273,กรุงเทพมหานคร,ลาดพร้าว,2,ห้องชุด/คอนโด,,,24.48,"229,222,932,291,192,000,000,000,000",7/11/2026 3:12
not_found,LandsMaps ไม่พบโฉนด,9103,10_38_19286,10,38,19286,กรุงเทพมหานคร,ลาดพร้าว,2,ห้องชุด/คอนโด,,,24.48,"229,222,932,291,192,000,000,000,000",7/11/2026 3:12
not_found,LandsMaps ไม่พบโฉนด,9103,10_38_19287,10,38,19287,กรุงเทพมหานคร,ลาดพร้าว,2,ห้องชุด/คอนโด,,,24.48,"229,222,932,291,192,000,000,000,000",7/11/2026 3:12
not_found,LandsMaps ไม่พบโฉนด,9104,10_06_226338,10,6,226338,กรุงเทพมหานคร,บางกะปิ,2,ห้องชุด/คอนโด,,,31.06,"226,338,226,339,248,000,000,000,000,000",7/11/2026 3:12
not_found,LandsMaps ไม่พบโฉนด,9104,10_06_226339,10,6,226339,กรุงเทพมหานคร,บางกะปิ,2,ห้องชุด/คอนโด,,,31.06,"226,338,226,339,248,000,000,000,000,000",7/11/2026 3:12
not_found,LandsMaps ไม่พบโฉนด,9104,10_06_248539,10,6,248539,กรุงเทพมหานคร,บางกะปิ,2,ห้องชุด/คอนโด,,,31.06,"226,338,226,339,248,000,000,000,000,000",7/11/2026 3:12
not_found,LandsMaps ไม่พบโฉนด,9104,10_06_248540,10,6,248540,กรุงเทพมหานคร,บางกะปิ,2,ห้องชุด/คอนโด,,,31.06,"226,338,226,339,248,000,000,000,000,000",7/11/2026 3:12
not_found,LandsMaps ไม่พบโฉนด,9104,10_06_255300,10,6,255300,กรุงเทพมหานคร,บางกะปิ,2,ห้องชุด/คอนโด,,,31.06,"226,338,226,339,248,000,000,000,000,000",7/11/2026 3:12
not_found,LandsMaps ไม่พบโฉนด,9105,10_17_131084,10,17,131084,กรุงเทพมหานคร,ห้วยขวาง,3,ที่ดิน+สิ่งปลูกสร้าง,,,30,131084,7/11/2026 3:12
not_found,LandsMaps ไม่พบโฉนด,9106,10_37_1102,10,37,1102,กรุงเทพมหานคร,ราชเทวี,2,ห้องชุด/คอนโด,,,52.16,1102,7/11/2026 3:12
not_found,LandsMaps ไม่พบโฉนด,9107,10_37_1102,10,37,1102,กรุงเทพมหานคร,ราชเทวี,2,ห้องชุด/คอนโด,,,48.63,1102,7/11/2026 3:12
not_found,LandsMaps ไม่พบโฉนด,9108,10_37_1102,10,37,1102,กรุงเทพมหานคร,ราชเทวี,2,ห้องชุด/คอนโด,,,55.79,1102,7/11/2026 3:12
not_found,LandsMaps ไม่พบโฉนด,9109,10_17_713,10,17,713,กรุงเทพมหานคร,ห้วยขวาง,2,ห้องชุด/คอนโด,,,30.02,713,7/11/2026 3:12
not_found,LandsMaps ไม่พบโฉนด,9110,10_29_3085,10,29,3085,กรุงเทพมหานคร,บางซื่อ,2,ห้องชุด/คอนโด,,,26.12,"3085, 5387, 151144 - 151148, 16872, 169872",7/11/2026 3:12
not_found,LandsMaps ไม่พบโฉนด,9110,10_29_5387,10,29,5387,กรุงเทพมหานคร,บางซื่อ,2,ห้องชุด/คอนโด,,,26.12,"3085, 5387, 151144 - 151148, 16872, 169872",7/11/2026 3:12
not_found,LandsMaps ไม่พบโฉนด,9110,10_29_151144,10,29,151144,กรุงเทพมหานคร,บางซื่อ,2,ห้องชุด/คอนโด,,,26.12,"3085, 5387, 151144 - 151148, 16872, 169872",7/11/2026 3:12
not_found,LandsMaps ไม่พบโฉนด,9110,10_29_151145,10,29,151145,กรุงเทพมหานคร,บางซื่อ,2,ห้องชุด/คอนโด,,,26.12,"3085, 5387, 151144 - 151148, 16872, 169872",7/11/2026 3:12
not_found,LandsMaps ไม่พบโฉนด,9110,10_29_151146,10,29,151146,กรุงเทพมหานคร,บางซื่อ,2,ห้องชุด/คอนโด,,,26.12,"3085, 5387, 151144 - 151148, 16872, 169872",7/11/2026 3:12
not_found,LandsMaps ไม่พบโฉนด,9110,10_29_151147,10,29,151147,กรุงเทพมหานคร,บางซื่อ,2,ห้องชุด/คอนโด,,,26.12,"3085, 5387, 151144 - 151148, 16872, 169872",7/11/2026 3:12
not_found,LandsMaps ไม่พบโฉนด,9110,10_29_151148,10,29,151148,กรุงเทพมหานคร,บางซื่อ,2,ห้องชุด/คอนโด,,,26.12,"3085, 5387, 151144 - 151148, 16872, 169872",7/11/2026 3:12
not_found,LandsMaps ไม่พบโฉนด,9110,10_29_16872,10,29,16872,กรุงเทพมหานคร,บางซื่อ,2,ห้องชุด/คอนโด,,,26.12,"3085, 5387, 151144 - 151148, 16872, 169872",7/11/2026 3:12
not_found,LandsMaps ไม่พบโฉนด,9110,10_29_169872,10,29,169872,กรุงเทพมหานคร,บางซื่อ,2,ห้องชุด/คอนโด,,,26.12,"3085, 5387, 151144 - 151148, 16872, 169872",7/11/2026 3:12
not_found,LandsMaps ไม่พบโฉนด,9111,10_36_14865,10,36,14865,กรุงเทพมหานคร,ดอนเมือง,3,ที่ดิน+สิ่งปลูกสร้าง,,,17.2,14865,7/11/2026 3:12
not_found,LandsMaps ไม่พบโฉนด,9112,10_06_33755,10,6,33755,กรุงเทพมหานคร,บางกะปิ,2,ห้องชุด/คอนโด,,,24.35,"33755, 33756, 33757, 33758, 33759, 137372",7/11/2026 3:12
not_found,LandsMaps ไม่พบโฉนด,9112,10_06_33756,10,6,33756,กรุงเทพมหานคร,บางกะปิ,2,ห้องชุด/คอนโด,,,24.35,"33755, 33756, 33757, 33758, 33759, 137372",7/11/2026 3:12
not_found,LandsMaps ไม่พบโฉนด,9112,10_06_33757,10,6,33757,กรุงเทพมหานคร,บางกะปิ,2,ห้องชุด/คอนโด,,,24.35,"33755, 33756, 33757, 33758, 33759, 137372",7/11/2026 3:12
not_found,LandsMaps ไม่พบโฉนด,9112,10_06_33758,10,6,33758,กรุงเทพมหานคร,บางกะปิ,2,ห้องชุด/คอนโด,,,24.35,"33755, 33756, 33757, 33758, 33759, 137372",7/11/2026 3:12
not_found,LandsMaps ไม่พบโฉนด,9112,10_06_33759,10,6,33759,กรุงเทพมหานคร,บางกะปิ,2,ห้องชุด/คอนโด,,,24.35,"33755, 33756, 33757, 33758, 33759, 137372",7/11/2026 3:12
not_found,LandsMaps ไม่พบโฉนด,9112,10_06_137372,10,6,137372,กรุงเทพมหานคร,บางกะปิ,2,ห้องชุด/คอนโด,,,24.35,"33755, 33756, 33757, 33758, 33759, 137372",7/11/2026 3:12
not_found,LandsMaps ไม่พบโฉนด,9113,10_27_26977,10,27,26977,กรุงเทพมหานคร,บึงกุ่ม,3,ที่ดิน+สิ่งปลูกสร้าง,,,39.9,26977,7/11/2026 3:12
not_found,LandsMaps ไม่พบโฉนด,9115,10_29_2094,10,29,2094,กรุงเทพมหานคร,บางซื่อ,2,ห้องชุด/คอนโด,,,22.91,2094,7/11/2026 3:12
not_found,LandsMaps ไม่พบโฉนด,9116,10_06_224229,10,6,224229,กรุงเทพมหานคร,บางกะปิ,3,ที่ดิน+สิ่งปลูกสร้าง,,,18,224229,7/11/2026 3:12
not_found,LandsMaps ไม่พบโฉนด,9117,10_05_6375,10,5,6375,กรุงเทพมหานคร,บางเขน,2,ห้องชุด/คอนโด,,,28,6375,7/11/2026 3:12
not_found,LandsMaps ไม่พบโฉนด,9118,10_06_6152,10,6,6152,กรุงเทพมหานคร,บางกะปิ,2,ห้องชุด/คอนโด,,,35.51,"6152, 6153, 6154",7/11/2026 3:12
not_found,LandsMaps ไม่พบโฉนด,9118,10_06_6153,10,6,6153,กรุงเทพมหานคร,บางกะปิ,2,ห้องชุด/คอนโด,,,35.51,"6152, 6153, 6154",7/11/2026 3:12
not_found,LandsMaps ไม่พบโฉนด,9118,10_06_6154,10,6,6154,กรุงเทพมหานคร,บางกะปิ,2,ห้องชุด/คอนโด,,,35.51,"6152, 6153, 6154",7/11/2026 3:12
not_found,LandsMaps ไม่พบโฉนด,9119,10_41_82,10,41,82,กรุงเทพมหานคร,หลักสี่,3,ที่ดิน+สิ่งปลูกสร้าง,,,22.5,82,7/11/2026 3:12
not_found,LandsMaps ไม่พบโฉนด,9120,10_05_110617,10,5,110617,กรุงเทพมหานคร,บางเขน,3,ที่ดิน+สิ่งปลูกสร้าง,,,63,110617,7/11/2026 3:12
not_found,LandsMaps ไม่พบโฉนด,9123,10_05_12363,10,5,12363,กรุงเทพมหานคร,บางเขน,1,ที่ดินเปล่า,,,48,12363,7/11/2026 3:12
not_found,LandsMaps ไม่พบโฉนด,9124,10_05_49031,10,5,49031,กรุงเทพมหานคร,บางเขน,1,ที่ดินเปล่า,,,33,49031,7/11/2026 3:12
not_found,LandsMaps ไม่พบโฉนด,9125,10_05_139623,10,5,139623,กรุงเทพมหานคร,บางเขน,1,ที่ดินเปล่า,,,40.1,139623,7/11/2026 3:12
not_found,LandsMaps ไม่พบโฉนด,9126,10_06_169454,10,6,169454,กรุงเทพมหานคร,บางกะปิ,2,ห้องชุด/คอนโด,,,28.6,"169,454,181,447,181,000,000,000",7/11/2026 3:12
not_found,LandsMaps ไม่พบโฉนด,9126,10_06_181447,10,6,181447,กรุงเทพมหานคร,บางกะปิ,2,ห้องชุด/คอนโด,,,28.6,"169,454,181,447,181,000,000,000",7/11/2026 3:12
not_found,LandsMaps ไม่พบโฉนด,9126,10_06_181448,10,6,181448,กรุงเทพมหานคร,บางกะปิ,2,ห้องชุด/คอนโด,,,28.6,"169,454,181,447,181,000,000,000",7/11/2026 3:12
not_found,LandsMaps ไม่พบโฉนด,9126,10_06_181449,10,6,181449,กรุงเทพมหานคร,บางกะปิ,2,ห้องชุด/คอนโด,,,28.6,"169,454,181,447,181,000,000,000",7/11/2026 3:12
not_found,LandsMaps ไม่พบโฉนด,9127,10_27_27054,10,27,27054,กรุงเทพมหานคร,บึงกุ่ม,2,ห้องชุด/คอนโด,,,22.63,"27054, 27799, 27800",7/11/2026 3:12
not_found,LandsMaps ไม่พบโฉนด,9127,10_27_27799,10,27,27799,กรุงเทพมหานคร,บึงกุ่ม,2,ห้องชุด/คอนโด,,,22.63,"27054, 27799, 27800",7/11/2026 3:12
not_found,LandsMaps ไม่พบโฉนด,9127,10_27_27800,10,27,27800,กรุงเทพมหานคร,บึงกุ่ม,2,ห้องชุด/คอนโด,,,22.63,"27054, 27799, 27800",7/11/2026 3:12
not_found,LandsMaps ไม่พบโฉนด,9128,10_27_27054,10,27,27054,กรุงเทพมหานคร,บึงกุ่ม,2,ห้องชุด/คอนโด,,,23.32,"27054, 27799, 27800",7/11/2026 3:12
not_found,LandsMaps ไม่พบโฉนด,9128,10_27_27799,10,27,27799,กรุงเทพมหานคร,บึงกุ่ม,2,ห้องชุด/คอนโด,,,23.32,"27054, 27799, 27800",7/11/2026 3:12
not_found,LandsMaps ไม่พบโฉนด,9128,10_27_27800,10,27,27800,กรุงเทพมหานคร,บึงกุ่ม,2,ห้องชุด/คอนโด,,,23.32,"27054, 27799, 27800",7/11/2026 3:12
not_found,LandsMaps ไม่พบโฉนด,9129,10_05_122157,10,5,122157,กรุงเทพมหานคร,บางเขน,3,ที่ดิน+สิ่งปลูกสร้าง,,,18.3,122157,7/11/2026 3:12
not_found,LandsMaps ไม่พบโฉนด,9130,10_06_8372,10,6,8372,กรุงเทพมหานคร,บางกะปิ,2,ห้องชุด/คอนโด,,,37.35,"8372, 254108",7/11/2026 3:12
not_found,LandsMaps ไม่พบโฉนด,9130,10_06_254108,10,6,254108,กรุงเทพมหานคร,บางกะปิ,2,ห้องชุด/คอนโด,,,37.35,"8372, 254108",7/11/2026 3:12
not_found,LandsMaps ไม่พบโฉนด,9131,10_38_17289,10,38,17289,กรุงเทพมหานคร,ลาดพร้าว,2,ห้องชุด/คอนโด,,,52.44,17289,7/11/2026 3:12
not_found,LandsMaps ไม่พบโฉนด,9132,10_29_1376,10,29,1376,กรุงเทพมหานคร,บางซื่อ,2,ห้องชุด/คอนโด,,,28.15,1376,7/11/2026 3:12
not_found,LandsMaps ไม่พบโฉนด,9133,10_38_11240,10,38,11240,กรุงเทพมหานคร,ลาดพร้าว,3,ที่ดิน+สิ่งปลูกสร้าง,,,31.3,11240,7/11/2026 3:12
not_found,LandsMaps ไม่พบโฉนด,9134,10_27_27054,10,27,27054,กรุงเทพมหานคร,บึงกุ่ม,2,ห้องชุด/คอนโด,,,22.76,"27054, 27799,  27800",7/11/2026 3:12
not_found,LandsMaps ไม่พบโฉนด,9134,10_27_27799,10,27,27799,กรุงเทพมหานคร,บึงกุ่ม,2,ห้องชุด/คอนโด,,,22.76,"27054, 27799,  27800",7/11/2026 3:12
not_found,LandsMaps ไม่พบโฉนด,9134,10_27_27800,10,27,27800,กรุงเทพมหานคร,บึงกุ่ม,2,ห้องชุด/คอนโด,,,22.76,"27054, 27799,  27800",7/11/2026 3:12
not_found,LandsMaps ไม่พบโฉนด,9135,10_29_34070,10,29,34070,กรุงเทพมหานคร,บางซื่อ,2,ห้องชุด/คอนโด,,,35,"34070, 34071, 34072, 34073, 34074, 34075, 34076, 169691",7/11/2026 3:12
not_found,LandsMaps ไม่พบโฉนด,9135,10_29_34071,10,29,34071,กรุงเทพมหานคร,บางซื่อ,2,ห้องชุด/คอนโด,,,35,"34070, 34071, 34072, 34073, 34074, 34075, 34076, 169691",7/11/2026 3:12
not_found,LandsMaps ไม่พบโฉนด,9135,10_29_34072,10,29,34072,กรุงเทพมหานคร,บางซื่อ,2,ห้องชุด/คอนโด,,,35,"34070, 34071, 34072, 34073, 34074, 34075, 34076, 169691",7/11/2026 3:12
not_found,LandsMaps ไม่พบโฉนด,9135,10_29_34073,10,29,34073,กรุงเทพมหานคร,บางซื่อ,2,ห้องชุด/คอนโด,,,35,"34070, 34071, 34072, 34073, 34074, 34075, 34076, 169691",7/11/2026 3:12
not_found,LandsMaps ไม่พบโฉนด,9135,10_29_34074,10,29,34074,กรุงเทพมหานคร,บางซื่อ,2,ห้องชุด/คอนโด,,,35,"34070, 34071, 34072, 34073, 34074, 34075, 34076, 169691",7/11/2026 3:12
not_found,LandsMaps ไม่พบโฉนด,9135,10_29_34075,10,29,34075,กรุงเทพมหานคร,บางซื่อ,2,ห้องชุด/คอนโด,,,35,"34070, 34071, 34072, 34073, 34074, 34075, 34076, 169691",7/11/2026 3:12
not_found,LandsMaps ไม่พบโฉนด,9135,10_29_34076,10,29,34076,กรุงเทพมหานคร,บางซื่อ,2,ห้องชุด/คอนโด,,,35,"34070, 34071, 34072, 34073, 34074, 34075, 34076, 169691",7/11/2026 3:12
not_found,LandsMaps ไม่พบโฉนด,9135,10_29_169691,10,29,169691,กรุงเทพมหานคร,บางซื่อ,2,ห้องชุด/คอนโด,,,35,"34070, 34071, 34072, 34073, 34074, 34075, 34076, 169691",7/11/2026 3:12
not_found,LandsMaps ไม่พบโฉนด,9136,10_17_2604,10,17,2604,กรุงเทพมหานคร,ห้วยขวาง,2,ห้องชุด/คอนโด,,,28,2604,7/11/2026 3:12
not_found,LandsMaps ไม่พบโฉนด,9137,10_27_1620,10,27,1620,กรุงเทพมหานคร,บึงกุ่ม,2,ห้องชุด/คอนโด,,,28.1,"1620,14634-14637,14964,30338,30340-30341 ฯลฯ",7/11/2026 3:12
not_found,LandsMaps ไม่พบโฉนด,9137,10_27_14634,10,27,14634,กรุงเทพมหานคร,บึงกุ่ม,2,ห้องชุด/คอนโด,,,28.1,"1620,14634-14637,14964,30338,30340-30341 ฯลฯ",7/11/2026 3:12
not_found,LandsMaps ไม่พบโฉนด,9137,10_27_14635,10,27,14635,กรุงเทพมหานคร,บึงกุ่ม,2,ห้องชุด/คอนโด,,,28.1,"1620,14634-14637,14964,30338,30340-30341 ฯลฯ",7/11/2026 3:12
not_found,LandsMaps ไม่พบโฉนด,9137,10_27_14636,10,27,14636,กรุงเทพมหานคร,บึงกุ่ม,2,ห้องชุด/คอนโด,,,28.1,"1620,14634-14637,14964,30338,30340-30341 ฯลฯ",7/11/2026 3:12
not_found,LandsMaps ไม่พบโฉนด,9137,10_27_14637,10,27,14637,กรุงเทพมหานคร,บึงกุ่ม,2,ห้องชุด/คอนโด,,,28.1,"1620,14634-14637,14964,30338,30340-30341 ฯลฯ",7/11/2026 3:12
not_found,LandsMaps ไม่พบโฉนด,9137,10_27_14964,10,27,14964,กรุงเทพมหานคร,บึงกุ่ม,2,ห้องชุด/คอนโด,,,28.1,"1620,14634-14637,14964,30338,30340-30341 ฯลฯ",7/11/2026 3:12
not_found,LandsMaps ไม่พบโฉนด,9137,10_27_30338,10,27,30338,กรุงเทพมหานคร,บึงกุ่ม,2,ห้องชุด/คอนโด,,,28.1,"1620,14634-14637,14964,30338,30340-30341 ฯลฯ",7/11/2026 3:12
not_found,LandsMaps ไม่พบโฉนด,9137,10_27_30340,10,27,30340,กรุงเทพมหานคร,บึงกุ่ม,2,ห้องชุด/คอนโด,,,28.1,"1620,14634-14637,14964,30338,30340-30341 ฯลฯ",7/11/2026 3:12
not_found,LandsMaps ไม่พบโฉนด,9137,10_27_30341,10,27,30341,กรุงเทพมหานคร,บึงกุ่ม,2,ห้องชุด/คอนโด,,,28.1,"1620,14634-14637,14964,30338,30340-30341 ฯลฯ",7/11/2026 3:12
not_found,LandsMaps ไม่พบโฉนด,9138,10_23_3384,10,23,3384,กรุงเทพมหานคร,หนองแขม,2,ห้องชุด/คอนโด,,,31.67,3384,7/11/2026 3:12
not_found,LandsMaps ไม่พบโฉนด,9139,10_23_3384,10,23,3384,กรุงเทพมหานคร,หนองแขม,2,ห้องชุด/คอนโด,,,31.67,3384,7/11/2026 3:12
not_found,LandsMaps ไม่พบโฉนด,9140,10_02_136018,10,2,136018,กรุงเทพมหานคร,ดุสิต,3,ที่ดิน+สิ่งปลูกสร้าง,,,50,136018,7/11/2026 3:12
not_found,LandsMaps ไม่พบโฉนด,9141,10_27_27054,10,27,27054,กรุงเทพมหานคร,บึงกุ่ม,2,ห้องชุด/คอนโด,,,22.63,"27054, 27799, 27800",7/11/2026 3:12
not_found,LandsMaps ไม่พบโฉนด,9141,10_27_27799,10,27,27799,กรุงเทพมหานคร,บึงกุ่ม,2,ห้องชุด/คอนโด,,,22.63,"27054, 27799, 27800",7/11/2026 3:12
not_found,LandsMaps ไม่พบโฉนด,9141,10_27_27800,10,27,27800,กรุงเทพมหานคร,บึงกุ่ม,2,ห้องชุด/คอนโด,,,22.63,"27054, 27799, 27800",7/11/2026 3:12
not_found,LandsMaps ไม่พบโฉนด,9142,10_30_2162,10,30,2162,กรุงเทพมหานคร,จตุจักร,2,ห้องชุด/คอนโด,,,26.93,"2162, 2163, 2164, 2165",7/11/2026 3:13
not_found,LandsMaps ไม่พบโฉนด,9142,10_30_2163,10,30,2163,กรุงเทพมหานคร,จตุจักร,2,ห้องชุด/คอนโด,,,26.93,"2162, 2163, 2164, 2165",7/11/2026 3:13
not_found,LandsMaps ไม่พบโฉนด,9142,10_30_2164,10,30,2164,กรุงเทพมหานคร,จตุจักร,2,ห้องชุด/คอนโด,,,26.93,"2162, 2163, 2164, 2165",7/11/2026 3:13
not_found,LandsMaps ไม่พบโฉนด,9142,10_30_2165,10,30,2165,กรุงเทพมหานคร,จตุจักร,2,ห้องชุด/คอนโด,,,26.93,"2162, 2163, 2164, 2165",7/11/2026 3:13
not_found,LandsMaps ไม่พบโฉนด,9143,10_06_66404,10,6,66404,กรุงเทพมหานคร,บางกะปิ,2,ห้องชุด/คอนโด,,,42.76,"66404, 66405, 66406, 66407",7/11/2026 3:13
not_found,LandsMaps ไม่พบโฉนด,9143,10_06_66405,10,6,66405,กรุงเทพมหานคร,บางกะปิ,2,ห้องชุด/คอนโด,,,42.76,"66404, 66405, 66406, 66407",7/11/2026 3:13
not_found,LandsMaps ไม่พบโฉนด,9143,10_06_66406,10,6,66406,กรุงเทพมหานคร,บางกะปิ,2,ห้องชุด/คอนโด,,,42.76,"66404, 66405, 66406, 66407",7/11/2026 3:13
not_found,LandsMaps ไม่พบโฉนด,9143,10_06_66407,10,6,66407,กรุงเทพมหานคร,บางกะปิ,2,ห้องชุด/คอนโด,,,42.76,"66404, 66405, 66406, 66407",7/11/2026 3:13
not_found,LandsMaps ไม่พบโฉนด,9144,10_17_5880,10,17,5880,กรุงเทพมหานคร,ห้วยขวาง,2,ห้องชุด/คอนโด,,,33.38,5880,7/11/2026 3:13
not_found,LandsMaps ไม่พบโฉนด,9145,10_30_4174,10,30,4174,กรุงเทพมหานคร,จตุจักร,2,ห้องชุด/คอนโด,,,34.79,4174,7/11/2026 3:13
not_found,LandsMaps ไม่พบโฉนด,9146,10_06_236594,10,6,236594,กรุงเทพมหานคร,บางกะปิ,3,ที่ดิน+สิ่งปลูกสร้าง,,,20,236594,7/11/2026 3:13
not_found,LandsMaps ไม่พบโฉนด,9147,10_45_917,10,45,917,กรุงเทพมหานคร,วังทองหลาง,3,ที่ดิน+สิ่งปลูกสร้าง,,,21.9,917,7/11/2026 3:13
not_found,LandsMaps ไม่พบโฉนด,9148,10_06_222035,10,6,222035,กรุงเทพมหานคร,บางกะปิ,3,ที่ดิน+สิ่งปลูกสร้าง,,,16,222035,7/11/2026 3:13
not_found,LandsMaps ไม่พบโฉนด,9149,10_05_34891,10,5,34891,กรุงเทพมหานคร,บางเขน,2,ห้องชุด/คอนโด,,,32.79,34891,7/11/2026 3:13
not_found,LandsMaps ไม่พบโฉนด,9150,10_06_123273,10,6,123273,กรุงเทพมหานคร,บางกะปิ,3,ที่ดิน+สิ่งปลูกสร้าง,,,56,123273,7/11/2026 3:13
not_found,LandsMaps ไม่พบโฉนด,9151,10_06_228033,10,6,228033,กรุงเทพมหานคร,บางกะปิ,3,ที่ดิน+สิ่งปลูกสร้าง,,,30,228033,7/11/2026 3:13
not_found,LandsMaps ไม่พบโฉนด,9152,10_17_136991,10,17,136991,กรุงเทพมหานคร,ห้วยขวาง,2,ห้องชุด/คอนโด,,,70,136991,7/11/2026 3:13
not_found,LandsMaps ไม่พบโฉนด,9153,10_29_154622,10,29,154622,กรุงเทพมหานคร,บางซื่อ,3,ที่ดิน+สิ่งปลูกสร้าง,,,30,154622,7/11/2026 3:13
not_found,LandsMaps ไม่พบโฉนด,9154,10_14_6895,10,14,6895,กรุงเทพมหานคร,พญาไท,2,ห้องชุด/คอนโด,,,75.64,"68,956,896",7/11/2026 3:13
not_found,LandsMaps ไม่พบโฉนด,9154,10_14_6896,10,14,6896,กรุงเทพมหานคร,พญาไท,2,ห้องชุด/คอนโด,,,75.64,"68,956,896",7/11/2026 3:13
not_found,LandsMaps ไม่พบโฉนด,9155,10_36_9879,10,36,9879,กรุงเทพมหานคร,ดอนเมือง,2,ห้องชุด/คอนโด,,,30.55,9879,7/11/2026 3:13
not_found,LandsMaps ไม่พบโฉนด,9156,10_17_5055,10,17,5055,กรุงเทพมหานคร,ห้วยขวาง,2,ห้องชุด/คอนโด,,,32,"5055,5056,46262,46263,67463,67464,67465,73017 ฯ",7/11/2026 3:13
not_found,LandsMaps ไม่พบโฉนด,9156,10_17_5056,10,17,5056,กรุงเทพมหานคร,ห้วยขวาง,2,ห้องชุด/คอนโด,,,32,"5055,5056,46262,46263,67463,67464,67465,73017 ฯ",7/11/2026 3:13
not_found,LandsMaps ไม่พบโฉนด,9156,10_17_46262,10,17,46262,กรุงเทพมหานคร,ห้วยขวาง,2,ห้องชุด/คอนโด,,,32,"5055,5056,46262,46263,67463,67464,67465,73017 ฯ",7/11/2026 3:13
not_found,LandsMaps ไม่พบโฉนด,9156,10_17_46263,10,17,46263,กรุงเทพมหานคร,ห้วยขวาง,2,ห้องชุด/คอนโด,,,32,"5055,5056,46262,46263,67463,67464,67465,73017 ฯ",7/11/2026 3:13
not_found,LandsMaps ไม่พบโฉนด,9156,10_17_67463,10,17,67463,กรุงเทพมหานคร,ห้วยขวาง,2,ห้องชุด/คอนโด,,,32,"5055,5056,46262,46263,67463,67464,67465,73017 ฯ",7/11/2026 3:13
not_found,LandsMaps ไม่พบโฉนด,9156,10_17_67464,10,17,67464,กรุงเทพมหานคร,ห้วยขวาง,2,ห้องชุด/คอนโด,,,32,"5055,5056,46262,46263,67463,67464,67465,73017 ฯ",7/11/2026 3:13
not_found,LandsMaps ไม่พบโฉนด,9156,10_17_67465,10,17,67465,กรุงเทพมหานคร,ห้วยขวาง,2,ห้องชุด/คอนโด,,,32,"5055,5056,46262,46263,67463,67464,67465,73017 ฯ",7/11/2026 3:13
not_found,LandsMaps ไม่พบโฉนด,9156,10_17_73017,10,17,73017,กรุงเทพมหานคร,ห้วยขวาง,2,ห้องชุด/คอนโด,,,32,"5055,5056,46262,46263,67463,67464,67465,73017 ฯ",7/11/2026 3:13
not_found,LandsMaps ไม่พบโฉนด,9157,10_29_170298,10,29,170298,กรุงเทพมหานคร,บางซื่อ,3,ที่ดิน+สิ่งปลูกสร้าง,,,25,170298,7/11/2026 3:13
not_found,LandsMaps ไม่พบโฉนด,9159,10_26_461,10,26,461,กรุงเทพมหานคร,ดินแดง,2,ห้องชุด/คอนโด,,,33.66,"4,612,115,211,621,170,000,000,000,000,000,000,000,000,000,000",7/11/2026 3:13
not_found,LandsMaps ไม่พบโฉนด,9159,10_26_2115,10,26,2115,กรุงเทพมหานคร,ดินแดง,2,ห้องชุด/คอนโด,,,33.66,"4,612,115,211,621,170,000,000,000,000,000,000,000,000,000,000",7/11/2026 3:13
not_found,LandsMaps ไม่พบโฉนด,9159,10_26_2116,10,26,2116,กรุงเทพมหานคร,ดินแดง,2,ห้องชุด/คอนโด,,,33.66,"4,612,115,211,621,170,000,000,000,000,000,000,000,000,000,000",7/11/2026 3:13
not_found,LandsMaps ไม่พบโฉนด,9159,10_26_2117,10,26,2117,กรุงเทพมหานคร,ดินแดง,2,ห้องชุด/คอนโด,,,33.66,"4,612,115,211,621,170,000,000,000,000,000,000,000,000,000,000",7/11/2026 3:13
not_found,LandsMaps ไม่พบโฉนด,9159,10_26_2118,10,26,2118,กรุงเทพมหานคร,ดินแดง,2,ห้องชุด/คอนโด,,,33.66,"4,612,115,211,621,170,000,000,000,000,000,000,000,000,000,000",7/11/2026 3:13
not_found,LandsMaps ไม่พบโฉนด,9159,10_26_2119,10,26,2119,กรุงเทพมหานคร,ดินแดง,2,ห้องชุด/คอนโด,,,33.66,"4,612,115,211,621,170,000,000,000,000,000,000,000,000,000,000",7/11/2026 3:13
not_found,LandsMaps ไม่พบโฉนด,9159,10_26_2120,10,26,2120,กรุงเทพมหานคร,ดินแดง,2,ห้องชุด/คอนโด,,,33.66,"4,612,115,211,621,170,000,000,000,000,000,000,000,000,000,000",7/11/2026 3:13
not_found,LandsMaps ไม่พบโฉนด,9159,10_26_2001,10,26,2001,กรุงเทพมหานคร,ดินแดง,2,ห้องชุด/คอนโด,,,33.66,"4,612,115,211,621,170,000,000,000,000,000,000,000,000,000,000",7/11/2026 3:13
not_found,LandsMaps ไม่พบโฉนด,9159,10_26_5087,10,26,5087,กรุงเทพมหานคร,ดินแดง,2,ห้องชุด/คอนโด,,,33.66,"4,612,115,211,621,170,000,000,000,000,000,000,000,000,000,000",7/11/2026 3:13
not_found,LandsMaps ไม่พบโฉนด,9159,10_26_71081,10,26,71081,กรุงเทพมหานคร,ดินแดง,2,ห้องชุด/คอนโด,,,33.66,"4,612,115,211,621,170,000,000,000,000,000,000,000,000,000,000",7/11/2026 3:13
not_found,LandsMaps ไม่พบโฉนด,9159,10_26_137765,10,26,137765,กรุงเทพมหานคร,ดินแดง,2,ห้องชุด/คอนโด,,,33.66,"4,612,115,211,621,170,000,000,000,000,000,000,000,000,000,000",7/11/2026 3:13
not_found,LandsMaps ไม่พบโฉนด,9161,10_26_3982,10,26,3982,กรุงเทพมหานคร,ดินแดง,2,ห้องชุด/คอนโด,,,28.96,"39,823,983,398,439,800,000,000,000,000,000",7/11/2026 3:13
not_found,LandsMaps ไม่พบโฉนด,9161,10_26_3983,10,26,3983,กรุงเทพมหานคร,ดินแดง,2,ห้องชุด/คอนโด,,,28.96,"39,823,983,398,439,800,000,000,000,000,000",7/11/2026 3:13
not_found,LandsMaps ไม่พบโฉนด,9161,10_26_3984,10,26,3984,กรุงเทพมหานคร,ดินแดง,2,ห้องชุด/คอนโด,,,28.96,"39,823,983,398,439,800,000,000,000,000,000",7/11/2026 3:13
not_found,LandsMaps ไม่พบโฉนด,9161,10_26_3985,10,26,3985,กรุงเทพมหานคร,ดินแดง,2,ห้องชุด/คอนโด,,,28.96,"39,823,983,398,439,800,000,000,000,000,000",7/11/2026 3:13
not_found,LandsMaps ไม่พบโฉนด,9161,10_26_3986,10,26,3986,กรุงเทพมหานคร,ดินแดง,2,ห้องชุด/คอนโด,,,28.96,"39,823,983,398,439,800,000,000,000,000,000",7/11/2026 3:13
not_found,LandsMaps ไม่พบโฉนด,9161,10_26_3987,10,26,3987,กรุงเทพมหานคร,ดินแดง,2,ห้องชุด/คอนโด,,,28.96,"39,823,983,398,439,800,000,000,000,000,000",7/11/2026 3:13
not_found,LandsMaps ไม่พบโฉนด,9161,10_26_3988,10,26,3988,กรุงเทพมหานคร,ดินแดง,2,ห้องชุด/คอนโด,,,28.96,"39,823,983,398,439,800,000,000,000,000,000",7/11/2026 3:13
not_found,LandsMaps ไม่พบโฉนด,9161,10_26_3989,10,26,3989,กรุงเทพมหานคร,ดินแดง,2,ห้องชุด/คอนโด,,,28.96,"39,823,983,398,439,800,000,000,000,000,000",7/11/2026 3:13
not_found,LandsMaps ไม่พบโฉนด,9162,10_17_2941,10,17,2941,กรุงเทพมหานคร,ห้วยขวาง,2,ห้องชุด/คอนโด,,,35.26,2941,7/11/2026 3:13
not_found,LandsMaps ไม่พบโฉนด,9163,10_29_3085,10,29,3085,กรุงเทพมหานคร,บางซื่อ,2,ห้องชุด/คอนโด,,,26.12,"30,855,387,151,144,100,000,000,000,000,000,000,000,000,000",7/11/2026 3:13
not_found,LandsMaps ไม่พบโฉนด,9163,10_29_5387,10,29,5387,กรุงเทพมหานคร,บางซื่อ,2,ห้องชุด/คอนโด,,,26.12,"30,855,387,151,144,100,000,000,000,000,000,000,000,000,000",7/11/2026 3:13
not_found,LandsMaps ไม่พบโฉนด,9163,10_29_151144,10,29,151144,กรุงเทพมหานคร,บางซื่อ,2,ห้องชุด/คอนโด,,,26.12,"30,855,387,151,144,100,000,000,000,000,000,000,000,000,000",7/11/2026 3:13
not_found,LandsMaps ไม่พบโฉนด,9163,10_29_151145,10,29,151145,กรุงเทพมหานคร,บางซื่อ,2,ห้องชุด/คอนโด,,,26.12,"30,855,387,151,144,100,000,000,000,000,000,000,000,000,000",7/11/2026 3:13
not_found,LandsMaps ไม่พบโฉนด,9163,10_29_151146,10,29,151146,กรุงเทพมหานคร,บางซื่อ,2,ห้องชุด/คอนโด,,,26.12,"30,855,387,151,144,100,000,000,000,000,000,000,000,000,000",7/11/2026 3:13
not_found,LandsMaps ไม่พบโฉนด,9163,10_29_151147,10,29,151147,กรุงเทพมหานคร,บางซื่อ,2,ห้องชุด/คอนโด,,,26.12,"30,855,387,151,144,100,000,000,000,000,000,000,000,000,000",7/11/2026 3:13
not_found,LandsMaps ไม่พบโฉนด,9163,10_29_151148,10,29,151148,กรุงเทพมหานคร,บางซื่อ,2,ห้องชุด/คอนโด,,,26.12,"30,855,387,151,144,100,000,000,000,000,000,000,000,000,000",7/11/2026 3:13
not_found,LandsMaps ไม่พบโฉนด,9163,10_29_169872,10,29,169872,กรุงเทพมหานคร,บางซื่อ,2,ห้องชุด/คอนโด,,,26.12,"30,855,387,151,144,100,000,000,000,000,000,000,000,000,000",7/11/2026 3:13
not_found,LandsMaps ไม่พบโฉนด,9164,10_30_7599,10,30,7599,กรุงเทพมหานคร,จตุจักร,2,ห้องชุด/คอนโด,,,30.03,7599,7/11/2026 3:13
not_found,LandsMaps ไม่พบโฉนด,9165,10_05_173994,10,5,173994,กรุงเทพมหานคร,บางเขน,2,ห้องชุด/คอนโด,,,21,"173994, 178084",7/11/2026 3:13
not_found,LandsMaps ไม่พบโฉนด,9165,10_05_178084,10,5,178084,กรุงเทพมหานคร,บางเขน,2,ห้องชุด/คอนโด,,,21,"173994, 178084",7/11/2026 3:13
not_found,LandsMaps ไม่พบโฉนด,9166,10_30_118123,10,30,118123,กรุงเทพมหานคร,จตุจักร (บางซื่อ),2,ห้องชุด/คอนโด,,,32.08,118123,7/11/2026 3:13
not_found,LandsMaps ไม่พบโฉนด,9167,10_27_19955,10,27,19955,กรุงเทพมหานคร,บึงกุ่ม,2,ห้องชุด/คอนโด,,,56.76,19955,7/11/2026 3:13
not_found,LandsMaps ไม่พบโฉนด,9168,10_05_14585,10,5,14585,กรุงเทพมหานคร,บางเขน(ตลาดขวัญ),2,ห้องชุด/คอนโด,,,28.21,"14585, 16314-16322, 16325-16333, 106386-106387  ฯ",7/11/2026 3:13
not_found,LandsMaps ไม่พบโฉนด,9168,10_05_16314,10,5,16314,กรุงเทพมหานคร,บางเขน(ตลาดขวัญ),2,ห้องชุด/คอนโด,,,28.21,"14585, 16314-16322, 16325-16333, 106386-106387  ฯ",7/11/2026 3:13
not_found,LandsMaps ไม่พบโฉนด,9168,10_05_16315,10,5,16315,กรุงเทพมหานคร,บางเขน(ตลาดขวัญ),2,ห้องชุด/คอนโด,,,28.21,"14585, 16314-16322, 16325-16333, 106386-106387  ฯ",7/11/2026 3:13
not_found,LandsMaps ไม่พบโฉนด,9168,10_05_16316,10,5,16316,กรุงเทพมหานคร,บางเขน(ตลาดขวัญ),2,ห้องชุด/คอนโด,,,28.21,"14585, 16314-16322, 16325-16333, 106386-106387  ฯ",7/11/2026 3:13
not_found,LandsMaps ไม่พบโฉนด,9168,10_05_16317,10,5,16317,กรุงเทพมหานคร,บางเขน(ตลาดขวัญ),2,ห้องชุด/คอนโด,,,28.21,"14585, 16314-16322, 16325-16333, 106386-106387  ฯ",7/11/2026 3:13
not_found,LandsMaps ไม่พบโฉนด,9168,10_05_16318,10,5,16318,กรุงเทพมหานคร,บางเขน(ตลาดขวัญ),2,ห้องชุด/คอนโด,,,28.21,"14585, 16314-16322, 16325-16333, 106386-106387  ฯ",7/11/2026 3:13
not_found,LandsMaps ไม่พบโฉนด,9168,10_05_16319,10,5,16319,กรุงเทพมหานคร,บางเขน(ตลาดขวัญ),2,ห้องชุด/คอนโด,,,28.21,"14585, 16314-16322, 16325-16333, 106386-106387  ฯ",7/11/2026 3:13
not_found,LandsMaps ไม่พบโฉนด,9168,10_05_16320,10,5,16320,กรุงเทพมหานคร,บางเขน(ตลาดขวัญ),2,ห้องชุด/คอนโด,,,28.21,"14585, 16314-16322, 16325-16333, 106386-106387  ฯ",7/11/2026 3:13
not_found,LandsMaps ไม่พบโฉนด,9168,10_05_16321,10,5,16321,กรุงเทพมหานคร,บางเขน(ตลาดขวัญ),2,ห้องชุด/คอนโด,,,28.21,"14585, 16314-16322, 16325-16333, 106386-106387  ฯ",7/11/2026 3:13
not_found,LandsMaps ไม่พบโฉนด,9168,10_05_16322,10,5,16322,กรุงเทพมหานคร,บางเขน(ตลาดขวัญ),2,ห้องชุด/คอนโด,,,28.21,"14585, 16314-16322, 16325-16333, 106386-106387  ฯ",7/11/2026 3:13
not_found,LandsMaps ไม่พบโฉนด,9168,10_05_16325,10,5,16325,กรุงเทพมหานคร,บางเขน(ตลาดขวัญ),2,ห้องชุด/คอนโด,,,28.21,"14585, 16314-16322, 16325-16333, 106386-106387  ฯ",7/11/2026 3:13
not_found,LandsMaps ไม่พบโฉนด,9168,10_05_16326,10,5,16326,กรุงเทพมหานคร,บางเขน(ตลาดขวัญ),2,ห้องชุด/คอนโด,,,28.21,"14585, 16314-16322, 16325-16333, 106386-106387  ฯ",7/11/2026 3:13
not_found,LandsMaps ไม่พบโฉนด,9168,10_05_16327,10,5,16327,กรุงเทพมหานคร,บางเขน(ตลาดขวัญ),2,ห้องชุด/คอนโด,,,28.21,"14585, 16314-16322, 16325-16333, 106386-106387  ฯ",7/11/2026 3:13
not_found,LandsMaps ไม่พบโฉนด,9168,10_05_16328,10,5,16328,กรุงเทพมหานคร,บางเขน(ตลาดขวัญ),2,ห้องชุด/คอนโด,,,28.21,"14585, 16314-16322, 16325-16333, 106386-106387  ฯ",7/11/2026 3:13
not_found,LandsMaps ไม่พบโฉนด,9168,10_05_16329,10,5,16329,กรุงเทพมหานคร,บางเขน(ตลาดขวัญ),2,ห้องชุด/คอนโด,,,28.21,"14585, 16314-16322, 16325-16333, 106386-106387  ฯ",7/11/2026 3:13
not_found,LandsMaps ไม่พบโฉนด,9168,10_05_16330,10,5,16330,กรุงเทพมหานคร,บางเขน(ตลาดขวัญ),2,ห้องชุด/คอนโด,,,28.21,"14585, 16314-16322, 16325-16333, 106386-106387  ฯ",7/11/2026 3:13
not_found,LandsMaps ไม่พบโฉนด,9168,10_05_16331,10,5,16331,กรุงเทพมหานคร,บางเขน(ตลาดขวัญ),2,ห้องชุด/คอนโด,,,28.21,"14585, 16314-16322, 16325-16333, 106386-106387  ฯ",7/11/2026 3:13
not_found,LandsMaps ไม่พบโฉนด,9168,10_05_16332,10,5,16332,กรุงเทพมหานคร,บางเขน(ตลาดขวัญ),2,ห้องชุด/คอนโด,,,28.21,"14585, 16314-16322, 16325-16333, 106386-106387  ฯ",7/11/2026 3:13
not_found,LandsMaps ไม่พบโฉนด,9168,10_05_16333,10,5,16333,กรุงเทพมหานคร,บางเขน(ตลาดขวัญ),2,ห้องชุด/คอนโด,,,28.21,"14585, 16314-16322, 16325-16333, 106386-106387  ฯ",7/11/2026 3:13
not_found,LandsMaps ไม่พบโฉนด,9168,10_05_106386,10,5,106386,กรุงเทพมหานคร,บางเขน(ตลาดขวัญ),2,ห้องชุด/คอนโด,,,28.21,"14585, 16314-16322, 16325-16333, 106386-106387  ฯ",7/11/2026 3:13
not_found,LandsMaps ไม่พบโฉนด,9168,10_05_106387,10,5,106387,กรุงเทพมหานคร,บางเขน(ตลาดขวัญ),2,ห้องชุด/คอนโด,,,28.21,"14585, 16314-16322, 16325-16333, 106386-106387  ฯ",7/11/2026 3:13
not_found,LandsMaps ไม่พบโฉนด,9169,10_17_4807,10,17,4807,กรุงเทพมหานคร,ห้วยขวาง,2,ห้องชุด/คอนโด,,,36.85,4807,7/11/2026 3:13
not_found,LandsMaps ไม่พบโฉนด,9170,10_30_7844,10,30,7844,กรุงเทพมหานคร,จตุจักร,2,ห้องชุด/คอนโด,,,27.81,"7844, 41485, 41486, 41487, 41488, 41489, 41490",7/11/2026 3:13
not_found,LandsMaps ไม่พบโฉนด,9170,10_30_41485,10,30,41485,กรุงเทพมหานคร,จตุจักร,2,ห้องชุด/คอนโด,,,27.81,"7844, 41485, 41486, 41487, 41488, 41489, 41490",7/11/2026 3:13
not_found,LandsMaps ไม่พบโฉนด,9170,10_30_41486,10,30,41486,กรุงเทพมหานคร,จตุจักร,2,ห้องชุด/คอนโด,,,27.81,"7844, 41485, 41486, 41487, 41488, 41489, 41490",7/11/2026 3:13
not_found,LandsMaps ไม่พบโฉนด,9170,10_30_41487,10,30,41487,กรุงเทพมหานคร,จตุจักร,2,ห้องชุด/คอนโด,,,27.81,"7844, 41485, 41486, 41487, 41488, 41489, 41490",7/11/2026 3:14
not_found,LandsMaps ไม่พบโฉนด,9170,10_30_41488,10,30,41488,กรุงเทพมหานคร,จตุจักร,2,ห้องชุด/คอนโด,,,27.81,"7844, 41485, 41486, 41487, 41488, 41489, 41490",7/11/2026 3:14
not_found,LandsMaps ไม่พบโฉนด,9170,10_30_41489,10,30,41489,กรุงเทพมหานคร,จตุจักร,2,ห้องชุด/คอนโด,,,27.81,"7844, 41485, 41486, 41487, 41488, 41489, 41490",7/11/2026 3:14
not_found,LandsMaps ไม่พบโฉนด,9170,10_30_41490,10,30,41490,กรุงเทพมหานคร,จตุจักร,2,ห้องชุด/คอนโด,,,27.81,"7844, 41485, 41486, 41487, 41488, 41489, 41490",7/11/2026 3:14
not_found,LandsMaps ไม่พบโฉนด,9171,10_05_29116,10,5,29116,กรุงเทพมหานคร,บางเขน (บางซื่อ),2,ห้องชุด/คอนโด,,,24.85,"29116, 29117, 91005",7/11/2026 3:14
not_found,LandsMaps ไม่พบโฉนด,9171,10_05_29117,10,5,29117,กรุงเทพมหานคร,บางเขน (บางซื่อ),2,ห้องชุด/คอนโด,,,24.85,"29116, 29117, 91005",7/11/2026 3:14
not_found,LandsMaps ไม่พบโฉนด,9171,10_05_91005,10,5,91005,กรุงเทพมหานคร,บางเขน (บางซื่อ),2,ห้องชุด/คอนโด,,,24.85,"29116, 29117, 91005",7/11/2026 3:14
not_found,LandsMaps ไม่พบโฉนด,9172,10_30_12844,10,30,12844,กรุงเทพมหานคร,จตุจักร,2,ห้องชุด/คอนโด,,,37.51,"12844, 12845, 12846, 12847",7/11/2026 3:14
not_found,LandsMaps ไม่พบโฉนด,9172,10_30_12845,10,30,12845,กรุงเทพมหานคร,จตุจักร,2,ห้องชุด/คอนโด,,,37.51,"12844, 12845, 12846, 12847",7/11/2026 3:14
not_found,LandsMaps ไม่พบโฉนด,9172,10_30_12846,10,30,12846,กรุงเทพมหานคร,จตุจักร,2,ห้องชุด/คอนโด,,,37.51,"12844, 12845, 12846, 12847",7/11/2026 3:14
not_found,LandsMaps ไม่พบโฉนด,9172,10_30_12847,10,30,12847,กรุงเทพมหานคร,จตุจักร,2,ห้องชุด/คอนโด,,,37.51,"12844, 12845, 12846, 12847",7/11/2026 3:14
not_found,LandsMaps ไม่พบโฉนด,9173,10_05_118246,10,5,118246,กรุงเทพมหานคร,บางเขน(ตลาดขวัญ),3,ที่ดิน+สิ่งปลูกสร้าง,,,18.8,118246,7/11/2026 3:14
not_found,LandsMaps ไม่พบโฉนด,9174,10_27_27021,10,27,27021,กรุงเทพมหานคร,บึงกุ่ม,3,ที่ดิน+สิ่งปลูกสร้าง,,,22.9,27021,7/11/2026 3:14
not_found,LandsMaps ไม่พบโฉนด,9175,10_05_128109,10,5,128109,กรุงเทพมหานคร,บางเขน,3,ที่ดิน+สิ่งปลูกสร้าง,,,20,128109,7/11/2026 3:14
not_found,LandsMaps ไม่พบโฉนด,9176,10_02_120975,10,2,120975,กรุงเทพมหานคร,"ดุสิต(บางซื่อ), บางซื่อ",2,ห้องชุด/คอนโด,,,28.21,"120975-77,170638-41,11689,8134,5055",7/11/2026 3:14
not_found,LandsMaps ไม่พบโฉนด,9176,10_02_120976,10,2,120976,กรุงเทพมหานคร,"ดุสิต(บางซื่อ), บางซื่อ",2,ห้องชุด/คอนโด,,,28.21,"120975-77,170638-41,11689,8134,5055",7/11/2026 3:14
not_found,LandsMaps ไม่พบโฉนด,9176,10_02_120977,10,2,120977,กรุงเทพมหานคร,"ดุสิต(บางซื่อ), บางซื่อ",2,ห้องชุด/คอนโด,,,28.21,"120975-77,170638-41,11689,8134,5055",7/11/2026 3:14
not_found,LandsMaps ไม่พบโฉนด,9176,10_02_170638,10,2,170638,กรุงเทพมหานคร,"ดุสิต(บางซื่อ), บางซื่อ",2,ห้องชุด/คอนโด,,,28.21,"120975-77,170638-41,11689,8134,5055",7/11/2026 3:14
not_found,LandsMaps ไม่พบโฉนด,9176,10_02_170639,10,2,170639,กรุงเทพมหานคร,"ดุสิต(บางซื่อ), บางซื่อ",2,ห้องชุด/คอนโด,,,28.21,"120975-77,170638-41,11689,8134,5055",7/11/2026 3:14
not_found,LandsMaps ไม่พบโฉนด,9176,10_02_170640,10,2,170640,กรุงเทพมหานคร,"ดุสิต(บางซื่อ), บางซื่อ",2,ห้องชุด/คอนโด,,,28.21,"120975-77,170638-41,11689,8134,5055",7/11/2026 3:14
not_found,LandsMaps ไม่พบโฉนด,9176,10_02_170641,10,2,170641,กรุงเทพมหานคร,"ดุสิต(บางซื่อ), บางซื่อ",2,ห้องชุด/คอนโด,,,28.21,"120975-77,170638-41,11689,8134,5055",7/11/2026 3:14
not_found,LandsMaps ไม่พบโฉนด,9176,10_02_11689,10,2,11689,กรุงเทพมหานคร,"ดุสิต(บางซื่อ), บางซื่อ",2,ห้องชุด/คอนโด,,,28.21,"120975-77,170638-41,11689,8134,5055",7/11/2026 3:14
not_found,LandsMaps ไม่พบโฉนด,9176,10_02_8134,10,2,8134,กรุงเทพมหานคร,"ดุสิต(บางซื่อ), บางซื่อ",2,ห้องชุด/คอนโด,,,28.21,"120975-77,170638-41,11689,8134,5055",7/11/2026 3:14
not_found,LandsMaps ไม่พบโฉนด,9176,10_02_5055,10,2,5055,กรุงเทพมหานคร,"ดุสิต(บางซื่อ), บางซื่อ",2,ห้องชุด/คอนโด,,,28.21,"120975-77,170638-41,11689,8134,5055",7/11/2026 3:14
not_found,LandsMaps ไม่พบโฉนด,9177,10_06_18534,10,6,18534,กรุงเทพมหานคร,บางกะปิ,2,ห้องชุด/คอนโด,,,30.01,"18,533,185,341,853,500,000,000,000,000,000,000",7/11/2026 3:14
not_found,LandsMaps ไม่พบโฉนด,9177,10_06_18535,10,6,18535,กรุงเทพมหานคร,บางกะปิ,2,ห้องชุด/คอนโด,,,30.01,"18,533,185,341,853,500,000,000,000,000,000,000",7/11/2026 3:14
not_found,LandsMaps ไม่พบโฉนด,9177,10_06_18536,10,6,18536,กรุงเทพมหานคร,บางกะปิ,2,ห้องชุด/คอนโด,,,30.01,"18,533,185,341,853,500,000,000,000,000,000,000",7/11/2026 3:14
not_found,LandsMaps ไม่พบโฉนด,9177,10_06_18537,10,6,18537,กรุงเทพมหานคร,บางกะปิ,2,ห้องชุด/คอนโด,,,30.01,"18,533,185,341,853,500,000,000,000,000,000,000",7/11/2026 3:14
not_found,LandsMaps ไม่พบโฉนด,9177,10_06_18538,10,6,18538,กรุงเทพมหานคร,บางกะปิ,2,ห้องชุด/คอนโด,,,30.01,"18,533,185,341,853,500,000,000,000,000,000,000",7/11/2026 3:14
not_found,LandsMaps ไม่พบโฉนด,9177,10_06_19948,10,6,19948,กรุงเทพมหานคร,บางกะปิ,2,ห้องชุด/คอนโด,,,30.01,"18,533,185,341,853,500,000,000,000,000,000,000",7/11/2026 3:14
not_found,LandsMaps ไม่พบโฉนด,9178,10_06_5162,10,6,5162,กรุงเทพมหานคร,บางกะปิ,2,ห้องชุด/คอนโด,,,28.28,"516,217,674",7/11/2026 3:14
not_found,LandsMaps ไม่พบโฉนด,9178,10_06_17674,10,6,17674,กรุงเทพมหานคร,บางกะปิ,2,ห้องชุด/คอนโด,,,28.28,"516,217,674",7/11/2026 3:14
not_found,LandsMaps ไม่พบโฉนด,9179,10_41_1006,10,41,1006,กรุงเทพมหานคร,หลักสี่,3,ที่ดิน+สิ่งปลูกสร้าง,,,17.6,1006,7/11/2026 3:14
not_found,LandsMaps ไม่พบโฉนด,9180,10_27_29008,10,27,29008,กรุงเทพมหานคร,บึงกุ่ม,2,ห้องชุด/คอนโด,,,28.55,29008,7/11/2026 3:14
not_found,LandsMaps ไม่พบโฉนด,9181,10_06_42456,10,6,42456,กรุงเทพมหานคร,บางกะปิ,2,ห้องชุด/คอนโด,,,35.85,"424,564,245,742,458",7/11/2026 3:14
not_found,LandsMaps ไม่พบโฉนด,9181,10_06_42457,10,6,42457,กรุงเทพมหานคร,บางกะปิ,2,ห้องชุด/คอนโด,,,35.85,"424,564,245,742,458",7/11/2026 3:14
not_found,LandsMaps ไม่พบโฉนด,9181,10_06_42458,10,6,42458,กรุงเทพมหานคร,บางกะปิ,2,ห้องชุด/คอนโด,,,35.85,"424,564,245,742,458",7/11/2026 3:14
not_found,LandsMaps ไม่พบโฉนด,9182,10_26_212,10,26,212,กรุงเทพมหานคร,ดินแดง,2,ห้องชุด/คอนโด,,,35.35,"212-214,2588,3170,3369,3504,3506,3508,3510,3514,3520ฯ",7/11/2026 3:14
not_found,LandsMaps ไม่พบโฉนด,9182,10_26_213,10,26,213,กรุงเทพมหานคร,ดินแดง,2,ห้องชุด/คอนโด,,,35.35,"212-214,2588,3170,3369,3504,3506,3508,3510,3514,3520ฯ",7/11/2026 3:14
not_found,LandsMaps ไม่พบโฉนด,9182,10_26_214,10,26,214,กรุงเทพมหานคร,ดินแดง,2,ห้องชุด/คอนโด,,,35.35,"212-214,2588,3170,3369,3504,3506,3508,3510,3514,3520ฯ",7/11/2026 3:14
not_found,LandsMaps ไม่พบโฉนด,9182,10_26_2588,10,26,2588,กรุงเทพมหานคร,ดินแดง,2,ห้องชุด/คอนโด,,,35.35,"212-214,2588,3170,3369,3504,3506,3508,3510,3514,3520ฯ",7/11/2026 3:14
not_found,LandsMaps ไม่พบโฉนด,9182,10_26_3170,10,26,3170,กรุงเทพมหานคร,ดินแดง,2,ห้องชุด/คอนโด,,,35.35,"212-214,2588,3170,3369,3504,3506,3508,3510,3514,3520ฯ",7/11/2026 3:14
not_found,LandsMaps ไม่พบโฉนด,9182,10_26_3369,10,26,3369,กรุงเทพมหานคร,ดินแดง,2,ห้องชุด/คอนโด,,,35.35,"212-214,2588,3170,3369,3504,3506,3508,3510,3514,3520ฯ",7/11/2026 3:14
not_found,LandsMaps ไม่พบโฉนด,9182,10_26_3504,10,26,3504,กรุงเทพมหานคร,ดินแดง,2,ห้องชุด/คอนโด,,,35.35,"212-214,2588,3170,3369,3504,3506,3508,3510,3514,3520ฯ",7/11/2026 3:14
not_found,LandsMaps ไม่พบโฉนด,9182,10_26_3506,10,26,3506,กรุงเทพมหานคร,ดินแดง,2,ห้องชุด/คอนโด,,,35.35,"212-214,2588,3170,3369,3504,3506,3508,3510,3514,3520ฯ",7/11/2026 3:14
not_found,LandsMaps ไม่พบโฉนด,9182,10_26_3508,10,26,3508,กรุงเทพมหานคร,ดินแดง,2,ห้องชุด/คอนโด,,,35.35,"212-214,2588,3170,3369,3504,3506,3508,3510,3514,3520ฯ",7/11/2026 3:14
not_found,LandsMaps ไม่พบโฉนด,9182,10_26_3510,10,26,3510,กรุงเทพมหานคร,ดินแดง,2,ห้องชุด/คอนโด,,,35.35,"212-214,2588,3170,3369,3504,3506,3508,3510,3514,3520ฯ",7/11/2026 3:14
not_found,LandsMaps ไม่พบโฉนด,9182,10_26_3514,10,26,3514,กรุงเทพมหานคร,ดินแดง,2,ห้องชุด/คอนโด,,,35.35,"212-214,2588,3170,3369,3504,3506,3508,3510,3514,3520ฯ",7/11/2026 3:14
not_found,LandsMaps ไม่พบโฉนด,9182,10_26_3520,10,26,3520,กรุงเทพมหานคร,ดินแดง,2,ห้องชุด/คอนโด,,,35.35,"212-214,2588,3170,3369,3504,3506,3508,3510,3514,3520ฯ",7/11/2026 3:14
not_found,LandsMaps ไม่พบโฉนด,9183,10_05_181281,10,5,181281,กรุงเทพมหานคร,บางเขน,2,ห้องชุด/คอนโด,,,24.15,"181281-181283,2392,159312-159314,2389,2390,2393ฯ",7/11/2026 3:14
not_found,LandsMaps ไม่พบโฉนด,9183,10_05_181282,10,5,181282,กรุงเทพมหานคร,บางเขน,2,ห้องชุด/คอนโด,,,24.15,"181281-181283,2392,159312-159314,2389,2390,2393ฯ",7/11/2026 3:14
not_found,LandsMaps ไม่พบโฉนด,9183,10_05_181283,10,5,181283,กรุงเทพมหานคร,บางเขน,2,ห้องชุด/คอนโด,,,24.15,"181281-181283,2392,159312-159314,2389,2390,2393ฯ",7/11/2026 3:14
not_found,LandsMaps ไม่พบโฉนด,9183,10_05_2392,10,5,2392,กรุงเทพมหานคร,บางเขน,2,ห้องชุด/คอนโด,,,24.15,"181281-181283,2392,159312-159314,2389,2390,2393ฯ",7/11/2026 3:14
not_found,LandsMaps ไม่พบโฉนด,9183,10_05_159312,10,5,159312,กรุงเทพมหานคร,บางเขน,2,ห้องชุด/คอนโด,,,24.15,"181281-181283,2392,159312-159314,2389,2390,2393ฯ",7/11/2026 3:14
not_found,LandsMaps ไม่พบโฉนด,9183,10_05_159313,10,5,159313,กรุงเทพมหานคร,บางเขน,2,ห้องชุด/คอนโด,,,24.15,"181281-181283,2392,159312-159314,2389,2390,2393ฯ",7/11/2026 3:14
not_found,LandsMaps ไม่พบโฉนด,9183,10_05_159314,10,5,159314,กรุงเทพมหานคร,บางเขน,2,ห้องชุด/คอนโด,,,24.15,"181281-181283,2392,159312-159314,2389,2390,2393ฯ",7/11/2026 3:14
not_found,LandsMaps ไม่พบโฉนด,9183,10_05_2389,10,5,2389,กรุงเทพมหานคร,บางเขน,2,ห้องชุด/คอนโด,,,24.15,"181281-181283,2392,159312-159314,2389,2390,2393ฯ",7/11/2026 3:14
not_found,LandsMaps ไม่พบโฉนด,9183,10_05_2390,10,5,2390,กรุงเทพมหานคร,บางเขน,2,ห้องชุด/คอนโด,,,24.15,"181281-181283,2392,159312-159314,2389,2390,2393ฯ",7/11/2026 3:14
not_found,LandsMaps ไม่พบโฉนด,9183,10_05_2393,10,5,2393,กรุงเทพมหานคร,บางเขน,2,ห้องชุด/คอนโด,,,24.15,"181281-181283,2392,159312-159314,2389,2390,2393ฯ",7/11/2026 3:14
not_found,LandsMaps ไม่พบโฉนด,9184,10_06_205868,10,6,205868,กรุงเทพมหานคร,บางกะปิ,3,ที่ดิน+สิ่งปลูกสร้าง,,,33,205868,7/11/2026 3:14
not_found,LandsMaps ไม่พบโฉนด,9185,10_45_4696,10,45,4696,กรุงเทพมหานคร,วังทองหลาง,2,ห้องชุด/คอนโด,,,31.68,"4696, 4697, 4987",7/11/2026 3:14
not_found,LandsMaps ไม่พบโฉนด,9185,10_45_4697,10,45,4697,กรุงเทพมหานคร,วังทองหลาง,2,ห้องชุด/คอนโด,,,31.68,"4696, 4697, 4987",7/11/2026 3:14
not_found,LandsMaps ไม่พบโฉนด,9185,10_45_4987,10,45,4987,กรุงเทพมหานคร,วังทองหลาง,2,ห้องชุด/คอนโด,,,31.68,"4696, 4697, 4987",7/11/2026 3:14
not_found,LandsMaps ไม่พบโฉนด,9186,10_06_9417,10,6,9417,กรุงเทพมหานคร,บางกะปิ,2,ห้องชุด/คอนโด,,,43.35,"9,417,941,880,435,110,000",7/11/2026 3:14
not_found,LandsMaps ไม่พบโฉนด,9186,10_06_9418,10,6,9418,กรุงเทพมหานคร,บางกะปิ,2,ห้องชุด/คอนโด,,,43.35,"9,417,941,880,435,110,000",7/11/2026 3:14
not_found,LandsMaps ไม่พบโฉนด,9186,10_06_80435,10,6,80435,กรุงเทพมหานคร,บางกะปิ,2,ห้องชุด/คอนโด,,,43.35,"9,417,941,880,435,110,000",7/11/2026 3:14
not_found,LandsMaps ไม่พบโฉนด,9186,10_06_111516,10,6,111516,กรุงเทพมหานคร,บางกะปิ,2,ห้องชุด/คอนโด,,,43.35,"9,417,941,880,435,110,000",7/11/2026 3:14
not_found,LandsMaps ไม่พบโฉนด,9195,10_27_24699,10,27,24699,กรุงเทพมหานคร,บึงกุ่ม,3,ที่ดิน+สิ่งปลูกสร้าง,,,18.1,24699,7/11/2026 3:14
not_found,LandsMaps ไม่พบโฉนด,9196,10_38_4345,10,38,4345,กรุงเทพมหานคร,ลาดพร้าว,2,ห้องชุด/คอนโด,,,45.12,4345,7/11/2026 3:14
not_found,LandsMaps ไม่พบโฉนด,9197,10_06_888,10,6,888,กรุงเทพมหานคร,บางกะปิ,2,ห้องชุด/คอนโด,,,25,888,7/11/2026 3:14
not_found,LandsMaps ไม่พบโฉนด,9198,10_17_92767,10,17,92767,กรุงเทพมหานคร,ห้วยขวาง,3,ที่ดิน+สิ่งปลูกสร้าง,,,13,92767,7/11/2026 3:14
not_found,LandsMaps ไม่พบโฉนด,9199,10_17_92768,10,17,92768,กรุงเทพมหานคร,ห้วยขวาง,3,ที่ดิน+สิ่งปลูกสร้าง,,,13,92768,7/11/2026 3:14
not_found,LandsMaps ไม่พบโฉนด,9201,10_05_118950,10,5,118950,กรุงเทพมหานคร,บางเขน(ตลาดขวัญ),3,ที่ดิน+สิ่งปลูกสร้าง,,,38.8,118950,7/11/2026 3:14
not_found,LandsMaps ไม่พบโฉนด,9202,10_05_118887,10,5,118887,กรุงเทพมหานคร,บางเขน(ตลาดขวัญ),3,ที่ดิน+สิ่งปลูกสร้าง,,,8,118887,7/11/2026 3:14
not_found,LandsMaps ไม่พบโฉนด,9203,10_05_118853,10,5,118853,กรุงเทพมหานคร,บางเขน(ตลาดขวัญ),3,ที่ดิน+สิ่งปลูกสร้าง,,,2.4,118853,7/11/2026 3:14
not_found,LandsMaps ไม่พบโฉนด,9204,10_05_118830,10,5,118830,กรุงเทพมหานคร,บางเขน(ตลาดขวัญ),3,ที่ดิน+สิ่งปลูกสร้าง,,,0.9,118830,7/11/2026 3:14
not_found,LandsMaps ไม่พบโฉนด,9205,10_40_34364,10,40,34364,กรุงเทพมหานคร,บางแค,1,ที่ดินเปล่า,,3,78,34364,7/11/2026 3:14
not_found,LandsMaps ไม่พบโฉนด,9206,10_45_11024,10,45,11024,กรุงเทพมหานคร,วังทองหลาง,1,ที่ดินเปล่า,,,46,11024,7/11/2026 3:14
not_found,LandsMaps ไม่พบโฉนด,9207,10_30_7273,10,30,7273,กรุงเทพมหานคร,จตุจักร,2,ห้องชุด/คอนโด,,,47.47,"7273, 10419, 11284, 11286, 11287, 11288",7/11/2026 3:14
not_found,LandsMaps ไม่พบโฉนด,9207,10_30_10419,10,30,10419,กรุงเทพมหานคร,จตุจักร,2,ห้องชุด/คอนโด,,,47.47,"7273, 10419, 11284, 11286, 11287, 11288",7/11/2026 3:14
not_found,LandsMaps ไม่พบโฉนด,9207,10_30_11284,10,30,11284,กรุงเทพมหานคร,จตุจักร,2,ห้องชุด/คอนโด,,,47.47,"7273, 10419, 11284, 11286, 11287, 11288",7/11/2026 3:14
not_found,LandsMaps ไม่พบโฉนด,9207,10_30_11286,10,30,11286,กรุงเทพมหานคร,จตุจักร,2,ห้องชุด/คอนโด,,,47.47,"7273, 10419, 11284, 11286, 11287, 11288",7/11/2026 3:14
not_found,LandsMaps ไม่พบโฉนด,9207,10_30_11287,10,30,11287,กรุงเทพมหานคร,จตุจักร,2,ห้องชุด/คอนโด,,,47.47,"7273, 10419, 11284, 11286, 11287, 11288",7/11/2026 3:14
not_found,LandsMaps ไม่พบโฉนด,9207,10_30_11288,10,30,11288,กรุงเทพมหานคร,จตุจักร,2,ห้องชุด/คอนโด,,,47.47,"7273, 10419, 11284, 11286, 11287, 11288",7/11/2026 3:14
not_found,LandsMaps ไม่พบโฉนด,9208,10_27_5367,10,27,5367,กรุงเทพมหานคร,บึงกุ่ม,2,ห้องชุด/คอนโด,,,29.2,"53,675,368",7/11/2026 3:14
not_found,LandsMaps ไม่พบโฉนด,9208,10_27_5368,10,27,5368,กรุงเทพมหานคร,บึงกุ่ม,2,ห้องชุด/คอนโด,,,29.2,"53,675,368",7/11/2026 3:14
not_found,LandsMaps ไม่พบโฉนด,9209,10_06_11498,10,6,11498,กรุงเทพมหานคร,บางกะปิ,2,ห้องชุด/คอนโด,,,30,11498,7/11/2026 3:14
not_found,LandsMaps ไม่พบโฉนด,9210,10_06_17230,10,6,17230,กรุงเทพมหานคร,บางกะปิ,2,ห้องชุด/คอนโด,,,30.38,17230,7/11/2026 3:14
not_found,LandsMaps ไม่พบโฉนด,9211,10_29_99133,10,29,99133,กรุงเทพมหานคร,บางซื่อ,3,ที่ดิน+สิ่งปลูกสร้าง,,,37.6,99133,7/11/2026 3:15
not_found,LandsMaps ไม่พบโฉนด,9212,10_29_99134,10,29,99134,กรุงเทพมหานคร,บางซื่อ,3,ที่ดิน+สิ่งปลูกสร้าง,,,27.8,99134,7/11/2026 3:15
not_found,LandsMaps ไม่พบโฉนด,9213,10_06_22880,10,6,22880,กรุงเทพมหานคร,บางกะปิ,2,ห้องชุด/คอนโด,,,36.75,"2,288,097,858",7/11/2026 3:15
not_found,LandsMaps ไม่พบโฉนด,9213,10_06_97858,10,6,97858,กรุงเทพมหานคร,บางกะปิ,2,ห้องชุด/คอนโด,,,36.75,"2,288,097,858",7/11/2026 3:15
not_found,LandsMaps ไม่พบโฉนด,9214,10_30_6021,10,30,6021,กรุงเทพมหานคร,จตุจักร,2,ห้องชุด/คอนโด,,,43.12,6021,7/11/2026 3:15
not_found,LandsMaps ไม่พบโฉนด,9215,10_36_28651,10,36,28651,กรุงเทพมหานคร,ดอนเมือง,2,ห้องชุด/คอนโด,,,24.21,28651,7/11/2026 3:15
not_found,LandsMaps ไม่พบโฉนด,9216,10_45_10309,10,45,10309,กรุงเทพมหานคร,วังทองหลาง,2,ห้องชุด/คอนโด,,,25.09,"1,030,910,310",7/11/2026 3:15
not_found,LandsMaps ไม่พบโฉนด,9216,10_45_10310,10,45,10310,กรุงเทพมหานคร,วังทองหลาง,2,ห้องชุด/คอนโด,,,25.09,"1,030,910,310",7/11/2026 3:15
not_found,LandsMaps ไม่พบโฉนด,9217,10_14_60929,10,14,60929,กรุงเทพมหานคร,พญาไท,3,ที่ดิน+สิ่งปลูกสร้าง,,,74,60929,7/11/2026 3:15
not_found,LandsMaps ไม่พบโฉนด,9218,10_27_21336,10,27,21336,กรุงเทพมหานคร,บึงกุ่ม,2,ห้องชุด/คอนโด,,,33.25,"2,133,621,338",7/11/2026 3:15
not_found,LandsMaps ไม่พบโฉนด,9218,10_27_21338,10,27,21338,กรุงเทพมหานคร,บึงกุ่ม,2,ห้องชุด/คอนโด,,,33.25,"2,133,621,338",7/11/2026 3:15
not_found,LandsMaps ไม่พบโฉนด,9219,10_41_7420,10,41,7420,กรุงเทพมหานคร,หลักสี่,2,ห้องชุด/คอนโด,,,59.01,7420,7/11/2026 3:15
not_found,LandsMaps ไม่พบโฉนด,9220,10_45_8382,10,45,8382,กรุงเทพมหานคร,วังทองหลาง,3,ที่ดิน+สิ่งปลูกสร้าง,,,31,8382,7/11/2026 3:15
not_found,LandsMaps ไม่พบโฉนด,9221,10_37_2995,10,37,2995,กรุงเทพมหานคร,ราชเทวี,2,ห้องชุด/คอนโด,,,33.48,2995,7/11/2026 3:15
not_found,LandsMaps ไม่พบโฉนด,9222,10_06_218869,10,6,218869,กรุงเทพมหานคร,บางกะปิ,2,ห้องชุด/คอนโด,,,25.84,218869,7/11/2026 3:15
not_found,LandsMaps ไม่พบโฉนด,9223,10_38_13677,10,38,13677,กรุงเทพมหานคร,ลาดพร้าว,3,ที่ดิน+สิ่งปลูกสร้าง,,,18.7,13677,7/11/2026 3:15
not_found,LandsMaps ไม่พบโฉนด,9224,10_05_41309,10,5,41309,กรุงเทพมหานคร,บางเขน,3,ที่ดิน+สิ่งปลูกสร้าง,,,58,41309,7/11/2026 3:15
not_found,LandsMaps ไม่พบโฉนด,9225,10_17_134835,10,17,134835,กรุงเทพมหานคร,ห้วยขวาง,3,ที่ดิน+สิ่งปลูกสร้าง,,,51,134835,7/11/2026 3:15
not_found,LandsMaps ไม่พบโฉนด,9226,10_17_134836,10,17,134836,กรุงเทพมหานคร,ห้วยขวาง,3,ที่ดิน+สิ่งปลูกสร้าง,,,51,134836,7/11/2026 3:15
not_found,LandsMaps ไม่พบโฉนด,9227,10_14_8924,10,14,8924,กรุงเทพมหานคร,พญาไท,2,ห้องชุด/คอนโด,,,138.4,"8,924,111,431,138,290,000",7/11/2026 3:15
not_found,LandsMaps ไม่พบโฉนด,9227,10_14_11143,10,14,11143,กรุงเทพมหานคร,พญาไท,2,ห้องชุด/คอนโด,,,138.4,"8,924,111,431,138,290,000",7/11/2026 3:15
not_found,LandsMaps ไม่พบโฉนด,9227,10_14_11382,10,14,11382,กรุงเทพมหานคร,พญาไท,2,ห้องชุด/คอนโด,,,138.4,"8,924,111,431,138,290,000",7/11/2026 3:15
not_found,LandsMaps ไม่พบโฉนด,9227,10_14_91086,10,14,91086,กรุงเทพมหานคร,พญาไท,2,ห้องชุด/คอนโด,,,138.4,"8,924,111,431,138,290,000",7/11/2026 3:15
not_found,LandsMaps ไม่พบโฉนด,9228,10_06_255219,10,6,255219,กรุงเทพมหานคร,บางกะปิ,3,ที่ดิน+สิ่งปลูกสร้าง,,,92,255219,7/11/2026 3:15
not_found,LandsMaps ไม่พบโฉนด,9229,10_06_255220,10,6,255220,กรุงเทพมหานคร,บางกะปิ,3,ที่ดิน+สิ่งปลูกสร้าง,,,67.1,255220,7/11/2026 3:15
not_found,LandsMaps ไม่พบโฉนด,9230,10_05_159447,10,5,159447,กรุงเทพมหานคร,บางเขน,3,ที่ดิน+สิ่งปลูกสร้าง,,,30,159447,7/11/2026 3:15
not_found,LandsMaps ไม่พบโฉนด,9231,10_17_4083,10,17,4083,กรุงเทพมหานคร,ห้วยขวาง,3,ที่ดิน+สิ่งปลูกสร้าง,,,95,4083 (เดิม 73393),7/11/2026 3:15
not_found,LandsMaps ไม่พบโฉนด,9232,10_30_4172,10,30,4172,กรุงเทพมหานคร,จตุจักร,2,ห้องชุด/คอนโด,,,67.06,4172,7/11/2026 3:15
not_found,LandsMaps ไม่พบโฉนด,9233,10_30_4172,10,30,4172,กรุงเทพมหานคร,จตุจักร,2,ห้องชุด/คอนโด,,,37.83,4172,7/11/2026 3:15
not_found,LandsMaps ไม่พบโฉนด,9234,10_30_4172,10,30,4172,กรุงเทพมหานคร,จตุจักร,2,ห้องชุด/คอนโด,,,63.78,4172,7/11/2026 3:15
not_found,LandsMaps ไม่พบโฉนด,9235,10_30_4172,10,30,4172,กรุงเทพมหานคร,จตุจักร,2,ห้องชุด/คอนโด,,,54.15,4172,7/11/2026 3:15
not_found,LandsMaps ไม่พบโฉนด,9236,10_30_4172,10,30,4172,กรุงเทพมหานคร,จตุจักร,2,ห้องชุด/คอนโด,,,54.15,4172,7/11/2026 3:15
not_found,LandsMaps ไม่พบโฉนด,9237,10_30_4172,10,30,4172,กรุงเทพมหานคร,จตุจักร,2,ห้องชุด/คอนโด,,,56.9,4172,7/11/2026 3:15
not_found,LandsMaps ไม่พบโฉนด,9238,10_14_1862,10,14,1862,กรุงเทพมหานคร,พญาไท,2,ห้องชุด/คอนโด,,,127.78,1862,7/11/2026 3:15
not_found,LandsMaps ไม่พบโฉนด,9239,10_02_123961,10,2,123961,กรุงเทพมหานคร,ดุสิต,3,ที่ดิน+สิ่งปลูกสร้าง,,1,96.3,123961,7/11/2026 3:15
not_found,LandsMaps ไม่พบโฉนด,9240,10_06_2020,10,6,2020,กรุงเทพมหานคร,บางกะปิ,2,ห้องชุด/คอนโด,,,70.78,"2,020,168,143",7/11/2026 3:15
not_found,LandsMaps ไม่พบโฉนด,9240,10_06_168143,10,6,168143,กรุงเทพมหานคร,บางกะปิ,2,ห้องชุด/คอนโด,,,70.78,"2,020,168,143",7/11/2026 3:15
not_found,LandsMaps ไม่พบโฉนด,9241,10_05_150137,10,5,150137,กรุงเทพมหานคร,บางเขน,3,ที่ดิน+สิ่งปลูกสร้าง,,,16,150137,7/11/2026 3:15
not_found,LandsMaps ไม่พบโฉนด,9242,10_30_4172,10,30,4172,กรุงเทพมหานคร,จตุจักร,2,ห้องชุด/คอนโด,,,53.98,4172,7/11/2026 3:15
not_found,LandsMaps ไม่พบโฉนด,9243,10_30_4172,10,30,4172,กรุงเทพมหานคร,จตุจักร,2,ห้องชุด/คอนโด,,,54.15,4172,7/11/2026 3:15
not_found,LandsMaps ไม่พบโฉนด,9244,10_30_4172,10,30,4172,กรุงเทพมหานคร,จตุจักร,2,ห้องชุด/คอนโด,,,54.15,4172,7/11/2026 3:15
not_found,LandsMaps ไม่พบโฉนด,9245,10_30_4172,10,30,4172,กรุงเทพมหานคร,จตุจักร,2,ห้องชุด/คอนโด,,,56.9,4172,7/11/2026 3:15
not_found,LandsMaps ไม่พบโฉนด,9246,10_30_4172,10,30,4172,กรุงเทพมหานคร,จตุจักร,2,ห้องชุด/คอนโด,,,54.15,4172,7/11/2026 3:15
not_found,LandsMaps ไม่พบโฉนด,9247,10_30_4172,10,30,4172,กรุงเทพมหานคร,จตุจักร,2,ห้องชุด/คอนโด,,,54.15,4172,7/11/2026 3:15
not_found,LandsMaps ไม่พบโฉนด,9248,10_30_4172,10,30,4172,กรุงเทพมหานคร,จตุจักร,2,ห้องชุด/คอนโด,,,54.15,4172,7/11/2026 3:15
not_found,LandsMaps ไม่พบโฉนด,9249,10_30_4172,10,30,4172,กรุงเทพมหานคร,จตุจักร,2,ห้องชุด/คอนโด,,,54.15,4172,7/11/2026 3:15
not_found,LandsMaps ไม่พบโฉนด,9250,10_17_3396,10,17,3396,กรุงเทพมหานคร,ห้วยขวาง,2,ห้องชุด/คอนโด,,,31.04,"339,633,973,399,340,000,000,000,000,000,000,000",7/11/2026 3:15
not_found,LandsMaps ไม่พบโฉนด,9250,10_17_3397,10,17,3397,กรุงเทพมหานคร,ห้วยขวาง,2,ห้องชุด/คอนโด,,,31.04,"339,633,973,399,340,000,000,000,000,000,000,000",7/11/2026 3:15
not_found,LandsMaps ไม่พบโฉนด,9250,10_17_3399,10,17,3399,กรุงเทพมหานคร,ห้วยขวาง,2,ห้องชุด/คอนโด,,,31.04,"339,633,973,399,340,000,000,000,000,000,000,000",7/11/2026 3:15
not_found,LandsMaps ไม่พบโฉนด,9250,10_17_3400,10,17,3400,กรุงเทพมหานคร,ห้วยขวาง,2,ห้องชุด/คอนโด,,,31.04,"339,633,973,399,340,000,000,000,000,000,000,000",7/11/2026 3:15
not_found,LandsMaps ไม่พบโฉนด,9250,10_17_3416,10,17,3416,กรุงเทพมหานคร,ห้วยขวาง,2,ห้องชุด/คอนโด,,,31.04,"339,633,973,399,340,000,000,000,000,000,000,000",7/11/2026 3:15
not_found,LandsMaps ไม่พบโฉนด,9250,10_17_3417,10,17,3417,กรุงเทพมหานคร,ห้วยขวาง,2,ห้องชุด/คอนโด,,,31.04,"339,633,973,399,340,000,000,000,000,000,000,000",7/11/2026 3:15
not_found,LandsMaps ไม่พบโฉนด,9250,10_17_3418,10,17,3418,กรุงเทพมหานคร,ห้วยขวาง,2,ห้องชุด/คอนโด,,,31.04,"339,633,973,399,340,000,000,000,000,000,000,000",7/11/2026 3:15
not_found,LandsMaps ไม่พบโฉนด,9250,10_17_3419,10,17,3419,กรุงเทพมหานคร,ห้วยขวาง,2,ห้องชุด/คอนโด,,,31.04,"339,633,973,399,340,000,000,000,000,000,000,000",7/11/2026 3:15
not_found,LandsMaps ไม่พบโฉนด,9250,10_17_3425,10,17,3425,กรุงเทพมหานคร,ห้วยขวาง,2,ห้องชุด/คอนโด,,,31.04,"339,633,973,399,340,000,000,000,000,000,000,000",7/11/2026 3:15
not_found,LandsMaps ไม่พบโฉนด,9252,10_30_40917,10,30,40917,กรุงเทพมหานคร,จตุจักร,1,ที่ดินเปล่า,,,18.3,40917,7/11/2026 3:15
not_found,LandsMaps ไม่พบโฉนด,9253,10_05_28576,10,5,28576,กรุงเทพมหานคร,บางเขน(ตลาดขวัญ),2,ห้องชุด/คอนโด,,,60.04,"2,857,628,577",7/11/2026 3:15
not_found,LandsMaps ไม่พบโฉนด,9253,10_05_28577,10,5,28577,กรุงเทพมหานคร,บางเขน(ตลาดขวัญ),2,ห้องชุด/คอนโด,,,60.04,"2,857,628,577",7/11/2026 3:15
not_found,LandsMaps ไม่พบโฉนด,9254,10_17_421,10,17,421,กรุงเทพมหานคร,ห้วยขวาง,2,ห้องชุด/คอนโด,,,46.19,"421,379,184,689,746,000",7/11/2026 3:15
not_found,LandsMaps ไม่พบโฉนด,9254,10_17_37918,10,17,37918,กรุงเทพมหานคร,ห้วยขวาง,2,ห้องชุด/คอนโด,,,46.19,"421,379,184,689,746,000",7/11/2026 3:15
not_found,LandsMaps ไม่พบโฉนด,9254,10_17_46897,10,17,46897,กรุงเทพมหานคร,ห้วยขวาง,2,ห้องชุด/คอนโด,,,46.19,"421,379,184,689,746,000",7/11/2026 3:15
not_found,LandsMaps ไม่พบโฉนด,9254,10_17_46898,10,17,46898,กรุงเทพมหานคร,ห้วยขวาง,2,ห้องชุด/คอนโด,,,46.19,"421,379,184,689,746,000",7/11/2026 3:15
not_found,LandsMaps ไม่พบโฉนด,9255,10_30_13837,10,30,13837,กรุงเทพมหานคร,จตุจักร,2,ห้องชุด/คอนโด,,,24.71,"138,374,045,640,457,000,000,000,000,000",7/11/2026 3:15
not_found,LandsMaps ไม่พบโฉนด,9255,10_30_40456,10,30,40456,กรุงเทพมหานคร,จตุจักร,2,ห้องชุด/คอนโด,,,24.71,"138,374,045,640,457,000,000,000,000,000",7/11/2026 3:15
not_found,LandsMaps ไม่พบโฉนด,9255,10_30_40457,10,30,40457,กรุงเทพมหานคร,จตุจักร,2,ห้องชุด/คอนโด,,,24.71,"138,374,045,640,457,000,000,000,000,000",7/11/2026 3:15
not_found,LandsMaps ไม่พบโฉนด,9255,10_30_40458,10,30,40458,กรุงเทพมหานคร,จตุจักร,2,ห้องชุด/คอนโด,,,24.71,"138,374,045,640,457,000,000,000,000,000",7/11/2026 3:15
not_found,LandsMaps ไม่พบโฉนด,9255,10_30_40459,10,30,40459,กรุงเทพมหานคร,จตุจักร,2,ห้องชุด/คอนโด,,,24.71,"138,374,045,640,457,000,000,000,000,000",7/11/2026 3:15
not_found,LandsMaps ไม่พบโฉนด,9255,10_30_40460,10,30,40460,กรุงเทพมหานคร,จตุจักร,2,ห้องชุด/คอนโด,,,24.71,"138,374,045,640,457,000,000,000,000,000",7/11/2026 3:15
not_found,LandsMaps ไม่พบโฉนด,9256,10_05_19290,10,5,19290,กรุงเทพมหานคร,บางเขน(บางซื่อ),2,ห้องชุด/คอนโด,,,28.64,"1,929,019,291",7/11/2026 3:15
not_found,LandsMaps ไม่พบโฉนด,9256,10_05_19291,10,5,19291,กรุงเทพมหานคร,บางเขน(บางซื่อ),2,ห้องชุด/คอนโด,,,28.64,"1,929,019,291",7/11/2026 3:15
not_found,LandsMaps ไม่พบโฉนด,9257,10_17_3202,10,17,3202,กรุงเทพมหานคร,ห้วยขวาง,2,ห้องชุด/คอนโด,,,69.17,3202,7/11/2026 3:15
not_found,LandsMaps ไม่พบโฉนด,9258,10_27_18321,10,27,18321,กรุงเทพมหานคร,บึงกุ่ม,3,ที่ดิน+สิ่งปลูกสร้าง,,,20,18321,7/11/2026 3:15
not_found,LandsMaps ไม่พบโฉนด,9259,10_06_247667,10,6,247667,กรุงเทพมหานคร,บางกะปิ,2,ห้องชุด/คอนโด,,,68.97,247667,7/11/2026 3:15
not_found,LandsMaps ไม่พบโฉนด,9260,10_45_2281,10,45,2281,กรุงเทพมหานคร,วังทองหลาง,3,ที่ดิน+สิ่งปลูกสร้าง,,,38.4,2281,7/11/2026 3:15
not_found,LandsMaps ไม่พบโฉนด,9261,10_17_5682,10,17,5682,กรุงเทพมหานคร,ห้วยขวาง,2,ห้องชุด/คอนโด,,,22.98,"36,835,676,567,756,700,000,000,000,000,000",7/11/2026 3:15
not_found,LandsMaps ไม่พบโฉนด,9261,10_17_5700,10,17,5700,กรุงเทพมหานคร,ห้วยขวาง,2,ห้องชุด/คอนโด,,,22.98,"36,835,676,567,756,700,000,000,000,000,000",7/11/2026 3:15
not_found,LandsMaps ไม่พบโฉนด,9262,10_06_194618,10,6,194618,กรุงเทพมหานคร,บางกะปิ,3,ที่ดิน+สิ่งปลูกสร้าง,,,18.9,194618,7/11/2026 3:15
not_found,LandsMaps ไม่พบโฉนด,9263,10_27_27348,10,27,27348,กรุงเทพมหานคร,บึงกุ่ม,2,ห้องชุด/คอนโด,,,37.64,27348,7/11/2026 3:15
not_found,LandsMaps ไม่พบโฉนด,9264,10_06_11499,10,6,11499,กรุงเทพมหานคร,บางกะปิ,2,ห้องชุด/คอนโด,,,30,11499,7/11/2026 3:15
not_found,LandsMaps ไม่พบโฉนด,9265,10_29_3084,10,29,3084,กรุงเทพมหานคร,บางซื่อ,2,ห้องชุด/คอนโด,,,32.07,"3084,44082-5,100085,171619,100087,122000-3,171617 ฯลฯ",7/11/2026 3:15
not_found,LandsMaps ไม่พบโฉนด,9265,10_29_44082,10,29,44082,กรุงเทพมหานคร,บางซื่อ,2,ห้องชุด/คอนโด,,,32.07,"3084,44082-5,100085,171619,100087,122000-3,171617 ฯลฯ",7/11/2026 3:15
not_found,LandsMaps ไม่พบโฉนด,9265,10_29_44083,10,29,44083,กรุงเทพมหานคร,บางซื่อ,2,ห้องชุด/คอนโด,,,32.07,"3084,44082-5,100085,171619,100087,122000-3,171617 ฯลฯ",7/11/2026 3:15
not_found,LandsMaps ไม่พบโฉนด,9265,10_29_44084,10,29,44084,กรุงเทพมหานคร,บางซื่อ,2,ห้องชุด/คอนโด,,,32.07,"3084,44082-5,100085,171619,100087,122000-3,171617 ฯลฯ",7/11/2026 3:15
not_found,LandsMaps ไม่พบโฉนด,9265,10_29_44085,10,29,44085,กรุงเทพมหานคร,บางซื่อ,2,ห้องชุด/คอนโด,,,32.07,"3084,44082-5,100085,171619,100087,122000-3,171617 ฯลฯ",7/11/2026 3:15
not_found,LandsMaps ไม่พบโฉนด,9265,10_29_100085,10,29,100085,กรุงเทพมหานคร,บางซื่อ,2,ห้องชุด/คอนโด,,,32.07,"3084,44082-5,100085,171619,100087,122000-3,171617 ฯลฯ",7/11/2026 3:15
not_found,LandsMaps ไม่พบโฉนด,9265,10_29_171619,10,29,171619,กรุงเทพมหานคร,บางซื่อ,2,ห้องชุด/คอนโด,,,32.07,"3084,44082-5,100085,171619,100087,122000-3,171617 ฯลฯ",7/11/2026 3:15
not_found,LandsMaps ไม่พบโฉนด,9265,10_29_100087,10,29,100087,กรุงเทพมหานคร,บางซื่อ,2,ห้องชุด/คอนโด,,,32.07,"3084,44082-5,100085,171619,100087,122000-3,171617 ฯลฯ",7/11/2026 3:15
not_found,LandsMaps ไม่พบโฉนด,9265,10_29_122000,10,29,122000,กรุงเทพมหานคร,บางซื่อ,2,ห้องชุด/คอนโด,,,32.07,"3084,44082-5,100085,171619,100087,122000-3,171617 ฯลฯ",7/11/2026 3:15
not_found,LandsMaps ไม่พบโฉนด,9265,10_29_122001,10,29,122001,กรุงเทพมหานคร,บางซื่อ,2,ห้องชุด/คอนโด,,,32.07,"3084,44082-5,100085,171619,100087,122000-3,171617 ฯลฯ",7/11/2026 3:16
not_found,LandsMaps ไม่พบโฉนด,9265,10_29_122002,10,29,122002,กรุงเทพมหานคร,บางซื่อ,2,ห้องชุด/คอนโด,,,32.07,"3084,44082-5,100085,171619,100087,122000-3,171617 ฯลฯ",7/11/2026 3:16
not_found,LandsMaps ไม่พบโฉนด,9265,10_29_122003,10,29,122003,กรุงเทพมหานคร,บางซื่อ,2,ห้องชุด/คอนโด,,,32.07,"3084,44082-5,100085,171619,100087,122000-3,171617 ฯลฯ",7/11/2026 3:16
not_found,LandsMaps ไม่พบโฉนด,9265,10_29_171617,10,29,171617,กรุงเทพมหานคร,บางซื่อ,2,ห้องชุด/คอนโด,,,32.07,"3084,44082-5,100085,171619,100087,122000-3,171617 ฯลฯ",7/11/2026 3:16
not_found,LandsMaps ไม่พบโฉนด,9266,10_41_5237,10,41,5237,กรุงเทพมหานคร,หลักสี่(ดอนเมือง),2,ห้องชุด/คอนโด,,,28.55,5237,7/11/2026 3:16
not_found,LandsMaps ไม่พบโฉนด,9267,10_30_11787,10,30,11787,กรุงเทพมหานคร,จตุจักร,2,ห้องชุด/คอนโด,,,24.68,"1,178,711,788",7/11/2026 3:16
not_found,LandsMaps ไม่พบโฉนด,9267,10_30_11788,10,30,11788,กรุงเทพมหานคร,จตุจักร,2,ห้องชุด/คอนโด,,,24.68,"1,178,711,788",7/11/2026 3:16
not_found,LandsMaps ไม่พบโฉนด,9268,10_36_133144,10,36,133144,กรุงเทพมหานคร,ดอนเมือง(ตลาดขวัญ),3,ที่ดิน+สิ่งปลูกสร้าง,,,16,133144,7/11/2026 3:16
not_found,LandsMaps ไม่พบโฉนด,9269,10_45_4736,10,45,4736,กรุงเทพมหานคร,วังทองหลาง,2,ห้องชุด/คอนโด,,,65.34,4736,7/11/2026 3:16
not_found,LandsMaps ไม่พบโฉนด,9270,10_06_200341,10,6,200341,กรุงเทพมหานคร,บางกะปิ,3,ที่ดิน+สิ่งปลูกสร้าง,,,16,200341,7/11/2026 3:16
not_found,LandsMaps ไม่พบโฉนด,9271,10_06_180355,10,6,180355,กรุงเทพมหานคร,บางกะปิ,3,ที่ดิน+สิ่งปลูกสร้าง,,,23,180355,7/11/2026 3:16
not_found,LandsMaps ไม่พบโฉนด,9272,10_06_180367,10,6,180367,กรุงเทพมหานคร,บางกะปิ,3,ที่ดิน+สิ่งปลูกสร้าง,,,20,180367,7/11/2026 3:16
not_found,LandsMaps ไม่พบโฉนด,9273,10_29_1568,10,29,1568,กรุงเทพมหานคร,บางซื่อ,2,ห้องชุด/คอนโด,,,62.04,1568,7/11/2026 3:16
not_found,LandsMaps ไม่พบโฉนด,9275,10_30_41301,10,30,41301,กรุงเทพมหานคร,จตุจักร,2,ห้องชุด/คอนโด,,,26.66,"41,301,413,024,130,300,000",7/11/2026 3:16
not_found,LandsMaps ไม่พบโฉนด,9275,10_30_41302,10,30,41302,กรุงเทพมหานคร,จตุจักร,2,ห้องชุด/คอนโด,,,26.66,"41,301,413,024,130,300,000",7/11/2026 3:16
not_found,LandsMaps ไม่พบโฉนด,9275,10_30_41303,10,30,41303,กรุงเทพมหานคร,จตุจักร,2,ห้องชุด/คอนโด,,,26.66,"41,301,413,024,130,300,000",7/11/2026 3:16
not_found,LandsMaps ไม่พบโฉนด,9275,10_30_41304,10,30,41304,กรุงเทพมหานคร,จตุจักร,2,ห้องชุด/คอนโด,,,26.66,"41,301,413,024,130,300,000",7/11/2026 3:16
not_found,LandsMaps ไม่พบโฉนด,9276,10_30_12844,10,30,12844,กรุงเทพมหานคร,จตุจักร,2,ห้องชุด/คอนโด,,,40.78,"12,844,128,451,284,600,000",7/11/2026 3:16
not_found,LandsMaps ไม่พบโฉนด,9276,10_30_12845,10,30,12845,กรุงเทพมหานคร,จตุจักร,2,ห้องชุด/คอนโด,,,40.78,"12,844,128,451,284,600,000",7/11/2026 3:16
not_found,LandsMaps ไม่พบโฉนด,9276,10_30_12846,10,30,12846,กรุงเทพมหานคร,จตุจักร,2,ห้องชุด/คอนโด,,,40.78,"12,844,128,451,284,600,000",7/11/2026 3:16
not_found,LandsMaps ไม่พบโฉนด,9276,10_30_12847,10,30,12847,กรุงเทพมหานคร,จตุจักร,2,ห้องชุด/คอนโด,,,40.78,"12,844,128,451,284,600,000",7/11/2026 3:16
not_found,LandsMaps ไม่พบโฉนด,9277,10_45_4736,10,45,4736,กรุงเทพมหานคร,วังทองหลาง,2,ห้องชุด/คอนโด,,,36.43,4736,7/11/2026 3:16
not_found,LandsMaps ไม่พบโฉนด,9278,10_06_1003,10,6,1003,กรุงเทพมหานคร,บางกะปิ,2,ห้องชุด/คอนโด,,,32.88,1003,7/11/2026 3:16
not_found,LandsMaps ไม่พบโฉนด,9279,10_05_24738,10,5,24738,กรุงเทพมหานคร,บางเขน(บางซื่อ),2,ห้องชุด/คอนโด,,,31.25,24738,7/11/2026 3:16
not_found,LandsMaps ไม่พบโฉนด,9280,10_27_30172,10,27,30172,กรุงเทพมหานคร,บึงกุ่ม,2,ห้องชุด/คอนโด,,,22.35,"3,017,230,173",7/11/2026 3:16
not_found,LandsMaps ไม่พบโฉนด,9280,10_27_30173,10,27,30173,กรุงเทพมหานคร,บึงกุ่ม,2,ห้องชุด/คอนโด,,,22.35,"3,017,230,173",7/11/2026 3:16
not_found,LandsMaps ไม่พบโฉนด,9281,10_06_2069,10,6,2069,กรุงเทพมหานคร,บางกะปิ,2,ห้องชุด/คอนโด,,,33.73,"2069, 251669, 251670, 251671",7/11/2026 3:16
not_found,LandsMaps ไม่พบโฉนด,9281,10_06_251669,10,6,251669,กรุงเทพมหานคร,บางกะปิ,2,ห้องชุด/คอนโด,,,33.73,"2069, 251669, 251670, 251671",7/11/2026 3:16
not_found,LandsMaps ไม่พบโฉนด,9281,10_06_251670,10,6,251670,กรุงเทพมหานคร,บางกะปิ,2,ห้องชุด/คอนโด,,,33.73,"2069, 251669, 251670, 251671",7/11/2026 3:16
not_found,LandsMaps ไม่พบโฉนด,9281,10_06_251671,10,6,251671,กรุงเทพมหานคร,บางกะปิ,2,ห้องชุด/คอนโด,,,33.73,"2069, 251669, 251670, 251671",7/11/2026 3:16
not_found,LandsMaps ไม่พบโฉนด,9282,10_29_49817,10,29,49817,กรุงเทพมหานคร,บางซื่อ,2,ห้องชุด/คอนโด,,,28.37,"49,817,498,184,981,900,000,000,000,000,000,000,000,000,000",7/11/2026 3:16
not_found,LandsMaps ไม่พบโฉนด,9282,10_29_49818,10,29,49818,กรุงเทพมหานคร,บางซื่อ,2,ห้องชุด/คอนโด,,,28.37,"49,817,498,184,981,900,000,000,000,000,000,000,000,000,000",7/11/2026 3:16
not_found,LandsMaps ไม่พบโฉนด,9282,10_29_49819,10,29,49819,กรุงเทพมหานคร,บางซื่อ,2,ห้องชุด/คอนโด,,,28.37,"49,817,498,184,981,900,000,000,000,000,000,000,000,000,000",7/11/2026 3:16
not_found,LandsMaps ไม่พบโฉนด,9282,10_29_76736,10,29,76736,กรุงเทพมหานคร,บางซื่อ,2,ห้องชุด/คอนโด,,,28.37,"49,817,498,184,981,900,000,000,000,000,000,000,000,000,000",7/11/2026 3:16
not_found,LandsMaps ไม่พบโฉนด,9282,10_29_105437,10,29,105437,กรุงเทพมหานคร,บางซื่อ,2,ห้องชุด/คอนโด,,,28.37,"49,817,498,184,981,900,000,000,000,000,000,000,000,000,000",7/11/2026 3:16
not_found,LandsMaps ไม่พบโฉนด,9282,10_29_105438,10,29,105438,กรุงเทพมหานคร,บางซื่อ,2,ห้องชุด/คอนโด,,,28.37,"49,817,498,184,981,900,000,000,000,000,000,000,000,000,000",7/11/2026 3:16
not_found,LandsMaps ไม่พบโฉนด,9282,10_29_122391,10,29,122391,กรุงเทพมหานคร,บางซื่อ,2,ห้องชุด/คอนโด,,,28.37,"49,817,498,184,981,900,000,000,000,000,000,000,000,000,000",7/11/2026 3:16
not_found,LandsMaps ไม่พบโฉนด,9282,10_29_171346,10,29,171346,กรุงเทพมหานคร,บางซื่อ,2,ห้องชุด/คอนโด,,,28.37,"49,817,498,184,981,900,000,000,000,000,000,000,000,000,000",7/11/2026 3:16
not_found,LandsMaps ไม่พบโฉนด,9283,10_06_242458,10,6,242458,กรุงเทพมหานคร,บางกะปิ,2,ห้องชุด/คอนโด,,,62.87,"242,458,242,459,242,000",7/11/2026 3:16
not_found,LandsMaps ไม่พบโฉนด,9283,10_06_242459,10,6,242459,กรุงเทพมหานคร,บางกะปิ,2,ห้องชุด/คอนโด,,,62.87,"242,458,242,459,242,000",7/11/2026 3:16
not_found,LandsMaps ไม่พบโฉนด,9283,10_06_242460,10,6,242460,กรุงเทพมหานคร,บางกะปิ,2,ห้องชุด/คอนโด,,,62.87,"242,458,242,459,242,000",7/11/2026 3:16
not_found,LandsMaps ไม่พบโฉนด,9284,10_05_104023,10,5,104023,กรุงเทพมหานคร,บางเขน(ตลาดขวัญ),3,ที่ดิน+สิ่งปลูกสร้าง,,,50,104023,7/11/2026 3:16
not_found,LandsMaps ไม่พบโฉนด,9285,10_06_8797,10,6,8797,กรุงเทพมหานคร,บางกะปิ,2,ห้องชุด/คอนโด,,,24.95,"879,724,809,248,102,000,000,000",7/11/2026 3:16
not_found,LandsMaps ไม่พบโฉนด,9285,10_06_24809,10,6,24809,กรุงเทพมหานคร,บางกะปิ,2,ห้องชุด/คอนโด,,,24.95,"879,724,809,248,102,000,000,000",7/11/2026 3:16
not_found,LandsMaps ไม่พบโฉนด,9285,10_06_24810,10,6,24810,กรุงเทพมหานคร,บางกะปิ,2,ห้องชุด/คอนโด,,,24.95,"879,724,809,248,102,000,000,000",7/11/2026 3:16
not_found,LandsMaps ไม่พบโฉนด,9285,10_06_24811,10,6,24811,กรุงเทพมหานคร,บางกะปิ,2,ห้องชุด/คอนโด,,,24.95,"879,724,809,248,102,000,000,000",7/11/2026 3:16
not_found,LandsMaps ไม่พบโฉนด,9285,10_06_24812,10,6,24812,กรุงเทพมหานคร,บางกะปิ,2,ห้องชุด/คอนโด,,,24.95,"879,724,809,248,102,000,000,000",7/11/2026 3:16
not_found,LandsMaps ไม่พบโฉนด,9286,10_30_41152,10,30,41152,กรุงเทพมหานคร,จตุจักร,2,ห้องชุด/คอนโด,,,59.75,41152,7/11/2026 3:16
not_found,LandsMaps ไม่พบโฉนด,9287,10_06_7478,10,6,7478,กรุงเทพมหานคร,บางกะปิ,2,ห้องชุด/คอนโด,,,34.95,7478,7/11/2026 3:16
not_found,LandsMaps ไม่พบโฉนด,9288,10_14_20967,10,14,20967,กรุงเทพมหานคร,พญาไท(บางชื่อ),2,ห้องชุด/คอนโด,,,30,"2,096,720,968",7/11/2026 3:16
not_found,LandsMaps ไม่พบโฉนด,9288,10_14_20968,10,14,20968,กรุงเทพมหานคร,พญาไท(บางชื่อ),2,ห้องชุด/คอนโด,,,30,"2,096,720,968",7/11/2026 3:16
not_found,LandsMaps ไม่พบโฉนด,9289,10_06_151705,10,6,151705,กรุงเทพมหานคร,บางกะปิ,2,ห้องชุด/คอนโด,,,46.94,151705,7/11/2026 3:16
not_found,LandsMaps ไม่พบโฉนด,9290,10_06_134142,10,6,134142,กรุงเทพมหานคร,บางกะปิ,3,ที่ดิน+สิ่งปลูกสร้าง,,,21.4,134142,7/11/2026 3:16
not_found,LandsMaps ไม่พบโฉนด,9291,10_17_96879,10,17,96879,กรุงเทพมหานคร,ห้วยขวาง(บางซื่อ),2,ห้องชุด/คอนโด,,,34.28,96879,7/11/2026 3:16
not_found,LandsMaps ไม่พบโฉนด,9292,10_17_2497,10,17,2497,กรุงเทพมหานคร,ห้วยขวาง,2,ห้องชุด/คอนโด,,,25.82,"2,497,249,824,992,500",7/11/2026 3:16
not_found,LandsMaps ไม่พบโฉนด,9292,10_17_2498,10,17,2498,กรุงเทพมหานคร,ห้วยขวาง,2,ห้องชุด/คอนโด,,,25.82,"2,497,249,824,992,500",7/11/2026 3:16
not_found,LandsMaps ไม่พบโฉนด,9292,10_17_2499,10,17,2499,กรุงเทพมหานคร,ห้วยขวาง,2,ห้องชุด/คอนโด,,,25.82,"2,497,249,824,992,500",7/11/2026 3:16
not_found,LandsMaps ไม่พบโฉนด,9292,10_17_2503,10,17,2503,กรุงเทพมหานคร,ห้วยขวาง,2,ห้องชุด/คอนโด,,,25.82,"2,497,249,824,992,500",7/11/2026 3:16
not_found,LandsMaps ไม่พบโฉนด,9293,10_27_30172,10,27,30172,กรุงเทพมหานคร,บึงกุ่ม,2,ห้องชุด/คอนโด,,,22.35,"3,017,230,173",7/11/2026 3:16
not_found,LandsMaps ไม่พบโฉนด,9293,10_27_30173,10,27,30173,กรุงเทพมหานคร,บึงกุ่ม,2,ห้องชุด/คอนโด,,,22.35,"3,017,230,173",7/11/2026 3:16
not_found,LandsMaps ไม่พบโฉนด,9294,10_17_713,10,17,713,กรุงเทพมหานคร,ห้วยขวาง,2,ห้องชุด/คอนโด,,,28.21,713,7/11/2026 3:16
not_found,LandsMaps ไม่พบโฉนด,9295,10_17_713,10,17,713,กรุงเทพมหานคร,ห้วยขวาง,2,ห้องชุด/คอนโด,,,33.12,713,7/11/2026 3:16
not_found,LandsMaps ไม่พบโฉนด,9296,10_06_253080,10,6,253080,กรุงเทพมหานคร,บางกะปิ,2,ห้องชุด/คอนโด,,,30.88,253080,7/11/2026 3:16
not_found,LandsMaps ไม่พบโฉนด,9297,10_17_2301,10,17,2301,กรุงเทพมหานคร,ห้วยขวาง,2,ห้องชุด/คอนโด,,,44.67,2301,7/11/2026 3:16
not_found,LandsMaps ไม่พบโฉนด,9298,10_05_1865,10,5,1865,กรุงเทพมหานคร,บางเขน,2,ห้องชุด/คอนโด,,,37.68,"1865, 219956, 219957, 219958, 219959, 219960, 219961",7/11/2026 3:16
not_found,LandsMaps ไม่พบโฉนด,9298,10_05_219956,10,5,219956,กรุงเทพมหานคร,บางเขน,2,ห้องชุด/คอนโด,,,37.68,"1865, 219956, 219957, 219958, 219959, 219960, 219961",7/11/2026 3:16
not_found,LandsMaps ไม่พบโฉนด,9298,10_05_219957,10,5,219957,กรุงเทพมหานคร,บางเขน,2,ห้องชุด/คอนโด,,,37.68,"1865, 219956, 219957, 219958, 219959, 219960, 219961",7/11/2026 3:16
not_found,LandsMaps ไม่พบโฉนด,9298,10_05_219958,10,5,219958,กรุงเทพมหานคร,บางเขน,2,ห้องชุด/คอนโด,,,37.68,"1865, 219956, 219957, 219958, 219959, 219960, 219961",7/11/2026 3:16
not_found,LandsMaps ไม่พบโฉนด,9298,10_05_219959,10,5,219959,กรุงเทพมหานคร,บางเขน,2,ห้องชุด/คอนโด,,,37.68,"1865, 219956, 219957, 219958, 219959, 219960, 219961",7/11/2026 3:16
not_found,LandsMaps ไม่พบโฉนด,9298,10_05_219960,10,5,219960,กรุงเทพมหานคร,บางเขน,2,ห้องชุด/คอนโด,,,37.68,"1865, 219956, 219957, 219958, 219959, 219960, 219961",7/11/2026 3:16
not_found,LandsMaps ไม่พบโฉนด,9298,10_05_219961,10,5,219961,กรุงเทพมหานคร,บางเขน,2,ห้องชุด/คอนโด,,,37.68,"1865, 219956, 219957, 219958, 219959, 219960, 219961",7/11/2026 3:16
not_found,LandsMaps ไม่พบโฉนด,9300,10_06_171130,10,6,171130,กรุงเทพมหานคร,บางกะปิ,3,ที่ดิน+สิ่งปลูกสร้าง,,1,,171130,7/11/2026 3:16
not_found,LandsMaps ไม่พบโฉนด,9301,10_38_171131,10,38,171131,กรุงเทพมหานคร,ลาดพร้าว,3,ที่ดิน+สิ่งปลูกสร้าง,,1,,171131,7/11/2026 3:16
not_found,LandsMaps ไม่พบโฉนด,9302,10_36_22611,10,36,22611,กรุงเทพมหานคร,ดอนเมือง,2,ห้องชุด/คอนโด,,,28.66,"22611, 22612, 22436",7/11/2026 3:16
not_found,LandsMaps ไม่พบโฉนด,9302,10_36_22612,10,36,22612,กรุงเทพมหานคร,ดอนเมือง,2,ห้องชุด/คอนโด,,,28.66,"22611, 22612, 22436",7/11/2026 3:16
not_found,LandsMaps ไม่พบโฉนด,9302,10_36_22436,10,36,22436,กรุงเทพมหานคร,ดอนเมือง,2,ห้องชุด/คอนโด,,,28.66,"22611, 22612, 22436",7/11/2026 3:16
not_found,LandsMaps ไม่พบโฉนด,9303,10_45_6111,10,45,6111,กรุงเทพมหานคร,วังทองหลาง,3,ที่ดิน+สิ่งปลูกสร้าง,,,17.6,6111,7/11/2026 3:16
not_found,LandsMaps ไม่พบโฉนด,9304,10_42_38933,10,42,38933,กรุงเทพมหานคร,สายไหม,3,ที่ดิน+สิ่งปลูกสร้าง,,,18.6,38933,7/11/2026 3:16
not_found,LandsMaps ไม่พบโฉนด,9305,10_02_1958,10,2,1958,กรุงเทพมหานคร,ดุสิต,2,ห้องชุด/คอนโด,,,42.5,"19,581,826",7/11/2026 3:16
not_found,LandsMaps ไม่พบโฉนด,9305,10_02_1826,10,2,1826,กรุงเทพมหานคร,ดุสิต,2,ห้องชุด/คอนโด,,,42.5,"19,581,826",7/11/2026 3:16
not_found,LandsMaps ไม่พบโฉนด,9306,10_42_34986,10,42,34986,กรุงเทพมหานคร,สายไหม,3,ที่ดิน+สิ่งปลูกสร้าง,,,60,34986,7/11/2026 3:16
not_found,LandsMaps ไม่พบโฉนด,9307,10_05_62803,10,5,62803,กรุงเทพมหานคร,บางเขน,3,ที่ดิน+สิ่งปลูกสร้าง,,1,4,62803,7/11/2026 3:16
not_found,LandsMaps ไม่พบโฉนด,9308,10_14_72709,10,14,72709,กรุงเทพมหานคร,พญาไท,2,ห้องชุด/คอนโด,,,29.34,72709,7/11/2026 3:16
not_found,LandsMaps ไม่พบโฉนด,9309,10_06_204023,10,6,204023,กรุงเทพมหานคร,บางกะปิ,3,ที่ดิน+สิ่งปลูกสร้าง,,,17,204023,7/11/2026 3:16
not_found,LandsMaps ไม่พบโฉนด,9310,10_36_18689,10,36,18689,กรุงเทพมหานคร,ดอนเมือง,3,ที่ดิน+สิ่งปลูกสร้าง,,,19.2,18689,7/11/2026 3:16
not_found,LandsMaps ไม่พบโฉนด,9311,10_05_46313,10,5,46313,กรุงเทพมหานคร,บางเขน,3,ที่ดิน+สิ่งปลูกสร้าง,,,95,46313,7/11/2026 3:16
not_found,LandsMaps ไม่พบโฉนด,9312,10_29_2094,10,29,2094,กรุงเทพมหานคร,บางซื่อ,2,ห้องชุด/คอนโด,,,30.26,2094,7/11/2026 3:16
not_found,LandsMaps ไม่พบโฉนด,9313,10_05_121237,10,5,121237,กรุงเทพมหานคร,บางเขน,3,ที่ดิน+สิ่งปลูกสร้าง,,,32,121237,7/11/2026 3:17
not_found,LandsMaps ไม่พบโฉนด,9314,10_29_105451,10,29,105451,กรุงเทพมหานคร,บางซื่อ,3,ที่ดิน+สิ่งปลูกสร้าง,,1,77,105451,7/11/2026 3:17
not_found,LandsMaps ไม่พบโฉนด,9315,10_21_63974,10,21,63974,กรุงเทพมหานคร,บางขุนเทียน,3,ที่ดิน+สิ่งปลูกสร้าง,,,40.8,63974,7/11/2026 3:17
not_found,LandsMaps ไม่พบโฉนด,9316,10_06_242443,10,6,242443,กรุงเทพมหานคร,บางกะปิ,2,ห้องชุด/คอนโด,,,62.87,"242,443,242,444",7/11/2026 3:17
not_found,LandsMaps ไม่พบโฉนด,9316,10_06_242444,10,6,242444,กรุงเทพมหานคร,บางกะปิ,2,ห้องชุด/คอนโด,,,62.87,"242,443,242,444",7/11/2026 3:17
not_found,LandsMaps ไม่พบโฉนด,9317,10_17_100943,10,17,100943,กรุงเทพมหานคร,ห้วยขวาง,3,ที่ดิน+สิ่งปลูกสร้าง,,,15,100943,7/11/2026 3:17
not_found,LandsMaps ไม่พบโฉนด,9318,10_06_96498,10,6,96498,กรุงเทพมหานคร,บางกะปิ,3,ที่ดิน+สิ่งปลูกสร้าง,,,15,96498,7/11/2026 3:17
not_found,LandsMaps ไม่พบโฉนด,9319,10_06_96499,10,6,96499,กรุงเทพมหานคร,บางกะปิ,3,ที่ดิน+สิ่งปลูกสร้าง,,,15,96499,7/11/2026 3:17
not_found,LandsMaps ไม่พบโฉนด,9320,10_29_4856,10,29,4856,กรุงเทพมหานคร,บางซื่อ,3,ที่ดิน+สิ่งปลูกสร้าง,4,1,40,4856,7/11/2026 3:17
not_found,LandsMaps ไม่พบโฉนด,9321,10_06_158087,10,6,158087,กรุงเทพมหานคร,บางกะปิ,3,ที่ดิน+สิ่งปลูกสร้าง,,1,4,158087,7/11/2026 3:17
not_found,LandsMaps ไม่พบโฉนด,9322,10_05_130319,10,5,130319,กรุงเทพมหานคร,บางเขน,3,ที่ดิน+สิ่งปลูกสร้าง,,,65,130319,7/11/2026 3:17
not_found,LandsMaps ไม่พบโฉนด,9323,10_02_1310,10,2,1310,กรุงเทพมหานคร,ดุสิต,2,ห้องชุด/คอนโด,,,47.77,"1,310,821,298,213,080,000,000,000,000,000,000",7/11/2026 3:17
not_found,LandsMaps ไม่พบโฉนด,9323,10_02_82129,10,2,82129,กรุงเทพมหานคร,ดุสิต,2,ห้องชุด/คอนโด,,,47.77,"1,310,821,298,213,080,000,000,000,000,000,000",7/11/2026 3:17
not_found,LandsMaps ไม่พบโฉนด,9323,10_02_82130,10,2,82130,กรุงเทพมหานคร,ดุสิต,2,ห้องชุด/คอนโด,,,47.77,"1,310,821,298,213,080,000,000,000,000,000,000",7/11/2026 3:17
not_found,LandsMaps ไม่พบโฉนด,9323,10_02_83726,10,2,83726,กรุงเทพมหานคร,ดุสิต,2,ห้องชุด/คอนโด,,,47.77,"1,310,821,298,213,080,000,000,000,000,000,000",7/11/2026 3:17
not_found,LandsMaps ไม่พบโฉนด,9323,10_02_86061,10,2,86061,กรุงเทพมหานคร,ดุสิต,2,ห้องชุด/คอนโด,,,47.77,"1,310,821,298,213,080,000,000,000,000,000,000",7/11/2026 3:17
not_found,LandsMaps ไม่พบโฉนด,9323,10_02_86062,10,2,86062,กรุงเทพมหานคร,ดุสิต,2,ห้องชุด/คอนโด,,,47.77,"1,310,821,298,213,080,000,000,000,000,000,000",7/11/2026 3:17
not_found,LandsMaps ไม่พบโฉนด,9323,10_02_73377,10,2,73377,กรุงเทพมหานคร,ดุสิต,2,ห้องชุด/คอนโด,,,47.77,"1,310,821,298,213,080,000,000,000,000,000,000",7/11/2026 3:17
not_found,LandsMaps ไม่พบโฉนด,9324,10_36_18371,10,36,18371,กรุงเทพมหานคร,ดอนเมือง,2,ห้องชุด/คอนโด,,,25.54,18371,7/11/2026 3:17
not_found,LandsMaps ไม่พบโฉนด,9326,10_02_26736,10,2,26736,กรุงเทพมหานคร,ดุสิต,2,ห้องชุด/คอนโด,,,37.46,"26736,26737,26738,26739,26742-26745",7/11/2026 3:17
not_found,LandsMaps ไม่พบโฉนด,9326,10_02_26737,10,2,26737,กรุงเทพมหานคร,ดุสิต,2,ห้องชุด/คอนโด,,,37.46,"26736,26737,26738,26739,26742-26745",7/11/2026 3:17
not_found,LandsMaps ไม่พบโฉนด,9326,10_02_26738,10,2,26738,กรุงเทพมหานคร,ดุสิต,2,ห้องชุด/คอนโด,,,37.46,"26736,26737,26738,26739,26742-26745",7/11/2026 3:17
not_found,LandsMaps ไม่พบโฉนด,9326,10_02_26739,10,2,26739,กรุงเทพมหานคร,ดุสิต,2,ห้องชุด/คอนโด,,,37.46,"26736,26737,26738,26739,26742-26745",7/11/2026 3:17
not_found,LandsMaps ไม่พบโฉนด,9326,10_02_26742,10,2,26742,กรุงเทพมหานคร,ดุสิต,2,ห้องชุด/คอนโด,,,37.46,"26736,26737,26738,26739,26742-26745",7/11/2026 3:17
not_found,LandsMaps ไม่พบโฉนด,9326,10_02_26743,10,2,26743,กรุงเทพมหานคร,ดุสิต,2,ห้องชุด/คอนโด,,,37.46,"26736,26737,26738,26739,26742-26745",7/11/2026 3:17
not_found,LandsMaps ไม่พบโฉนด,9326,10_02_26744,10,2,26744,กรุงเทพมหานคร,ดุสิต,2,ห้องชุด/คอนโด,,,37.46,"26736,26737,26738,26739,26742-26745",7/11/2026 3:17
not_found,LandsMaps ไม่พบโฉนด,9326,10_02_26745,10,2,26745,กรุงเทพมหานคร,ดุสิต,2,ห้องชุด/คอนโด,,,37.46,"26736,26737,26738,26739,26742-26745",7/11/2026 3:17
not_found,LandsMaps ไม่พบโฉนด,9327,10_06_2069,10,6,2069,กรุงเทพมหานคร,บางกะปิ,2,ห้องชุด/คอนโด,,,33.73,"2,069,251,669,251,670,000,000",7/11/2026 3:17
not_found,LandsMaps ไม่พบโฉนด,9327,10_06_251669,10,6,251669,กรุงเทพมหานคร,บางกะปิ,2,ห้องชุด/คอนโด,,,33.73,"2,069,251,669,251,670,000,000",7/11/2026 3:17
not_found,LandsMaps ไม่พบโฉนด,9327,10_06_251670,10,6,251670,กรุงเทพมหานคร,บางกะปิ,2,ห้องชุด/คอนโด,,,33.73,"2,069,251,669,251,670,000,000",7/11/2026 3:17
not_found,LandsMaps ไม่พบโฉนด,9327,10_06_251671,10,6,251671,กรุงเทพมหานคร,บางกะปิ,2,ห้องชุด/คอนโด,,,33.73,"2,069,251,669,251,670,000,000",7/11/2026 3:17
not_found,LandsMaps ไม่พบโฉนด,9328,10_01_2416,10,1,2416,กรุงเทพมหานคร,พระนคร,2,ห้องชุด/คอนโด,,,8.67,"24,162,417",7/11/2026 3:17
not_found,LandsMaps ไม่พบโฉนด,9328,10_01_2417,10,1,2417,กรุงเทพมหานคร,พระนคร,2,ห้องชุด/คอนโด,,,8.67,"24,162,417",7/11/2026 3:17
not_found,LandsMaps ไม่พบโฉนด,9329,10_30_41301,10,30,41301,กรุงเทพมหานคร,จตุจักร,2,ห้องชุด/คอนโด,,,22.44,"41,301,413,024,130,300,000",7/11/2026 3:17
not_found,LandsMaps ไม่พบโฉนด,9329,10_30_41302,10,30,41302,กรุงเทพมหานคร,จตุจักร,2,ห้องชุด/คอนโด,,,22.44,"41,301,413,024,130,300,000",7/11/2026 3:17
not_found,LandsMaps ไม่พบโฉนด,9329,10_30_41303,10,30,41303,กรุงเทพมหานคร,จตุจักร,2,ห้องชุด/คอนโด,,,22.44,"41,301,413,024,130,300,000",7/11/2026 3:17
not_found,LandsMaps ไม่พบโฉนด,9329,10_30_41304,10,30,41304,กรุงเทพมหานคร,จตุจักร,2,ห้องชุด/คอนโด,,,22.44,"41,301,413,024,130,300,000",7/11/2026 3:17
not_found,LandsMaps ไม่พบโฉนด,9330,10_27_9510,10,27,9510,กรุงเทพมหานคร,บึงกุ่ม,2,ห้องชุด/คอนโด,,,28.87,"9510 , 23034",7/11/2026 3:17
not_found,LandsMaps ไม่พบโฉนด,9330,10_27_23034,10,27,23034,กรุงเทพมหานคร,บึงกุ่ม,2,ห้องชุด/คอนโด,,,28.87,"9510 , 23034",7/11/2026 3:17
not_found,LandsMaps ไม่พบโฉนด,9331,10_30_40780,10,30,40780,กรุงเทพมหานคร,จตุจักร,2,ห้องชุด/คอนโด,,,35.36,"13,056,151,991,765,600,000,000,000,000,000,000",7/11/2026 3:17
not_found,LandsMaps ไม่พบโฉนด,9331,10_30_40781,10,30,40781,กรุงเทพมหานคร,จตุจักร,2,ห้องชุด/คอนโด,,,35.36,"13,056,151,991,765,600,000,000,000,000,000,000",7/11/2026 3:17
not_found,LandsMaps ไม่พบโฉนด,9332,10_45_9080,10,45,9080,กรุงเทพมหานคร,วังทองหลาง,2,ห้องชุด/คอนโด,,,24.69,"908,090,819,082",7/11/2026 3:17
not_found,LandsMaps ไม่พบโฉนด,9332,10_45_9081,10,45,9081,กรุงเทพมหานคร,วังทองหลาง,2,ห้องชุด/คอนโด,,,24.69,"908,090,819,082",7/11/2026 3:17
not_found,LandsMaps ไม่พบโฉนด,9332,10_45_9082,10,45,9082,กรุงเทพมหานคร,วังทองหลาง,2,ห้องชุด/คอนโด,,,24.69,"908,090,819,082",7/11/2026 3:17
not_found,LandsMaps ไม่พบโฉนด,9333,10_17_1590,10,17,1590,กรุงเทพมหานคร,ห้วยขวาง,2,ห้องชุด/คอนโด,,,69.21,1590,7/11/2026 3:17
not_found,LandsMaps ไม่พบโฉนด,9334,10_27_30172,10,27,30172,กรุงเทพมหานคร,บึงกุ่ม,2,ห้องชุด/คอนโด,,,22.35,"30172, 30173",7/11/2026 3:17
not_found,LandsMaps ไม่พบโฉนด,9334,10_27_30173,10,27,30173,กรุงเทพมหานคร,บึงกุ่ม,2,ห้องชุด/คอนโด,,,22.35,"30172, 30173",7/11/2026 3:17
not_found,LandsMaps ไม่พบโฉนด,9335,10_30_11773,10,30,11773,กรุงเทพมหานคร,จตุจักร,2,ห้องชุด/คอนโด,,,23.04,"11773 - 11775, 11830, 11832, 11861, 11862, 11863, 11864",7/11/2026 3:17
not_found,LandsMaps ไม่พบโฉนด,9335,10_30_11774,10,30,11774,กรุงเทพมหานคร,จตุจักร,2,ห้องชุด/คอนโด,,,23.04,"11773 - 11775, 11830, 11832, 11861, 11862, 11863, 11864",7/11/2026 3:17
not_found,LandsMaps ไม่พบโฉนด,9335,10_30_11775,10,30,11775,กรุงเทพมหานคร,จตุจักร,2,ห้องชุด/คอนโด,,,23.04,"11773 - 11775, 11830, 11832, 11861, 11862, 11863, 11864",7/11/2026 3:17
not_found,LandsMaps ไม่พบโฉนด,9335,10_30_11830,10,30,11830,กรุงเทพมหานคร,จตุจักร,2,ห้องชุด/คอนโด,,,23.04,"11773 - 11775, 11830, 11832, 11861, 11862, 11863, 11864",7/11/2026 3:17
not_found,LandsMaps ไม่พบโฉนด,9335,10_30_11832,10,30,11832,กรุงเทพมหานคร,จตุจักร,2,ห้องชุด/คอนโด,,,23.04,"11773 - 11775, 11830, 11832, 11861, 11862, 11863, 11864",7/11/2026 3:17
not_found,LandsMaps ไม่พบโฉนด,9335,10_30_11861,10,30,11861,กรุงเทพมหานคร,จตุจักร,2,ห้องชุด/คอนโด,,,23.04,"11773 - 11775, 11830, 11832, 11861, 11862, 11863, 11864",7/11/2026 3:17
not_found,LandsMaps ไม่พบโฉนด,9335,10_30_11862,10,30,11862,กรุงเทพมหานคร,จตุจักร,2,ห้องชุด/คอนโด,,,23.04,"11773 - 11775, 11830, 11832, 11861, 11862, 11863, 11864",7/11/2026 3:17
not_found,LandsMaps ไม่พบโฉนด,9335,10_30_11863,10,30,11863,กรุงเทพมหานคร,จตุจักร,2,ห้องชุด/คอนโด,,,23.04,"11773 - 11775, 11830, 11832, 11861, 11862, 11863, 11864",7/11/2026 3:17
not_found,LandsMaps ไม่พบโฉนด,9335,10_30_11864,10,30,11864,กรุงเทพมหานคร,จตุจักร,2,ห้องชุด/คอนโด,,,23.04,"11773 - 11775, 11830, 11832, 11861, 11862, 11863, 11864",7/11/2026 3:17
not_found,LandsMaps ไม่พบโฉนด,9336,10_05_29116,10,5,29116,กรุงเทพมหานคร,บางเขน,2,ห้องชุด/คอนโด,,,30.43,"29116, 29117, 91005",7/11/2026 3:17
not_found,LandsMaps ไม่พบโฉนด,9336,10_05_29117,10,5,29117,กรุงเทพมหานคร,บางเขน,2,ห้องชุด/คอนโด,,,30.43,"29116, 29117, 91005",7/11/2026 3:17
not_found,LandsMaps ไม่พบโฉนด,9336,10_05_91005,10,5,91005,กรุงเทพมหานคร,บางเขน,2,ห้องชุด/คอนโด,,,30.43,"29116, 29117, 91005",7/11/2026 3:17
not_found,LandsMaps ไม่พบโฉนด,9337,10_05_119217,10,5,119217,กรุงเทพมหานคร,บางเขน,2,ห้องชุด/คอนโด,,,60,119217,7/11/2026 3:17
not_found,LandsMaps ไม่พบโฉนด,9338,10_42_1568,10,42,1568,กรุงเทพมหานคร,สายไหม,2,ห้องชุด/คอนโด,,,27.34,1568,7/11/2026 3:17
not_found,LandsMaps ไม่พบโฉนด,9339,10_17_118354,10,17,118354,กรุงเทพมหานคร,ห้วยขวาง,2,ห้องชุด/คอนโด,,,28.37,118354,7/11/2026 3:17
not_found,LandsMaps ไม่พบโฉนด,9341,10_05_184276,10,5,184276,กรุงเทพมหานคร,บางเขน,2,ห้องชุด/คอนโด,,,20.37,184276,7/11/2026 3:17
not_found,LandsMaps ไม่พบโฉนด,9342,10_29_22236,10,29,22236,กรุงเทพมหานคร,บางซื่อ,2,ห้องชุด/คอนโด,,,52.13,"22236-22240, 5056,8780, 22233-22235",7/11/2026 3:17
not_found,LandsMaps ไม่พบโฉนด,9342,10_29_22237,10,29,22237,กรุงเทพมหานคร,บางซื่อ,2,ห้องชุด/คอนโด,,,52.13,"22236-22240, 5056,8780, 22233-22235",7/11/2026 3:17
not_found,LandsMaps ไม่พบโฉนด,9342,10_29_22238,10,29,22238,กรุงเทพมหานคร,บางซื่อ,2,ห้องชุด/คอนโด,,,52.13,"22236-22240, 5056,8780, 22233-22235",7/11/2026 3:17
not_found,LandsMaps ไม่พบโฉนด,9342,10_29_22239,10,29,22239,กรุงเทพมหานคร,บางซื่อ,2,ห้องชุด/คอนโด,,,52.13,"22236-22240, 5056,8780, 22233-22235",7/11/2026 3:17
not_found,LandsMaps ไม่พบโฉนด,9342,10_29_22240,10,29,22240,กรุงเทพมหานคร,บางซื่อ,2,ห้องชุด/คอนโด,,,52.13,"22236-22240, 5056,8780, 22233-22235",7/11/2026 3:17
not_found,LandsMaps ไม่พบโฉนด,9342,10_29_5056,10,29,5056,กรุงเทพมหานคร,บางซื่อ,2,ห้องชุด/คอนโด,,,52.13,"22236-22240, 5056,8780, 22233-22235",7/11/2026 3:17
not_found,LandsMaps ไม่พบโฉนด,9342,10_29_8780,10,29,8780,กรุงเทพมหานคร,บางซื่อ,2,ห้องชุด/คอนโด,,,52.13,"22236-22240, 5056,8780, 22233-22235",7/11/2026 3:17
not_found,LandsMaps ไม่พบโฉนด,9342,10_29_22233,10,29,22233,กรุงเทพมหานคร,บางซื่อ,2,ห้องชุด/คอนโด,,,52.13,"22236-22240, 5056,8780, 22233-22235",7/11/2026 3:17
not_found,LandsMaps ไม่พบโฉนด,9342,10_29_22234,10,29,22234,กรุงเทพมหานคร,บางซื่อ,2,ห้องชุด/คอนโด,,,52.13,"22236-22240, 5056,8780, 22233-22235",7/11/2026 3:17
not_found,LandsMaps ไม่พบโฉนด,9342,10_29_22235,10,29,22235,กรุงเทพมหานคร,บางซื่อ,2,ห้องชุด/คอนโด,,,52.13,"22236-22240, 5056,8780, 22233-22235",7/11/2026 3:17
not_found,LandsMaps ไม่พบโฉนด,9343,10_42_35139,10,42,35139,กรุงเทพมหานคร,สายไหม,3,ที่ดิน+สิ่งปลูกสร้าง,,,24.8,35139,7/11/2026 3:17
not_found,LandsMaps ไม่พบโฉนด,9344,10_06_8797,10,6,8797,กรุงเทพมหานคร,บางกะปิ,2,ห้องชุด/คอนโด,,,36.72,"8797, 24809, 24810, 24811, 24812",7/11/2026 3:17
not_found,LandsMaps ไม่พบโฉนด,9344,10_06_24809,10,6,24809,กรุงเทพมหานคร,บางกะปิ,2,ห้องชุด/คอนโด,,,36.72,"8797, 24809, 24810, 24811, 24812",7/11/2026 3:17
not_found,LandsMaps ไม่พบโฉนด,9344,10_06_24810,10,6,24810,กรุงเทพมหานคร,บางกะปิ,2,ห้องชุด/คอนโด,,,36.72,"8797, 24809, 24810, 24811, 24812",7/11/2026 3:17
not_found,LandsMaps ไม่พบโฉนด,9344,10_06_24811,10,6,24811,กรุงเทพมหานคร,บางกะปิ,2,ห้องชุด/คอนโด,,,36.72,"8797, 24809, 24810, 24811, 24812",7/11/2026 3:17
not_found,LandsMaps ไม่พบโฉนด,9344,10_06_24812,10,6,24812,กรุงเทพมหานคร,บางกะปิ,2,ห้องชุด/คอนโด,,,36.72,"8797, 24809, 24810, 24811, 24812",7/11/2026 3:17
not_found,LandsMaps ไม่พบโฉนด,9345,10_06_255775,10,6,255775,กรุงเทพมหานคร,บางกะปิ,2,ห้องชุด/คอนโด,,,26.65,255775,7/11/2026 3:17
not_found,LandsMaps ไม่พบโฉนด,9346,10_06_186996,10,6,186996,กรุงเทพมหานคร,บางกะปิ,2,ห้องชุด/คอนโด,,,27.84,"186996, 186997, 186998, 186999, 187000",7/11/2026 3:17
not_found,LandsMaps ไม่พบโฉนด,9346,10_06_186997,10,6,186997,กรุงเทพมหานคร,บางกะปิ,2,ห้องชุด/คอนโด,,,27.84,"186996, 186997, 186998, 186999, 187000",7/11/2026 3:17
not_found,LandsMaps ไม่พบโฉนด,9346,10_06_186998,10,6,186998,กรุงเทพมหานคร,บางกะปิ,2,ห้องชุด/คอนโด,,,27.84,"186996, 186997, 186998, 186999, 187000",7/11/2026 3:17
not_found,LandsMaps ไม่พบโฉนด,9346,10_06_186999,10,6,186999,กรุงเทพมหานคร,บางกะปิ,2,ห้องชุด/คอนโด,,,27.84,"186996, 186997, 186998, 186999, 187000",7/11/2026 3:17
not_found,LandsMaps ไม่พบโฉนด,9346,10_06_187000,10,6,187000,กรุงเทพมหานคร,บางกะปิ,2,ห้องชุด/คอนโด,,,27.84,"186996, 186997, 186998, 186999, 187000",7/11/2026 3:17
not_found,LandsMaps ไม่พบโฉนด,9347,10_17_1500,10,17,1500,กรุงเทพมหานคร,ห้วยขวาง,2,ห้องชุด/คอนโด,,,32,"1500, 1501",7/11/2026 3:17
not_found,LandsMaps ไม่พบโฉนด,9347,10_17_1501,10,17,1501,กรุงเทพมหานคร,ห้วยขวาง,2,ห้องชุด/คอนโด,,,32,"1500, 1501",7/11/2026 3:18
not_found,LandsMaps ไม่พบโฉนด,9348,10_06_212029,10,6,212029,กรุงเทพมหานคร,บางกะปิ,3,ที่ดิน+สิ่งปลูกสร้าง,,,17,212029,7/11/2026 3:18
not_found,LandsMaps ไม่พบโฉนด,9349,10_02_136291,10,2,136291,กรุงเทพมหานคร,ดุสิต,1,ที่ดินเปล่า,,,33.9,136291,7/11/2026 3:18
not_found,LandsMaps ไม่พบโฉนด,9350,10_24_45001,10,24,45001,กรุงเทพมหานคร,ราษฎร์บูรณะ,2,ห้องชุด/คอนโด,,,26.25,45001,7/11/2026 3:18
not_found,LandsMaps ไม่พบโฉนด,9351,10_36_128774,10,36,128774,กรุงเทพมหานคร,ดอนเมือง,2,ห้องชุด/คอนโด,,,22.91,128774,7/11/2026 3:18
not_found,LandsMaps ไม่พบโฉนด,9352,10_36_21528,10,36,21528,กรุงเทพมหานคร,ดอนเมือง,3,ที่ดิน+สิ่งปลูกสร้าง,,,28.5,21528,7/11/2026 3:18
not_found,LandsMaps ไม่พบโฉนด,9353,10_05_225098,10,5,225098,กรุงเทพมหานคร,บางเขน,3,ที่ดิน+สิ่งปลูกสร้าง,,1,50,225098,7/11/2026 3:18
not_found,LandsMaps ไม่พบโฉนด,9354,10_17_5682,10,17,5682,กรุงเทพมหานคร,ห้วยขวาง,2,ห้องชุด/คอนโด,,,22.59,"36,835,676,567,756,700,000,000,000,000,000",7/11/2026 3:18
not_found,LandsMaps ไม่พบโฉนด,9354,10_17_5700,10,17,5700,กรุงเทพมหานคร,ห้วยขวาง,2,ห้องชุด/คอนโด,,,22.59,"36,835,676,567,756,700,000,000,000,000,000",7/11/2026 3:18
not_found,LandsMaps ไม่พบโฉนด,9355,10_27_21655,10,27,21655,กรุงเทพมหานคร,บึงกุ่ม,2,ห้องชุด/คอนโด,,,47.91,"2,165,521,656",7/11/2026 3:18
not_found,LandsMaps ไม่พบโฉนด,9355,10_27_21656,10,27,21656,กรุงเทพมหานคร,บึงกุ่ม,2,ห้องชุด/คอนโด,,,47.91,"2,165,521,656",7/11/2026 3:18
not_found,LandsMaps ไม่พบโฉนด,9356,10_27_29008,10,27,29008,กรุงเทพมหานคร,บึงกุ่ม,2,ห้องชุด/คอนโด,,,28.55,29008,7/11/2026 3:18
not_found,LandsMaps ไม่พบโฉนด,9357,10_06_249828,10,6,249828,กรุงเทพมหานคร,บางกะปิ,3,ที่ดิน+สิ่งปลูกสร้าง,,,24,249828,7/11/2026 3:18
not_found,LandsMaps ไม่พบโฉนด,9358,10_27_30172,10,27,30172,กรุงเทพมหานคร,บึงกุ่ม,2,ห้องชุด/คอนโด,,,22.35,"30172, 30173",7/11/2026 3:18
not_found,LandsMaps ไม่พบโฉนด,9358,10_27_30173,10,27,30173,กรุงเทพมหานคร,บึงกุ่ม,2,ห้องชุด/คอนโด,,,22.35,"30172, 30173",7/11/2026 3:18
not_found,LandsMaps ไม่พบโฉนด,9359,10_06_258245,10,6,258245,กรุงเทพมหานคร,บางกะปิ,3,ที่ดิน+สิ่งปลูกสร้าง,,,66.4,258245,7/11/2026 3:18
not_found,LandsMaps ไม่พบโฉนด,9360,10_06_245979,10,6,245979,กรุงเทพมหานคร,บางกะปิ,3,ที่ดิน+สิ่งปลูกสร้าง,,,16,245979,7/11/2026 3:18
not_found,LandsMaps ไม่พบโฉนด,9361,10_41_4920,10,41,4920,กรุงเทพมหานคร,หลักสี่,2,ห้องชุด/คอนโด,,,27.5,4920,7/11/2026 3:18
not_found,LandsMaps ไม่พบโฉนด,9362,10_17_3396,10,17,3396,กรุงเทพมหานคร,ห้วยขวาง,2,ห้องชุด/คอนโด,,,30.97,"3396,3397,3399,3400,3416ฯ",7/11/2026 3:18
not_found,LandsMaps ไม่พบโฉนด,9362,10_17_3397,10,17,3397,กรุงเทพมหานคร,ห้วยขวาง,2,ห้องชุด/คอนโด,,,30.97,"3396,3397,3399,3400,3416ฯ",7/11/2026 3:18
not_found,LandsMaps ไม่พบโฉนด,9362,10_17_3399,10,17,3399,กรุงเทพมหานคร,ห้วยขวาง,2,ห้องชุด/คอนโด,,,30.97,"3396,3397,3399,3400,3416ฯ",7/11/2026 3:18
not_found,LandsMaps ไม่พบโฉนด,9362,10_17_3400,10,17,3400,กรุงเทพมหานคร,ห้วยขวาง,2,ห้องชุด/คอนโด,,,30.97,"3396,3397,3399,3400,3416ฯ",7/11/2026 3:18
not_found,LandsMaps ไม่พบโฉนด,9362,10_17_3416,10,17,3416,กรุงเทพมหานคร,ห้วยขวาง,2,ห้องชุด/คอนโด,,,30.97,"3396,3397,3399,3400,3416ฯ",7/11/2026 3:18
not_found,LandsMaps ไม่พบโฉนด,9363,10_27_28372,10,27,28372,กรุงเทพมหานคร,บึงกุ่ม,3,ที่ดิน+สิ่งปลูกสร้าง,,,61.9,28372,7/11/2026 3:18
not_found,LandsMaps ไม่พบโฉนด,9364,10_38_2292,10,38,2292,กรุงเทพมหานคร,ลาดพร้าว,2,ห้องชุด/คอนโด,,,24.48,"2292,2293,2291,19273,19286ฯ",7/11/2026 3:18
not_found,LandsMaps ไม่พบโฉนด,9364,10_38_2293,10,38,2293,กรุงเทพมหานคร,ลาดพร้าว,2,ห้องชุด/คอนโด,,,24.48,"2292,2293,2291,19273,19286ฯ",7/11/2026 3:18
not_found,LandsMaps ไม่พบโฉนด,9364,10_38_2291,10,38,2291,กรุงเทพมหานคร,ลาดพร้าว,2,ห้องชุด/คอนโด,,,24.48,"2292,2293,2291,19273,19286ฯ",7/11/2026 3:18
not_found,LandsMaps ไม่พบโฉนด,9364,10_38_19273,10,38,19273,กรุงเทพมหานคร,ลาดพร้าว,2,ห้องชุด/คอนโด,,,24.48,"2292,2293,2291,19273,19286ฯ",7/11/2026 3:18
not_found,LandsMaps ไม่พบโฉนด,9364,10_38_19286,10,38,19286,กรุงเทพมหานคร,ลาดพร้าว,2,ห้องชุด/คอนโด,,,24.48,"2292,2293,2291,19273,19286ฯ",7/11/2026 3:18
not_found,LandsMaps ไม่พบโฉนด,9365,10_42_56466,10,42,56466,กรุงเทพมหานคร,สายไหม,3,ที่ดิน+สิ่งปลูกสร้าง,,,16,56466,7/11/2026 3:18
not_found,LandsMaps ไม่พบโฉนด,9366,10_06_51071,10,6,51071,กรุงเทพมหานคร,บางกะปิ,3,ที่ดิน+สิ่งปลูกสร้าง,,,56,51071,7/11/2026 3:18
not_found,LandsMaps ไม่พบโฉนด,9367,10_26_249,10,26,249,กรุงเทพมหานคร,ดินแดง,2,ห้องชุด/คอนโด,,,24.57,"2,492,503,890,389,130,000,000",7/11/2026 3:18
not_found,LandsMaps ไม่พบโฉนด,9367,10_26_250,10,26,250,กรุงเทพมหานคร,ดินแดง,2,ห้องชุด/คอนโด,,,24.57,"2,492,503,890,389,130,000,000",7/11/2026 3:18
not_found,LandsMaps ไม่พบโฉนด,9367,10_26_3890,10,26,3890,กรุงเทพมหานคร,ดินแดง,2,ห้องชุด/คอนโด,,,24.57,"2,492,503,890,389,130,000,000",7/11/2026 3:18
not_found,LandsMaps ไม่พบโฉนด,9367,10_26_3891,10,26,3891,กรุงเทพมหานคร,ดินแดง,2,ห้องชุด/คอนโด,,,24.57,"2,492,503,890,389,130,000,000",7/11/2026 3:18
not_found,LandsMaps ไม่พบโฉนด,9367,10_26_3892,10,26,3892,กรุงเทพมหานคร,ดินแดง,2,ห้องชุด/คอนโด,,,24.57,"2,492,503,890,389,130,000,000",7/11/2026 3:18
not_found,LandsMaps ไม่พบโฉนด,9367,10_26_3893,10,26,3893,กรุงเทพมหานคร,ดินแดง,2,ห้องชุด/คอนโด,,,24.57,"2,492,503,890,389,130,000,000",7/11/2026 3:18
not_found,LandsMaps ไม่พบโฉนด,9368,10_06_17228,10,6,17228,กรุงเทพมหานคร,บางกะปิ,2,ห้องชุด/คอนโด,,,30.09,17228,7/11/2026 3:18
not_found,LandsMaps ไม่พบโฉนด,9369,10_06_17228,10,6,17228,กรุงเทพมหานคร,บางกะปิ,2,ห้องชุด/คอนโด,,,30.09,17228,7/11/2026 3:18
not_found,LandsMaps ไม่พบโฉนด,9370,10_06_17228,10,6,17228,กรุงเทพมหานคร,บางกะปิ,2,ห้องชุด/คอนโด,,,30.09,17228,7/11/2026 3:18
not_found,LandsMaps ไม่พบโฉนด,9371,10_06_17230,10,6,17230,กรุงเทพมหานคร,บางกะปิ,2,ห้องชุด/คอนโด,,,30.57,17230,7/11/2026 3:18
not_found,LandsMaps ไม่พบโฉนด,9372,10_06_17230,10,6,17230,กรุงเทพมหานคร,บางกะปิ,2,ห้องชุด/คอนโด,,,30.57,17230,7/11/2026 3:18
not_found,LandsMaps ไม่พบโฉนด,9373,10_06_17230,10,6,17230,กรุงเทพมหานคร,บางกะปิ,2,ห้องชุด/คอนโด,,,30.57,17230,7/11/2026 3:18
not_found,LandsMaps ไม่พบโฉนด,9374,10_06_17230,10,6,17230,กรุงเทพมหานคร,บางกะปิ,2,ห้องชุด/คอนโด,,,30.57,17230,7/11/2026 3:18
not_found,LandsMaps ไม่พบโฉนด,9375,10_06_17230,10,6,17230,กรุงเทพมหานคร,บางกะปิ,2,ห้องชุด/คอนโด,,,30.57,17230,7/11/2026 3:18
not_found,LandsMaps ไม่พบโฉนด,9377,10_06_219116,10,6,219116,กรุงเทพมหานคร,บางกะปิ,3,ที่ดิน+สิ่งปลูกสร้าง,,,15,219116,7/11/2026 3:18
not_found,LandsMaps ไม่พบโฉนด,9378,10_27_27054,10,27,27054,กรุงเทพมหานคร,บึงกุ่ม,2,ห้องชุด/คอนโด,,,26.27,"270,542,779,927,800",7/11/2026 3:18
not_found,LandsMaps ไม่พบโฉนด,9378,10_27_27799,10,27,27799,กรุงเทพมหานคร,บึงกุ่ม,2,ห้องชุด/คอนโด,,,26.27,"270,542,779,927,800",7/11/2026 3:18
not_found,LandsMaps ไม่พบโฉนด,9378,10_27_27800,10,27,27800,กรุงเทพมหานคร,บึงกุ่ม,2,ห้องชุด/คอนโด,,,26.27,"270,542,779,927,800",7/11/2026 3:18
not_found,LandsMaps ไม่พบโฉนด,9379,10_29_3789,10,29,3789,กรุงเทพมหานคร,บางซื่อ,2,ห้องชุด/คอนโด,,,30.16,"378,937,953,796,170,000",7/11/2026 3:18
not_found,LandsMaps ไม่พบโฉนด,9379,10_29_3795,10,29,3795,กรุงเทพมหานคร,บางซื่อ,2,ห้องชุด/คอนโด,,,30.16,"378,937,953,796,170,000",7/11/2026 3:18
not_found,LandsMaps ไม่พบโฉนด,9379,10_29_3796,10,29,3796,กรุงเทพมหานคร,บางซื่อ,2,ห้องชุด/คอนโด,,,30.16,"378,937,953,796,170,000",7/11/2026 3:18
not_found,LandsMaps ไม่พบโฉนด,9379,10_29_170600,10,29,170600,กรุงเทพมหานคร,บางซื่อ,2,ห้องชุด/คอนโด,,,30.16,"378,937,953,796,170,000",7/11/2026 3:18
not_found,LandsMaps ไม่พบโฉนด,9380,10_30_1012,10,30,1012,กรุงเทพมหานคร,จตุจักร,2,ห้องชุด/คอนโด,,,34.44,"1012, 12169, 12170, 12171",7/11/2026 3:18
not_found,LandsMaps ไม่พบโฉนด,9380,10_30_12169,10,30,12169,กรุงเทพมหานคร,จตุจักร,2,ห้องชุด/คอนโด,,,34.44,"1012, 12169, 12170, 12171",7/11/2026 3:18
not_found,LandsMaps ไม่พบโฉนด,9380,10_30_12170,10,30,12170,กรุงเทพมหานคร,จตุจักร,2,ห้องชุด/คอนโด,,,34.44,"1012, 12169, 12170, 12171",7/11/2026 3:18
not_found,LandsMaps ไม่พบโฉนด,9380,10_30_12171,10,30,12171,กรุงเทพมหานคร,จตุจักร,2,ห้องชุด/คอนโด,,,34.44,"1012, 12169, 12170, 12171",7/11/2026 3:18
not_found,LandsMaps ไม่พบโฉนด,9381,10_06_57406,10,6,57406,กรุงเทพมหานคร,บางกะปิ,3,ที่ดิน+สิ่งปลูกสร้าง,,,74,57406,7/11/2026 3:18
not_found,LandsMaps ไม่พบโฉนด,9382,10_27_30983,10,27,30983,กรุงเทพมหานคร,บึงกุ่ม,3,ที่ดิน+สิ่งปลูกสร้าง,,,21.4,30983,7/11/2026 3:18
not_found,LandsMaps ไม่พบโฉนด,9383,10_27_29687,10,27,29687,กรุงเทพมหานคร,บึงกุ่ม,3,ที่ดิน+สิ่งปลูกสร้าง,,,19.2,29687,7/11/2026 3:18
not_found,LandsMaps ไม่พบโฉนด,9384,10_06_33755,10,6,33755,กรุงเทพมหานคร,บางกะปิ,2,ห้องชุด/คอนโด,,,24.34,"33755, 33756, 33757, 33758, 33759, 137372",7/11/2026 3:18
not_found,LandsMaps ไม่พบโฉนด,9384,10_06_33756,10,6,33756,กรุงเทพมหานคร,บางกะปิ,2,ห้องชุด/คอนโด,,,24.34,"33755, 33756, 33757, 33758, 33759, 137372",7/11/2026 3:18
not_found,LandsMaps ไม่พบโฉนด,9384,10_06_33757,10,6,33757,กรุงเทพมหานคร,บางกะปิ,2,ห้องชุด/คอนโด,,,24.34,"33755, 33756, 33757, 33758, 33759, 137372",7/11/2026 3:18
not_found,LandsMaps ไม่พบโฉนด,9384,10_06_33758,10,6,33758,กรุงเทพมหานคร,บางกะปิ,2,ห้องชุด/คอนโด,,,24.34,"33755, 33756, 33757, 33758, 33759, 137372",7/11/2026 3:18
not_found,LandsMaps ไม่พบโฉนด,9384,10_06_33759,10,6,33759,กรุงเทพมหานคร,บางกะปิ,2,ห้องชุด/คอนโด,,,24.34,"33755, 33756, 33757, 33758, 33759, 137372",7/11/2026 3:18
not_found,LandsMaps ไม่พบโฉนด,9384,10_06_137372,10,6,137372,กรุงเทพมหานคร,บางกะปิ,2,ห้องชุด/คอนโด,,,24.34,"33755, 33756, 33757, 33758, 33759, 137372",7/11/2026 3:18
not_found,LandsMaps ไม่พบโฉนด,9385,10_06_158983,10,6,158983,กรุงเทพมหานคร,บางกะปิ,2,ห้องชุด/คอนโด,,,26.91,158983,7/11/2026 3:18
not_found,LandsMaps ไม่พบโฉนด,9386,10_27_18481,10,27,18481,กรุงเทพมหานคร,บึงกุ่ม,2,ห้องชุด/คอนโด,,,22.67,"1,848,122,743,227,440,000,000,000,000,000,000,000,000",7/11/2026 3:18
not_found,LandsMaps ไม่พบโฉนด,9386,10_27_22743,10,27,22743,กรุงเทพมหานคร,บึงกุ่ม,2,ห้องชุด/คอนโด,,,22.67,"1,848,122,743,227,440,000,000,000,000,000,000,000,000",7/11/2026 3:18
not_found,LandsMaps ไม่พบโฉนด,9386,10_27_22744,10,27,22744,กรุงเทพมหานคร,บึงกุ่ม,2,ห้องชุด/คอนโด,,,22.67,"1,848,122,743,227,440,000,000,000,000,000,000,000,000",7/11/2026 3:18
not_found,LandsMaps ไม่พบโฉนด,9386,10_27_22745,10,27,22745,กรุงเทพมหานคร,บึงกุ่ม,2,ห้องชุด/คอนโด,,,22.67,"1,848,122,743,227,440,000,000,000,000,000,000,000,000",7/11/2026 3:18
not_found,LandsMaps ไม่พบโฉนด,9386,10_27_22746,10,27,22746,กรุงเทพมหานคร,บึงกุ่ม,2,ห้องชุด/คอนโด,,,22.67,"1,848,122,743,227,440,000,000,000,000,000,000,000,000",7/11/2026 3:18
not_found,LandsMaps ไม่พบโฉนด,9386,10_27_22747,10,27,22747,กรุงเทพมหานคร,บึงกุ่ม,2,ห้องชุด/คอนโด,,,22.67,"1,848,122,743,227,440,000,000,000,000,000,000,000,000",7/11/2026 3:18
not_found,LandsMaps ไม่พบโฉนด,9386,10_27_22748,10,27,22748,กรุงเทพมหานคร,บึงกุ่ม,2,ห้องชุด/คอนโด,,,22.67,"1,848,122,743,227,440,000,000,000,000,000,000,000,000",7/11/2026 3:18
not_found,LandsMaps ไม่พบโฉนด,9386,10_27_22749,10,27,22749,กรุงเทพมหานคร,บึงกุ่ม,2,ห้องชุด/คอนโด,,,22.67,"1,848,122,743,227,440,000,000,000,000,000,000,000,000",7/11/2026 3:18
not_found,LandsMaps ไม่พบโฉนด,9387,10_36_132697,10,36,132697,กรุงเทพมหานคร,ดอนเมือง(ตลาดขวัญ),3,ที่ดิน+สิ่งปลูกสร้าง,,,17,132697,7/11/2026 3:18
not_found,LandsMaps ไม่พบโฉนด,9388,10_27_19160,10,27,19160,กรุงเทพมหานคร,บึงกุ่ม,3,ที่ดิน+สิ่งปลูกสร้าง,,,20.7,19160,7/11/2026 3:18
not_found,LandsMaps ไม่พบโฉนด,9389,10_05_23576,10,5,23576,กรุงเทพมหานคร,บางเขน,1,ที่ดินเปล่า,,,40,23576,7/11/2026 3:18
not_found,LandsMaps ไม่พบโฉนด,9390,10_27_31009,10,27,31009,กรุงเทพมหานคร,บึงกุ่ม,3,ที่ดิน+สิ่งปลูกสร้าง,,,21.2,31009,7/11/2026 3:18
not_found,LandsMaps ไม่พบโฉนด,9391,10_29_2094,10,29,2094,กรุงเทพมหานคร,บางซื่อ,2,ห้องชุด/คอนโด,,,26.69,2094,7/11/2026 3:18
not_found,LandsMaps ไม่พบโฉนด,9392,10_06_2784,10,6,2784,กรุงเทพมหานคร,บางกะปิ,2,ห้องชุด/คอนโด,,,45.44,"2784, 2812",7/11/2026 3:18
not_found,LandsMaps ไม่พบโฉนด,9392,10_06_2812,10,6,2812,กรุงเทพมหานคร,บางกะปิ,2,ห้องชุด/คอนโด,,,45.44,"2784, 2812",7/11/2026 3:18
not_found,LandsMaps ไม่พบโฉนด,9393,10_30_5080,10,30,5080,กรุงเทพมหานคร,จตุจักร,2,ห้องชุด/คอนโด,,,47.69,"5080, 5081, 58139, 58140, 58141, 58142, 58143, 58144, 58145",7/11/2026 3:18
not_found,LandsMaps ไม่พบโฉนด,9393,10_30_5081,10,30,5081,กรุงเทพมหานคร,จตุจักร,2,ห้องชุด/คอนโด,,,47.69,"5080, 5081, 58139, 58140, 58141, 58142, 58143, 58144, 58145",7/11/2026 3:18
not_found,LandsMaps ไม่พบโฉนด,9393,10_30_58139,10,30,58139,กรุงเทพมหานคร,จตุจักร,2,ห้องชุด/คอนโด,,,47.69,"5080, 5081, 58139, 58140, 58141, 58142, 58143, 58144, 58145",7/11/2026 3:18
not_found,LandsMaps ไม่พบโฉนด,9393,10_30_58140,10,30,58140,กรุงเทพมหานคร,จตุจักร,2,ห้องชุด/คอนโด,,,47.69,"5080, 5081, 58139, 58140, 58141, 58142, 58143, 58144, 58145",7/11/2026 3:18
not_found,LandsMaps ไม่พบโฉนด,9393,10_30_58141,10,30,58141,กรุงเทพมหานคร,จตุจักร,2,ห้องชุด/คอนโด,,,47.69,"5080, 5081, 58139, 58140, 58141, 58142, 58143, 58144, 58145",7/11/2026 3:18
not_found,LandsMaps ไม่พบโฉนด,9393,10_30_58142,10,30,58142,กรุงเทพมหานคร,จตุจักร,2,ห้องชุด/คอนโด,,,47.69,"5080, 5081, 58139, 58140, 58141, 58142, 58143, 58144, 58145",7/11/2026 3:19
not_found,LandsMaps ไม่พบโฉนด,9393,10_30_58143,10,30,58143,กรุงเทพมหานคร,จตุจักร,2,ห้องชุด/คอนโด,,,47.69,"5080, 5081, 58139, 58140, 58141, 58142, 58143, 58144, 58145",7/11/2026 3:19
not_found,LandsMaps ไม่พบโฉนด,9393,10_30_58144,10,30,58144,กรุงเทพมหานคร,จตุจักร,2,ห้องชุด/คอนโด,,,47.69,"5080, 5081, 58139, 58140, 58141, 58142, 58143, 58144, 58145",7/11/2026 3:19
not_found,LandsMaps ไม่พบโฉนด,9393,10_30_58145,10,30,58145,กรุงเทพมหานคร,จตุจักร,2,ห้องชุด/คอนโด,,,47.69,"5080, 5081, 58139, 58140, 58141, 58142, 58143, 58144, 58145",7/11/2026 3:19
not_found,LandsMaps ไม่พบโฉนด,9394,10_30_41284,10,30,41284,กรุงเทพมหานคร,จตุจักร,2,ห้องชุด/คอนโด,,,23.49,41284,7/11/2026 3:19
not_found,LandsMaps ไม่พบโฉนด,9395,10_05_37149,10,5,37149,กรุงเทพมหานคร,บางเขน,2,ห้องชุด/คอนโด,,,28.31,37149,7/11/2026 3:19
not_found,LandsMaps ไม่พบโฉนด,9396,10_27_18481,10,27,18481,กรุงเทพมหานคร,บึงกุ่ม,2,ห้องชุด/คอนโด,,,22.62,"1,848,122,743,227,440,000,000,000,000,000,000,000,000",7/11/2026 3:19
not_found,LandsMaps ไม่พบโฉนด,9396,10_27_22743,10,27,22743,กรุงเทพมหานคร,บึงกุ่ม,2,ห้องชุด/คอนโด,,,22.62,"1,848,122,743,227,440,000,000,000,000,000,000,000,000",7/11/2026 3:19
not_found,LandsMaps ไม่พบโฉนด,9396,10_27_22744,10,27,22744,กรุงเทพมหานคร,บึงกุ่ม,2,ห้องชุด/คอนโด,,,22.62,"1,848,122,743,227,440,000,000,000,000,000,000,000,000",7/11/2026 3:19
not_found,LandsMaps ไม่พบโฉนด,9396,10_27_22745,10,27,22745,กรุงเทพมหานคร,บึงกุ่ม,2,ห้องชุด/คอนโด,,,22.62,"1,848,122,743,227,440,000,000,000,000,000,000,000,000",7/11/2026 3:19
not_found,LandsMaps ไม่พบโฉนด,9396,10_27_22746,10,27,22746,กรุงเทพมหานคร,บึงกุ่ม,2,ห้องชุด/คอนโด,,,22.62,"1,848,122,743,227,440,000,000,000,000,000,000,000,000",7/11/2026 3:19
not_found,LandsMaps ไม่พบโฉนด,9396,10_27_22747,10,27,22747,กรุงเทพมหานคร,บึงกุ่ม,2,ห้องชุด/คอนโด,,,22.62,"1,848,122,743,227,440,000,000,000,000,000,000,000,000",7/11/2026 3:19
not_found,LandsMaps ไม่พบโฉนด,9396,10_27_22748,10,27,22748,กรุงเทพมหานคร,บึงกุ่ม,2,ห้องชุด/คอนโด,,,22.62,"1,848,122,743,227,440,000,000,000,000,000,000,000,000",7/11/2026 3:19
not_found,LandsMaps ไม่พบโฉนด,9396,10_27_22749,10,27,22749,กรุงเทพมหานคร,บึงกุ่ม,2,ห้องชุด/คอนโด,,,22.62,"1,848,122,743,227,440,000,000,000,000,000,000,000,000",7/11/2026 3:19
not_found,LandsMaps ไม่พบโฉนด,9397,10_06_19342,10,6,19342,กรุงเทพมหานคร,บางกะปิ,2,ห้องชุด/คอนโด,,,34.55,"19,342,243,446",7/11/2026 3:19
not_found,LandsMaps ไม่พบโฉนด,9397,10_06_243446,10,6,243446,กรุงเทพมหานคร,บางกะปิ,2,ห้องชุด/คอนโด,,,34.55,"19,342,243,446",7/11/2026 3:19
not_found,LandsMaps ไม่พบโฉนด,9398,10_42_35236,10,42,35236,กรุงเทพมหานคร,สายไหม,3,ที่ดิน+สิ่งปลูกสร้าง,,,18.3,35236,7/11/2026 3:19
not_found,LandsMaps ไม่พบโฉนด,9399,10_06_18534,10,6,18534,กรุงเทพมหานคร,บางกะปิ,2,ห้องชุด/คอนโด,,,29.57,"18,533,185,341,853,500,000,000,000,000,000,000",7/11/2026 3:19
not_found,LandsMaps ไม่พบโฉนด,9399,10_06_18535,10,6,18535,กรุงเทพมหานคร,บางกะปิ,2,ห้องชุด/คอนโด,,,29.57,"18,533,185,341,853,500,000,000,000,000,000,000",7/11/2026 3:19
not_found,LandsMaps ไม่พบโฉนด,9399,10_06_18536,10,6,18536,กรุงเทพมหานคร,บางกะปิ,2,ห้องชุด/คอนโด,,,29.57,"18,533,185,341,853,500,000,000,000,000,000,000",7/11/2026 3:19
not_found,LandsMaps ไม่พบโฉนด,9399,10_06_18537,10,6,18537,กรุงเทพมหานคร,บางกะปิ,2,ห้องชุด/คอนโด,,,29.57,"18,533,185,341,853,500,000,000,000,000,000,000",7/11/2026 3:19
not_found,LandsMaps ไม่พบโฉนด,9399,10_06_18538,10,6,18538,กรุงเทพมหานคร,บางกะปิ,2,ห้องชุด/คอนโด,,,29.57,"18,533,185,341,853,500,000,000,000,000,000,000",7/11/2026 3:19
not_found,LandsMaps ไม่พบโฉนด,9399,10_06_19948,10,6,19948,กรุงเทพมหานคร,บางกะปิ,2,ห้องชุด/คอนโด,,,29.57,"18,533,185,341,853,500,000,000,000,000,000,000",7/11/2026 3:19
not_found,LandsMaps ไม่พบโฉนด,9400,10_09_24582,10,9,24582,กรุงเทพมหานคร,พระโขนง,2,ห้องชุด/คอนโด,,,25.45,"2,458,224,584",7/11/2026 3:19
not_found,LandsMaps ไม่พบโฉนด,9400,10_09_24584,10,9,24584,กรุงเทพมหานคร,พระโขนง,2,ห้องชุด/คอนโด,,,25.45,"2,458,224,584",7/11/2026 3:19
not_found,LandsMaps ไม่พบโฉนด,9401,10_37_680,10,37,680,กรุงเทพมหานคร,ราชเทวี (ดุสิต),2,ห้องชุด/คอนโด,,,65.84,"68,018,181,385,813,800",7/11/2026 3:19
not_found,LandsMaps ไม่พบโฉนด,9401,10_37_1818,10,37,1818,กรุงเทพมหานคร,ราชเทวี (ดุสิต),2,ห้องชุด/คอนโด,,,65.84,"68,018,181,385,813,800",7/11/2026 3:19
not_found,LandsMaps ไม่พบโฉนด,9401,10_37_13858,10,37,13858,กรุงเทพมหานคร,ราชเทวี (ดุสิต),2,ห้องชุด/คอนโด,,,65.84,"68,018,181,385,813,800",7/11/2026 3:19
not_found,LandsMaps ไม่พบโฉนด,9401,10_37_13859,10,37,13859,กรุงเทพมหานคร,ราชเทวี (ดุสิต),2,ห้องชุด/คอนโด,,,65.84,"68,018,181,385,813,800",7/11/2026 3:19
no_amphur,แปลงอำเภอไม่ได้,9402,,10,,,กรุงเทพมหานคร,ประแจจีน (ดุสิต),2,ห้องชุด/คอนโด,,,45.68,1626,7/11/2026 3:19
not_found,LandsMaps ไม่พบโฉนด,9403,10_06_252817,10,6,252817,กรุงเทพมหานคร,บางกะปิ,3,ที่ดิน+สิ่งปลูกสร้าง,,,33.6,252817,7/11/2026 3:19
not_found,LandsMaps ไม่พบโฉนด,9404,10_42_31777,10,42,31777,กรุงเทพมหานคร,สายไหม,2,ห้องชุด/คอนโด,,,23.11,"31777, 32365",7/11/2026 3:19
not_found,LandsMaps ไม่พบโฉนด,9404,10_42_32365,10,42,32365,กรุงเทพมหานคร,สายไหม,2,ห้องชุด/คอนโด,,,23.11,"31777, 32365",7/11/2026 3:19
not_found,LandsMaps ไม่พบโฉนด,9405,10_06_205234,10,6,205234,กรุงเทพมหานคร,บางกะปิ,3,ที่ดิน+สิ่งปลูกสร้าง,,,38,205234,7/11/2026 3:19
not_found,LandsMaps ไม่พบโฉนด,9406,10_06_205235,10,6,205235,กรุงเทพมหานคร,บางกะปิ,3,ที่ดิน+สิ่งปลูกสร้าง,,,38,205235,7/11/2026 3:19
not_found,LandsMaps ไม่พบโฉนด,9407,10_06_20193,10,6,20193,กรุงเทพมหานคร,บางกะปิ,2,ห้องชุด/คอนโด,,,27,20193,7/11/2026 3:19
not_found,LandsMaps ไม่พบโฉนด,9408,10_06_98422,10,6,98422,กรุงเทพมหานคร,บางกะปิ,3,ที่ดิน+สิ่งปลูกสร้าง,,,21,98422,7/11/2026 3:19
not_found,LandsMaps ไม่พบโฉนด,9409,10_06_246965,10,6,246965,กรุงเทพมหานคร,บางกะปิ,2,ห้องชุด/คอนโด,,,25.9,"246965, 246966",7/11/2026 3:19
not_found,LandsMaps ไม่พบโฉนด,9409,10_06_246966,10,6,246966,กรุงเทพมหานคร,บางกะปิ,2,ห้องชุด/คอนโด,,,25.9,"246965, 246966",7/11/2026 3:19
not_found,LandsMaps ไม่พบโฉนด,9410,10_17_3178,10,17,3178,กรุงเทพมหานคร,ห้วยขวาง,2,ห้องชุด/คอนโด,,,37.11,"31,783,181",7/11/2026 3:19
not_found,LandsMaps ไม่พบโฉนด,9410,10_17_3181,10,17,3181,กรุงเทพมหานคร,ห้วยขวาง,2,ห้องชุด/คอนโด,,,37.11,"31,783,181",7/11/2026 3:19
not_found,LandsMaps ไม่พบโฉนด,9411,10_30_1999,10,30,1999,กรุงเทพมหานคร,จตุจักร,2,ห้องชุด/คอนโด,,,31.94,"199,920,241,453,414,000",7/11/2026 3:19
not_found,LandsMaps ไม่พบโฉนด,9411,10_30_2024,10,30,2024,กรุงเทพมหานคร,จตุจักร,2,ห้องชุด/คอนโด,,,31.94,"199,920,241,453,414,000",7/11/2026 3:19
not_found,LandsMaps ไม่พบโฉนด,9411,10_30_14534,10,30,14534,กรุงเทพมหานคร,จตุจักร,2,ห้องชุด/คอนโด,,,31.94,"199,920,241,453,414,000",7/11/2026 3:19
not_found,LandsMaps ไม่พบโฉนด,9411,10_30_14535,10,30,14535,กรุงเทพมหานคร,จตุจักร,2,ห้องชุด/คอนโด,,,31.94,"199,920,241,453,414,000",7/11/2026 3:19
not_found,LandsMaps ไม่พบโฉนด,9512,10_31_1778,10,31,1778,กรุงเทพมหานคร,บางคอแหลม,2,ห้องชุด/คอนโด,,,51.54,1778,7/11/2026 3:19
not_found,LandsMaps ไม่พบโฉนด,9513,10_08_5687,10,8,5687,กรุงเทพมหานคร,ป้อมปราบศัตรูพ่าย,2,ห้องชุด/คอนโด,,,34.83,"5,687,949,950,951,950,000,000,000,000",7/11/2026 3:19
not_found,LandsMaps ไม่พบโฉนด,9513,10_08_949,10,8,949,กรุงเทพมหานคร,ป้อมปราบศัตรูพ่าย,2,ห้องชุด/คอนโด,,,34.83,"5,687,949,950,951,950,000,000,000,000",7/11/2026 3:19
not_found,LandsMaps ไม่พบโฉนด,9513,10_08_950,10,8,950,กรุงเทพมหานคร,ป้อมปราบศัตรูพ่าย,2,ห้องชุด/คอนโด,,,34.83,"5,687,949,950,951,950,000,000,000,000",7/11/2026 3:19
not_found,LandsMaps ไม่พบโฉนด,9513,10_08_951,10,8,951,กรุงเทพมหานคร,ป้อมปราบศัตรูพ่าย,2,ห้องชุด/คอนโด,,,34.83,"5,687,949,950,951,950,000,000,000,000",7/11/2026 3:19
not_found,LandsMaps ไม่พบโฉนด,9513,10_08_952,10,8,952,กรุงเทพมหานคร,ป้อมปราบศัตรูพ่าย,2,ห้องชุด/คอนโด,,,34.83,"5,687,949,950,951,950,000,000,000,000",7/11/2026 3:19
not_found,LandsMaps ไม่พบโฉนด,9513,10_08_953,10,8,953,กรุงเทพมหานคร,ป้อมปราบศัตรูพ่าย,2,ห้องชุด/คอนโด,,,34.83,"5,687,949,950,951,950,000,000,000,000",7/11/2026 3:19
not_found,LandsMaps ไม่พบโฉนด,9513,10_08_954,10,8,954,กรุงเทพมหานคร,ป้อมปราบศัตรูพ่าย,2,ห้องชุด/คอนโด,,,34.83,"5,687,949,950,951,950,000,000,000,000",7/11/2026 3:19
not_found,LandsMaps ไม่พบโฉนด,9513,10_08_955,10,8,955,กรุงเทพมหานคร,ป้อมปราบศัตรูพ่าย,2,ห้องชุด/คอนโด,,,34.83,"5,687,949,950,951,950,000,000,000,000",7/11/2026 3:19
not_found,LandsMaps ไม่พบโฉนด,9513,10_08_956,10,8,956,กรุงเทพมหานคร,ป้อมปราบศัตรูพ่าย,2,ห้องชุด/คอนโด,,,34.83,"5,687,949,950,951,950,000,000,000,000",7/11/2026 3:19
not_found,LandsMaps ไม่พบโฉนด,9515,10_07_299,10,7,299,กรุงเทพมหานคร,ปทุมวัน,2,ห้องชุด/คอนโด,,,51.78,"299,705,706",7/11/2026 3:19
not_found,LandsMaps ไม่พบโฉนด,9515,10_07_705,10,7,705,กรุงเทพมหานคร,ปทุมวัน,2,ห้องชุด/คอนโด,,,51.78,"299,705,706",7/11/2026 3:19
not_found,LandsMaps ไม่พบโฉนด,9515,10_07_706,10,7,706,กรุงเทพมหานคร,ปทุมวัน,2,ห้องชุด/คอนโด,,,51.78,"299,705,706",7/11/2026 3:19
not_found,LandsMaps ไม่พบโฉนด,9516,10_28_2143,10,28,2143,กรุงเทพมหานคร,สาทร,2,ห้องชุด/คอนโด,,,32.65,"214,321,442,145,214,000,000,000",7/11/2026 3:19
not_found,LandsMaps ไม่พบโฉนด,9516,10_28_2144,10,28,2144,กรุงเทพมหานคร,สาทร,2,ห้องชุด/คอนโด,,,32.65,"214,321,442,145,214,000,000,000",7/11/2026 3:19
not_found,LandsMaps ไม่พบโฉนด,9516,10_28_2145,10,28,2145,กรุงเทพมหานคร,สาทร,2,ห้องชุด/คอนโด,,,32.65,"214,321,442,145,214,000,000,000",7/11/2026 3:19
not_found,LandsMaps ไม่พบโฉนด,9516,10_28_2146,10,28,2146,กรุงเทพมหานคร,สาทร,2,ห้องชุด/คอนโด,,,32.65,"214,321,442,145,214,000,000,000",7/11/2026 3:19
not_found,LandsMaps ไม่พบโฉนด,9516,10_28_2148,10,28,2148,กรุงเทพมหานคร,สาทร,2,ห้องชุด/คอนโด,,,32.65,"214,321,442,145,214,000,000,000",7/11/2026 3:19
not_found,LandsMaps ไม่พบโฉนด,9516,10_28_2507,10,28,2507,กรุงเทพมหานคร,สาทร,2,ห้องชุด/คอนโด,,,32.65,"214,321,442,145,214,000,000,000",7/11/2026 3:19
not_found,LandsMaps ไม่พบโฉนด,9517,10_12_20981,10,12,20981,กรุงเทพมหานคร,ยานนาวา(เมือง),3,ที่ดิน+สิ่งปลูกสร้าง,,,83,20981,7/11/2026 3:19
not_found,LandsMaps ไม่พบโฉนด,9518,10_23_2208,10,23,2208,กรุงเทพมหานคร,หนองแขม,2,ห้องชุด/คอนโด,,,27.32,2208,7/11/2026 3:19
not_found,LandsMaps ไม่พบโฉนด,9519,10_39_1904,10,39,1904,กรุงเทพมหานคร,วัฒนา,2,ห้องชุด/คอนโด,,,32.25,"19,041,905",7/11/2026 3:19
not_found,LandsMaps ไม่พบโฉนด,9519,10_39_1905,10,39,1905,กรุงเทพมหานคร,วัฒนา,2,ห้องชุด/คอนโด,,,32.25,"19,041,905",7/11/2026 3:19
not_found,LandsMaps ไม่พบโฉนด,9520,10_09_230816,10,9,230816,กรุงเทพมหานคร,พระโขนง,3,ที่ดิน+สิ่งปลูกสร้าง,,,17,230816,7/11/2026 3:19
not_found,LandsMaps ไม่พบโฉนด,9521,10_09_230817,10,9,230817,กรุงเทพมหานคร,พระโขนง,3,ที่ดิน+สิ่งปลูกสร้าง,,,17,230817,7/11/2026 3:19
not_found,LandsMaps ไม่พบโฉนด,9522,10_12_50698,10,12,50698,กรุงเทพมหานคร,ยานนาวา,3,ที่ดิน+สิ่งปลูกสร้าง,,,93,50698,7/11/2026 3:19
not_found,LandsMaps ไม่พบโฉนด,9523,10_31_3751,10,31,3751,กรุงเทพมหานคร,บางคอแหลม,2,ห้องชุด/คอนโด,,,30.25,3751,7/11/2026 3:19
not_found,LandsMaps ไม่พบโฉนด,9524,10_12_53184,10,12,53184,กรุงเทพมหานคร,ยานนาวา,2,ห้องชุด/คอนโด,,,34.12,53184,7/11/2026 3:19
not_found,LandsMaps ไม่พบโฉนด,9525,10_28_2630,10,28,2630,กรุงเทพมหานคร,สาทร,2,ห้องชุด/คอนโด,,,34.95,2630,7/11/2026 3:19
not_found,LandsMaps ไม่พบโฉนด,9526,10_12_449,10,12,449,กรุงเทพมหานคร,ยานนาวา,2,ห้องชุด/คอนโด,,,71.11,"449,450,449,165,798,000",7/11/2026 3:19
not_found,LandsMaps ไม่พบโฉนด,9526,10_12_450,10,12,450,กรุงเทพมหานคร,ยานนาวา,2,ห้องชุด/คอนโด,,,71.11,"449,450,449,165,798,000",7/11/2026 3:19
not_found,LandsMaps ไม่พบโฉนด,9526,10_12_4491,10,12,4491,กรุงเทพมหานคร,ยานนาวา,2,ห้องชุด/คอนโด,,,71.11,"449,450,449,165,798,000",7/11/2026 3:19
not_found,LandsMaps ไม่พบโฉนด,9526,10_12_6579,10,12,6579,กรุงเทพมหานคร,ยานนาวา,2,ห้องชุด/คอนโด,,,71.11,"449,450,449,165,798,000",7/11/2026 3:19
not_found,LandsMaps ไม่พบโฉนด,9526,10_12_8680,10,12,8680,กรุงเทพมหานคร,ยานนาวา,2,ห้องชุด/คอนโด,,,71.11,"449,450,449,165,798,000",7/11/2026 3:19
not_found,LandsMaps ไม่พบโฉนด,9527,10_31_1778,10,31,1778,กรุงเทพมหานคร,บางคอแหลม,2,ห้องชุด/คอนโด,,,60.84,1778,7/11/2026 3:19
not_found,LandsMaps ไม่พบโฉนด,9528,10_39_917,10,39,917,กรุงเทพมหานคร,วัฒนา,2,ห้องชุด/คอนโด,,,85.14,917,7/11/2026 3:19
not_found,LandsMaps ไม่พบโฉนด,9529,10_31_3751,10,31,3751,กรุงเทพมหานคร,บางคอแหลม,2,ห้องชุด/คอนโด,,,61.27,3751,7/11/2026 3:19
not_found,LandsMaps ไม่พบโฉนด,9530,10_39_3794,10,39,3794,กรุงเทพมหานคร,วัฒนา,2,ห้องชุด/คอนโด,,,90.35,3794,7/11/2026 3:19
not_found,LandsMaps ไม่พบโฉนด,9531,10_39_3794,10,39,3794,กรุงเทพมหานคร,วัฒนา,2,ห้องชุด/คอนโด,,,40.32,3794,7/11/2026 3:19
not_found,LandsMaps ไม่พบโฉนด,9532,10_12_26306,10,12,26306,กรุงเทพมหานคร,ยานนาวา,2,ห้องชุด/คอนโด,,,80.78,26306,7/11/2026 3:19
not_found,LandsMaps ไม่พบโฉนด,9533,10_31_2442,10,31,2442,กรุงเทพมหานคร,บางคอแหลม,2,ห้องชุด/คอนโด,,,99.31,"244,224,432,444,245,000,000,000,000,000,000,000",7/11/2026 3:19
not_found,LandsMaps ไม่พบโฉนด,9533,10_31_2443,10,31,2443,กรุงเทพมหานคร,บางคอแหลม,2,ห้องชุด/คอนโด,,,99.31,"244,224,432,444,245,000,000,000,000,000,000,000",7/11/2026 3:19
not_found,LandsMaps ไม่พบโฉนด,9533,10_31_2444,10,31,2444,กรุงเทพมหานคร,บางคอแหลม,2,ห้องชุด/คอนโด,,,99.31,"244,224,432,444,245,000,000,000,000,000,000,000",7/11/2026 3:19
not_found,LandsMaps ไม่พบโฉนด,9533,10_31_2459,10,31,2459,กรุงเทพมหานคร,บางคอแหลม,2,ห้องชุด/คอนโด,,,99.31,"244,224,432,444,245,000,000,000,000,000,000,000",7/11/2026 3:19
not_found,LandsMaps ไม่พบโฉนด,9533,10_31_2460,10,31,2460,กรุงเทพมหานคร,บางคอแหลม,2,ห้องชุด/คอนโด,,,99.31,"244,224,432,444,245,000,000,000,000,000,000,000",7/11/2026 3:20
not_found,LandsMaps ไม่พบโฉนด,9533,10_31_2483,10,31,2483,กรุงเทพมหานคร,บางคอแหลม,2,ห้องชุด/คอนโด,,,99.31,"244,224,432,444,245,000,000,000,000,000,000,000",7/11/2026 3:20
not_found,LandsMaps ไม่พบโฉนด,9533,10_31_2480,10,31,2480,กรุงเทพมหานคร,บางคอแหลม,2,ห้องชุด/คอนโด,,,99.31,"244,224,432,444,245,000,000,000,000,000,000,000",7/11/2026 3:20
not_found,LandsMaps ไม่พบโฉนด,9533,10_31_1490,10,31,1490,กรุงเทพมหานคร,บางคอแหลม,2,ห้องชุด/คอนโด,,,99.31,"244,224,432,444,245,000,000,000,000,000,000,000",7/11/2026 3:20
not_found,LandsMaps ไม่พบโฉนด,9533,10_31_2461,10,31,2461,กรุงเทพมหานคร,บางคอแหลม,2,ห้องชุด/คอนโด,,,99.31,"244,224,432,444,245,000,000,000,000,000,000,000",7/11/2026 3:20
not_found,LandsMaps ไม่พบโฉนด,9534,10_09_34110,10,9,34110,กรุงเทพมหานคร,พระโขนง,3,ที่ดิน+สิ่งปลูกสร้าง,,1,,34110,7/11/2026 3:20
not_found,LandsMaps ไม่พบโฉนด,9535,10_33_2330,10,33,2330,กรุงเทพมหานคร,คลองเตย,2,ห้องชุด/คอนโด,,,65.35,"2330-2337,2593,2594,2595,2597,44692",7/11/2026 3:20
not_found,LandsMaps ไม่พบโฉนด,9535,10_33_2331,10,33,2331,กรุงเทพมหานคร,คลองเตย,2,ห้องชุด/คอนโด,,,65.35,"2330-2337,2593,2594,2595,2597,44692",7/11/2026 3:20
not_found,LandsMaps ไม่พบโฉนด,9535,10_33_2332,10,33,2332,กรุงเทพมหานคร,คลองเตย,2,ห้องชุด/คอนโด,,,65.35,"2330-2337,2593,2594,2595,2597,44692",7/11/2026 3:20
not_found,LandsMaps ไม่พบโฉนด,9535,10_33_2333,10,33,2333,กรุงเทพมหานคร,คลองเตย,2,ห้องชุด/คอนโด,,,65.35,"2330-2337,2593,2594,2595,2597,44692",7/11/2026 3:20
not_found,LandsMaps ไม่พบโฉนด,9535,10_33_2334,10,33,2334,กรุงเทพมหานคร,คลองเตย,2,ห้องชุด/คอนโด,,,65.35,"2330-2337,2593,2594,2595,2597,44692",7/11/2026 3:20
not_found,LandsMaps ไม่พบโฉนด,9535,10_33_2335,10,33,2335,กรุงเทพมหานคร,คลองเตย,2,ห้องชุด/คอนโด,,,65.35,"2330-2337,2593,2594,2595,2597,44692",7/11/2026 3:20
not_found,LandsMaps ไม่พบโฉนด,9535,10_33_2336,10,33,2336,กรุงเทพมหานคร,คลองเตย,2,ห้องชุด/คอนโด,,,65.35,"2330-2337,2593,2594,2595,2597,44692",7/11/2026 3:20
not_found,LandsMaps ไม่พบโฉนด,9535,10_33_2337,10,33,2337,กรุงเทพมหานคร,คลองเตย,2,ห้องชุด/คอนโด,,,65.35,"2330-2337,2593,2594,2595,2597,44692",7/11/2026 3:20
not_found,LandsMaps ไม่พบโฉนด,9535,10_33_2593,10,33,2593,กรุงเทพมหานคร,คลองเตย,2,ห้องชุด/คอนโด,,,65.35,"2330-2337,2593,2594,2595,2597,44692",7/11/2026 3:20
not_found,LandsMaps ไม่พบโฉนด,9535,10_33_2594,10,33,2594,กรุงเทพมหานคร,คลองเตย,2,ห้องชุด/คอนโด,,,65.35,"2330-2337,2593,2594,2595,2597,44692",7/11/2026 3:20
not_found,LandsMaps ไม่พบโฉนด,9535,10_33_2595,10,33,2595,กรุงเทพมหานคร,คลองเตย,2,ห้องชุด/คอนโด,,,65.35,"2330-2337,2593,2594,2595,2597,44692",7/11/2026 3:20
not_found,LandsMaps ไม่พบโฉนด,9535,10_33_2597,10,33,2597,กรุงเทพมหานคร,คลองเตย,2,ห้องชุด/คอนโด,,,65.35,"2330-2337,2593,2594,2595,2597,44692",7/11/2026 3:20
not_found,LandsMaps ไม่พบโฉนด,9535,10_33_44692,10,33,44692,กรุงเทพมหานคร,คลองเตย,2,ห้องชุด/คอนโด,,,65.35,"2330-2337,2593,2594,2595,2597,44692",7/11/2026 3:20
not_found,LandsMaps ไม่พบโฉนด,9536,10_28_3694,10,28,3694,กรุงเทพมหานคร,สาทร,3,ที่ดิน+สิ่งปลูกสร้าง,,,26,3694,7/11/2026 3:20
not_found,LandsMaps ไม่พบโฉนด,9537,10_07_725,10,7,725,กรุงเทพมหานคร,ปทุมวัน,2,ห้องชุด/คอนโด,,,35.11,"725,726,727,728,744,000,000,000,000",7/11/2026 3:20
not_found,LandsMaps ไม่พบโฉนด,9537,10_07_726,10,7,726,กรุงเทพมหานคร,ปทุมวัน,2,ห้องชุด/คอนโด,,,35.11,"725,726,727,728,744,000,000,000,000",7/11/2026 3:20
not_found,LandsMaps ไม่พบโฉนด,9537,10_07_727,10,7,727,กรุงเทพมหานคร,ปทุมวัน,2,ห้องชุด/คอนโด,,,35.11,"725,726,727,728,744,000,000,000,000",7/11/2026 3:20
not_found,LandsMaps ไม่พบโฉนด,9537,10_07_728,10,7,728,กรุงเทพมหานคร,ปทุมวัน,2,ห้องชุด/คอนโด,,,35.11,"725,726,727,728,744,000,000,000,000",7/11/2026 3:20
not_found,LandsMaps ไม่พบโฉนด,9537,10_07_744,10,7,744,กรุงเทพมหานคร,ปทุมวัน,2,ห้องชุด/คอนโด,,,35.11,"725,726,727,728,744,000,000,000,000",7/11/2026 3:20
not_found,LandsMaps ไม่พบโฉนด,9537,10_07_745,10,7,745,กรุงเทพมหานคร,ปทุมวัน,2,ห้องชุด/คอนโด,,,35.11,"725,726,727,728,744,000,000,000,000",7/11/2026 3:20
not_found,LandsMaps ไม่พบโฉนด,9537,10_07_2769,10,7,2769,กรุงเทพมหานคร,ปทุมวัน,2,ห้องชุด/คอนโด,,,35.11,"725,726,727,728,744,000,000,000,000",7/11/2026 3:20
not_found,LandsMaps ไม่พบโฉนด,9537,10_07_16355,10,7,16355,กรุงเทพมหานคร,ปทุมวัน,2,ห้องชุด/คอนโด,,,35.11,"725,726,727,728,744,000,000,000,000",7/11/2026 3:20
not_found,LandsMaps ไม่พบโฉนด,9538,10_09_18996,10,9,18996,กรุงเทพมหานคร,พระโขนง,2,ห้องชุด/คอนโด,,,361.62,"1,899,618,997",7/11/2026 3:20
not_found,LandsMaps ไม่พบโฉนด,9538,10_09_18997,10,9,18997,กรุงเทพมหานคร,พระโขนง,2,ห้องชุด/คอนโด,,,361.62,"1,899,618,997",7/11/2026 3:20
not_found,LandsMaps ไม่พบโฉนด,9539,10_28_2295,10,28,2295,กรุงเทพมหานคร,สาทร,2,ห้องชุด/คอนโด,,,35.25,"22,954,499,845,000",7/11/2026 3:20
not_found,LandsMaps ไม่พบโฉนด,9539,10_28_44998,10,28,44998,กรุงเทพมหานคร,สาทร,2,ห้องชุด/คอนโด,,,35.25,"22,954,499,845,000",7/11/2026 3:20
not_found,LandsMaps ไม่พบโฉนด,9539,10_28_45000,10,28,45000,กรุงเทพมหานคร,สาทร,2,ห้องชุด/คอนโด,,,35.25,"22,954,499,845,000",7/11/2026 3:20
not_found,LandsMaps ไม่พบโฉนด,9540,10_39_370,10,39,370,กรุงเทพมหานคร,วัฒนา,2,ห้องชุด/คอนโด,,,29.25,"3,702,432,243,324,340,000",7/11/2026 3:20
not_found,LandsMaps ไม่พบโฉนด,9540,10_39_2432,10,39,2432,กรุงเทพมหานคร,วัฒนา,2,ห้องชุด/คอนโด,,,29.25,"3,702,432,243,324,340,000",7/11/2026 3:20
not_found,LandsMaps ไม่พบโฉนด,9540,10_39_2433,10,39,2433,กรุงเทพมหานคร,วัฒนา,2,ห้องชุด/คอนโด,,,29.25,"3,702,432,243,324,340,000",7/11/2026 3:20
not_found,LandsMaps ไม่พบโฉนด,9540,10_39_2434,10,39,2434,กรุงเทพมหานคร,วัฒนา,2,ห้องชุด/คอนโด,,,29.25,"3,702,432,243,324,340,000",7/11/2026 3:20
not_found,LandsMaps ไม่พบโฉนด,9540,10_39_4524,10,39,4524,กรุงเทพมหานคร,วัฒนา,2,ห้องชุด/คอนโด,,,29.25,"3,702,432,243,324,340,000",7/11/2026 3:20
not_found,LandsMaps ไม่พบโฉนด,9541,10_12_48837,10,12,48837,กรุงเทพมหานคร,ยานนาวา,2,ห้องชุด/คอนโด,,,28.81,"48,837,583,765,856,000,000",7/11/2026 3:20
not_found,LandsMaps ไม่พบโฉนด,9541,10_12_58376,10,12,58376,กรุงเทพมหานคร,ยานนาวา,2,ห้องชุด/คอนโด,,,28.81,"48,837,583,765,856,000,000",7/11/2026 3:20
not_found,LandsMaps ไม่พบโฉนด,9541,10_12_58560,10,12,58560,กรุงเทพมหานคร,ยานนาวา,2,ห้องชุด/คอนโด,,,28.81,"48,837,583,765,856,000,000",7/11/2026 3:20
not_found,LandsMaps ไม่พบโฉนด,9541,10_12_58571,10,12,58571,กรุงเทพมหานคร,ยานนาวา,2,ห้องชุด/คอนโด,,,28.81,"48,837,583,765,856,000,000",7/11/2026 3:20
not_found,LandsMaps ไม่พบโฉนด,9545,10_12_45186,10,12,45186,กรุงเทพมหานคร,ยานนาวา,2,ห้องชุด/คอนโด,,,30.92,"45186, 45187, 45188, 53851, 53852",7/11/2026 3:20
not_found,LandsMaps ไม่พบโฉนด,9545,10_12_45187,10,12,45187,กรุงเทพมหานคร,ยานนาวา,2,ห้องชุด/คอนโด,,,30.92,"45186, 45187, 45188, 53851, 53852",7/11/2026 3:20
not_found,LandsMaps ไม่พบโฉนด,9545,10_12_45188,10,12,45188,กรุงเทพมหานคร,ยานนาวา,2,ห้องชุด/คอนโด,,,30.92,"45186, 45187, 45188, 53851, 53852",7/11/2026 3:20
not_found,LandsMaps ไม่พบโฉนด,9545,10_12_53851,10,12,53851,กรุงเทพมหานคร,ยานนาวา,2,ห้องชุด/คอนโด,,,30.92,"45186, 45187, 45188, 53851, 53852",7/11/2026 3:20
not_found,LandsMaps ไม่พบโฉนด,9545,10_12_53852,10,12,53852,กรุงเทพมหานคร,ยานนาวา,2,ห้องชุด/คอนโด,,,30.92,"45186, 45187, 45188, 53851, 53852",7/11/2026 3:20
not_found,LandsMaps ไม่พบโฉนด,9546,10_33_2725,10,33,2725,กรุงเทพมหานคร,คลองเตย,2,ห้องชุด/คอนโด,,,30.61,"2725, 2726",7/11/2026 3:20
not_found,LandsMaps ไม่พบโฉนด,9546,10_33_2726,10,33,2726,กรุงเทพมหานคร,คลองเตย,2,ห้องชุด/คอนโด,,,30.61,"2725, 2726",7/11/2026 3:20
not_found,LandsMaps ไม่พบโฉนด,9547,10_12_59788,10,12,59788,กรุงเทพมหานคร,ยานนาวา,2,ห้องชุด/คอนโด,,,23.86,"59788, 59806, 59807, 59808",7/11/2026 3:20
not_found,LandsMaps ไม่พบโฉนด,9547,10_12_59806,10,12,59806,กรุงเทพมหานคร,ยานนาวา,2,ห้องชุด/คอนโด,,,23.86,"59788, 59806, 59807, 59808",7/11/2026 3:20
not_found,LandsMaps ไม่พบโฉนด,9547,10_12_59807,10,12,59807,กรุงเทพมหานคร,ยานนาวา,2,ห้องชุด/คอนโด,,,23.86,"59788, 59806, 59807, 59808",7/11/2026 3:20
not_found,LandsMaps ไม่พบโฉนด,9547,10_12_59808,10,12,59808,กรุงเทพมหานคร,ยานนาวา,2,ห้องชุด/คอนโด,,,23.86,"59788, 59806, 59807, 59808",7/11/2026 3:20
not_found,LandsMaps ไม่พบโฉนด,9548,10_12_3097,10,12,3097,กรุงเทพมหานคร,ยานนาวา,2,ห้องชุด/คอนโด,,,39.25,"3097, 51489",7/11/2026 3:20
not_found,LandsMaps ไม่พบโฉนด,9548,10_12_51489,10,12,51489,กรุงเทพมหานคร,ยานนาวา,2,ห้องชุด/คอนโด,,,39.25,"3097, 51489",7/11/2026 3:20
not_found,LandsMaps ไม่พบโฉนด,9549,10_07_299,10,7,299,กรุงเทพมหานคร,ปทุมวัน,2,ห้องชุด/คอนโด,,,45.15,"299, 705, 706",7/11/2026 3:20
not_found,LandsMaps ไม่พบโฉนด,9549,10_07_705,10,7,705,กรุงเทพมหานคร,ปทุมวัน,2,ห้องชุด/คอนโด,,,45.15,"299, 705, 706",7/11/2026 3:20
not_found,LandsMaps ไม่พบโฉนด,9549,10_07_706,10,7,706,กรุงเทพมหานคร,ปทุมวัน,2,ห้องชุด/คอนโด,,,45.15,"299, 705, 706",7/11/2026 3:20
not_found,LandsMaps ไม่พบโฉนด,9550,10_33_2265,10,33,2265,กรุงเทพมหานคร,คลองเตย,2,ห้องชุด/คอนโด,,,31.11,"2265,3022,3023,3024,3027,3054 ฯลฯ",7/11/2026 3:20
not_found,LandsMaps ไม่พบโฉนด,9550,10_33_3022,10,33,3022,กรุงเทพมหานคร,คลองเตย,2,ห้องชุด/คอนโด,,,31.11,"2265,3022,3023,3024,3027,3054 ฯลฯ",7/11/2026 3:20
not_found,LandsMaps ไม่พบโฉนด,9550,10_33_3023,10,33,3023,กรุงเทพมหานคร,คลองเตย,2,ห้องชุด/คอนโด,,,31.11,"2265,3022,3023,3024,3027,3054 ฯลฯ",7/11/2026 3:20
not_found,LandsMaps ไม่พบโฉนด,9550,10_33_3024,10,33,3024,กรุงเทพมหานคร,คลองเตย,2,ห้องชุด/คอนโด,,,31.11,"2265,3022,3023,3024,3027,3054 ฯลฯ",7/11/2026 3:20
not_found,LandsMaps ไม่พบโฉนด,9550,10_33_3027,10,33,3027,กรุงเทพมหานคร,คลองเตย,2,ห้องชุด/คอนโด,,,31.11,"2265,3022,3023,3024,3027,3054 ฯลฯ",7/11/2026 3:20
not_found,LandsMaps ไม่พบโฉนด,9550,10_33_3054,10,33,3054,กรุงเทพมหานคร,คลองเตย,2,ห้องชุด/คอนโด,,,31.11,"2265,3022,3023,3024,3027,3054 ฯลฯ",7/11/2026 3:20
not_found,LandsMaps ไม่พบโฉนด,9551,10_12_51459,10,12,51459,กรุงเทพมหานคร,ยานนาวา (เมือง),2,ห้องชุด/คอนโด,,,56.872,51459,7/11/2026 3:20
not_found,LandsMaps ไม่พบโฉนด,9552,10_39_3801,10,39,3801,กรุงเทพมหานคร,วัฒนา,2,ห้องชุด/คอนโด,,,43.47,3801,7/11/2026 3:20
not_found,LandsMaps ไม่พบโฉนด,9553,10_28_588,10,28,588,กรุงเทพมหานคร,สาทร,2,ห้องชุด/คอนโด,,,109.26,"5,883,228",7/11/2026 3:20
not_found,LandsMaps ไม่พบโฉนด,9553,10_28_3228,10,28,3228,กรุงเทพมหานคร,สาทร,2,ห้องชุด/คอนโด,,,109.26,"5,883,228",7/11/2026 3:20
not_found,LandsMaps ไม่พบโฉนด,9554,10_31_1310,10,31,1310,กรุงเทพมหานคร,บางคอแหลม,3,ที่ดิน+สิ่งปลูกสร้าง,,,26,1310,7/11/2026 3:20
not_found,LandsMaps ไม่พบโฉนด,9555,10_31_1311,10,31,1311,กรุงเทพมหานคร,บางคอแหลม,3,ที่ดิน+สิ่งปลูกสร้าง,,,27,1311,7/11/2026 3:20
not_found,LandsMaps ไม่พบโฉนด,9556,10_31_1313,10,31,1313,กรุงเทพมหานคร,บางคอแหลม,3,ที่ดิน+สิ่งปลูกสร้าง,,,8,1313,7/11/2026 3:20
not_found,LandsMaps ไม่พบโฉนด,9557,10_12_40933,10,12,40933,กรุงเทพมหานคร,ยานนาวา,1,ที่ดินเปล่า,,,8,40933,7/11/2026 3:20
not_found,LandsMaps ไม่พบโฉนด,9558,10_12_59788,10,12,59788,กรุงเทพมหานคร,ยานนาวา,2,ห้องชุด/คอนโด,,,26.04,"59,788,598,065,980,700,000",7/11/2026 3:20
not_found,LandsMaps ไม่พบโฉนด,9558,10_12_59806,10,12,59806,กรุงเทพมหานคร,ยานนาวา,2,ห้องชุด/คอนโด,,,26.04,"59,788,598,065,980,700,000",7/11/2026 3:20
not_found,LandsMaps ไม่พบโฉนด,9558,10_12_59807,10,12,59807,กรุงเทพมหานคร,ยานนาวา,2,ห้องชุด/คอนโด,,,26.04,"59,788,598,065,980,700,000",7/11/2026 3:20
not_found,LandsMaps ไม่พบโฉนด,9558,10_12_59808,10,12,59808,กรุงเทพมหานคร,ยานนาวา,2,ห้องชุด/คอนโด,,,26.04,"59,788,598,065,980,700,000",7/11/2026 3:20
not_found,LandsMaps ไม่พบโฉนด,9559,10_28_831,10,28,831,กรุงเทพมหานคร,สาทร,2,ห้องชุด/คอนโด,,,29.7,"831-838,863-873,42589-42592,29468,2001",7/11/2026 3:20
not_found,LandsMaps ไม่พบโฉนด,9559,10_28_832,10,28,832,กรุงเทพมหานคร,สาทร,2,ห้องชุด/คอนโด,,,29.7,"831-838,863-873,42589-42592,29468,2001",7/11/2026 3:20
not_found,LandsMaps ไม่พบโฉนด,9559,10_28_833,10,28,833,กรุงเทพมหานคร,สาทร,2,ห้องชุด/คอนโด,,,29.7,"831-838,863-873,42589-42592,29468,2001",7/11/2026 3:20
not_found,LandsMaps ไม่พบโฉนด,9559,10_28_834,10,28,834,กรุงเทพมหานคร,สาทร,2,ห้องชุด/คอนโด,,,29.7,"831-838,863-873,42589-42592,29468,2001",7/11/2026 3:20
not_found,LandsMaps ไม่พบโฉนด,9559,10_28_835,10,28,835,กรุงเทพมหานคร,สาทร,2,ห้องชุด/คอนโด,,,29.7,"831-838,863-873,42589-42592,29468,2001",7/11/2026 3:20
not_found,LandsMaps ไม่พบโฉนด,9559,10_28_836,10,28,836,กรุงเทพมหานคร,สาทร,2,ห้องชุด/คอนโด,,,29.7,"831-838,863-873,42589-42592,29468,2001",7/11/2026 3:20
not_found,LandsMaps ไม่พบโฉนด,9559,10_28_837,10,28,837,กรุงเทพมหานคร,สาทร,2,ห้องชุด/คอนโด,,,29.7,"831-838,863-873,42589-42592,29468,2001",7/11/2026 3:20
not_found,LandsMaps ไม่พบโฉนด,9559,10_28_838,10,28,838,กรุงเทพมหานคร,สาทร,2,ห้องชุด/คอนโด,,,29.7,"831-838,863-873,42589-42592,29468,2001",7/11/2026 3:20
not_found,LandsMaps ไม่พบโฉนด,9559,10_28_863,10,28,863,กรุงเทพมหานคร,สาทร,2,ห้องชุด/คอนโด,,,29.7,"831-838,863-873,42589-42592,29468,2001",7/11/2026 3:20
not_found,LandsMaps ไม่พบโฉนด,9559,10_28_864,10,28,864,กรุงเทพมหานคร,สาทร,2,ห้องชุด/คอนโด,,,29.7,"831-838,863-873,42589-42592,29468,2001",7/11/2026 3:20
not_found,LandsMaps ไม่พบโฉนด,9559,10_28_865,10,28,865,กรุงเทพมหานคร,สาทร,2,ห้องชุด/คอนโด,,,29.7,"831-838,863-873,42589-42592,29468,2001",7/11/2026 3:20
not_found,LandsMaps ไม่พบโฉนด,9559,10_28_866,10,28,866,กรุงเทพมหานคร,สาทร,2,ห้องชุด/คอนโด,,,29.7,"831-838,863-873,42589-42592,29468,2001",7/11/2026 3:20
not_found,LandsMaps ไม่พบโฉนด,9559,10_28_867,10,28,867,กรุงเทพมหานคร,สาทร,2,ห้องชุด/คอนโด,,,29.7,"831-838,863-873,42589-42592,29468,2001",7/11/2026 3:21
not_found,LandsMaps ไม่พบโฉนด,9559,10_28_868,10,28,868,กรุงเทพมหานคร,สาทร,2,ห้องชุด/คอนโด,,,29.7,"831-838,863-873,42589-42592,29468,2001",7/11/2026 3:21
not_found,LandsMaps ไม่พบโฉนด,9559,10_28_869,10,28,869,กรุงเทพมหานคร,สาทร,2,ห้องชุด/คอนโด,,,29.7,"831-838,863-873,42589-42592,29468,2001",7/11/2026 3:21
not_found,LandsMaps ไม่พบโฉนด,9559,10_28_870,10,28,870,กรุงเทพมหานคร,สาทร,2,ห้องชุด/คอนโด,,,29.7,"831-838,863-873,42589-42592,29468,2001",7/11/2026 3:21
not_found,LandsMaps ไม่พบโฉนด,9559,10_28_871,10,28,871,กรุงเทพมหานคร,สาทร,2,ห้องชุด/คอนโด,,,29.7,"831-838,863-873,42589-42592,29468,2001",7/11/2026 3:21
not_found,LandsMaps ไม่พบโฉนด,9559,10_28_872,10,28,872,กรุงเทพมหานคร,สาทร,2,ห้องชุด/คอนโด,,,29.7,"831-838,863-873,42589-42592,29468,2001",7/11/2026 3:21
not_found,LandsMaps ไม่พบโฉนด,9559,10_28_873,10,28,873,กรุงเทพมหานคร,สาทร,2,ห้องชุด/คอนโด,,,29.7,"831-838,863-873,42589-42592,29468,2001",7/11/2026 3:21
not_found,LandsMaps ไม่พบโฉนด,9559,10_28_42589,10,28,42589,กรุงเทพมหานคร,สาทร,2,ห้องชุด/คอนโด,,,29.7,"831-838,863-873,42589-42592,29468,2001",7/11/2026 3:21
not_found,LandsMaps ไม่พบโฉนด,9559,10_28_42590,10,28,42590,กรุงเทพมหานคร,สาทร,2,ห้องชุด/คอนโด,,,29.7,"831-838,863-873,42589-42592,29468,2001",7/11/2026 3:21
not_found,LandsMaps ไม่พบโฉนด,9559,10_28_42591,10,28,42591,กรุงเทพมหานคร,สาทร,2,ห้องชุด/คอนโด,,,29.7,"831-838,863-873,42589-42592,29468,2001",7/11/2026 3:21
not_found,LandsMaps ไม่พบโฉนด,9559,10_28_42592,10,28,42592,กรุงเทพมหานคร,สาทร,2,ห้องชุด/คอนโด,,,29.7,"831-838,863-873,42589-42592,29468,2001",7/11/2026 3:21
not_found,LandsMaps ไม่พบโฉนด,9559,10_28_29468,10,28,29468,กรุงเทพมหานคร,สาทร,2,ห้องชุด/คอนโด,,,29.7,"831-838,863-873,42589-42592,29468,2001",7/11/2026 3:21
not_found,LandsMaps ไม่พบโฉนด,9559,10_28_2001,10,28,2001,กรุงเทพมหานคร,สาทร,2,ห้องชุด/คอนโด,,,29.7,"831-838,863-873,42589-42592,29468,2001",7/11/2026 3:21
not_found,LandsMaps ไม่พบโฉนด,9560,10_12_45186,10,12,45186,กรุงเทพมหานคร,ยานนาวา,2,ห้องชุด/คอนโด,,,29.74,"45186, 45187, 45188, 53851, 53852",7/11/2026 3:21
not_found,LandsMaps ไม่พบโฉนด,9560,10_12_45187,10,12,45187,กรุงเทพมหานคร,ยานนาวา,2,ห้องชุด/คอนโด,,,29.74,"45186, 45187, 45188, 53851, 53852",7/11/2026 3:21
not_found,LandsMaps ไม่พบโฉนด,9560,10_12_45188,10,12,45188,กรุงเทพมหานคร,ยานนาวา,2,ห้องชุด/คอนโด,,,29.74,"45186, 45187, 45188, 53851, 53852",7/11/2026 3:21
not_found,LandsMaps ไม่พบโฉนด,9560,10_12_53851,10,12,53851,กรุงเทพมหานคร,ยานนาวา,2,ห้องชุด/คอนโด,,,29.74,"45186, 45187, 45188, 53851, 53852",7/11/2026 3:21
not_found,LandsMaps ไม่พบโฉนด,9560,10_12_53852,10,12,53852,กรุงเทพมหานคร,ยานนาวา,2,ห้องชุด/คอนโด,,,29.74,"45186, 45187, 45188, 53851, 53852",7/11/2026 3:21
not_found,LandsMaps ไม่พบโฉนด,9561,10_12_26306,10,12,26306,กรุงเทพมหานคร,ยานนาวา,2,ห้องชุด/คอนโด,,,32.09,26306,7/11/2026 3:21
not_found,LandsMaps ไม่พบโฉนด,9562,10_33_2725,10,33,2725,กรุงเทพมหานคร,คลองเตย,2,ห้องชุด/คอนโด,,,25.16,"27,252,726",7/11/2026 3:21
not_found,LandsMaps ไม่พบโฉนด,9562,10_33_2726,10,33,2726,กรุงเทพมหานคร,คลองเตย,2,ห้องชุด/คอนโด,,,25.16,"27,252,726",7/11/2026 3:21
not_found,LandsMaps ไม่พบโฉนด,9563,10_33_17579,10,33,17579,กรุงเทพมหานคร,คลองเตย,3,ที่ดิน+สิ่งปลูกสร้าง,,,91,17579,7/11/2026 3:21
not_found,LandsMaps ไม่พบโฉนด,9564,10_33_2725,10,33,2725,กรุงเทพมหานคร,คลองเตย,2,ห้องชุด/คอนโด,,,29.57,"27,252,726",7/11/2026 3:21
not_found,LandsMaps ไม่พบโฉนด,9564,10_33_2726,10,33,2726,กรุงเทพมหานคร,คลองเตย,2,ห้องชุด/คอนโด,,,29.57,"27,252,726",7/11/2026 3:21
not_found,LandsMaps ไม่พบโฉนด,9565,10_12_31392,10,12,31392,กรุงเทพมหานคร,ยานนาวา,3,ที่ดิน+สิ่งปลูกสร้าง,,,17,31392,7/11/2026 3:21
not_found,LandsMaps ไม่พบโฉนด,9566,10_12_26306,10,12,26306,กรุงเทพมหานคร,ยานนาวา (เมือง),2,ห้องชุด/คอนโด,,,79.93,26306,7/11/2026 3:21
not_found,LandsMaps ไม่พบโฉนด,9567,10_12_55670,10,12,55670,กรุงเทพมหานคร,ยานนาวา,2,ห้องชุด/คอนโด,,,55.7,55670,7/11/2026 3:21
not_found,LandsMaps ไม่พบโฉนด,9568,10_39_3797,10,39,3797,กรุงเทพมหานคร,วัฒนา,2,ห้องชุด/คอนโด,,,110.98,3797,7/11/2026 3:21
not_found,LandsMaps ไม่พบโฉนด,9569,10_39_3797,10,39,3797,กรุงเทพมหานคร,วัฒนา,2,ห้องชุด/คอนโด,,,128.35,3797,7/11/2026 3:21
not_found,LandsMaps ไม่พบโฉนด,9570,10_33_2725,10,33,2725,กรุงเทพมหานคร,คลองเตย,2,ห้องชุด/คอนโด,,,25.58,"27,252,726",7/11/2026 3:21
not_found,LandsMaps ไม่พบโฉนด,9570,10_33_2726,10,33,2726,กรุงเทพมหานคร,คลองเตย,2,ห้องชุด/คอนโด,,,25.58,"27,252,726",7/11/2026 3:21
not_found,LandsMaps ไม่พบโฉนด,9571,10_33_2725,10,33,2725,กรุงเทพมหานคร,คลองเตย,2,ห้องชุด/คอนโด,,,27.07,"27,252,726",7/11/2026 3:21
not_found,LandsMaps ไม่พบโฉนด,9571,10_33_2726,10,33,2726,กรุงเทพมหานคร,คลองเตย,2,ห้องชุด/คอนโด,,,27.07,"27,252,726",7/11/2026 3:21
not_found,LandsMaps ไม่พบโฉนด,9572,10_33_2208,10,33,2208,กรุงเทพมหานคร,คลองเตย,2,ห้องชุด/คอนโด,,,33.75,"220,852,766",7/11/2026 3:21
not_found,LandsMaps ไม่พบโฉนด,9572,10_33_52766,10,33,52766,กรุงเทพมหานคร,คลองเตย,2,ห้องชุด/คอนโด,,,33.75,"220,852,766",7/11/2026 3:21
not_found,LandsMaps ไม่พบโฉนด,9573,10_12_54216,10,12,54216,กรุงเทพมหานคร,ยานนาวา,2,ห้องชุด/คอนโด,,,40.11,54216,7/11/2026 3:21
not_found,LandsMaps ไม่พบโฉนด,9574,10_33_2854,10,33,2854,กรุงเทพมหานคร,คลองเตย,2,ห้องชุด/คอนโด,,,28.51,2854,7/11/2026 3:21
not_found,LandsMaps ไม่พบโฉนด,9575,10_09_227242,10,9,227242,กรุงเทพมหานคร,พระโขนง,2,ห้องชุด/คอนโด,,,22.75,"227,242,967,609,676,000,000",7/11/2026 3:21
not_found,LandsMaps ไม่พบโฉนด,9575,10_09_96760,10,9,96760,กรุงเทพมหานคร,พระโขนง,2,ห้องชุด/คอนโด,,,22.75,"227,242,967,609,676,000,000",7/11/2026 3:21
not_found,LandsMaps ไม่พบโฉนด,9575,10_09_96761,10,9,96761,กรุงเทพมหานคร,พระโขนง,2,ห้องชุด/คอนโด,,,22.75,"227,242,967,609,676,000,000",7/11/2026 3:21
not_found,LandsMaps ไม่พบโฉนด,9575,10_09_96762,10,9,96762,กรุงเทพมหานคร,พระโขนง,2,ห้องชุด/คอนโด,,,22.75,"227,242,967,609,676,000,000",7/11/2026 3:21
not_found,LandsMaps ไม่พบโฉนด,9576,10_12_138801,10,12,138801,กรุงเทพมหานคร,ยานนาวา,2,ห้องชุด/คอนโด,,,67.72,"138801,7988,129924-129932",7/11/2026 3:21
not_found,LandsMaps ไม่พบโฉนด,9576,10_12_7988,10,12,7988,กรุงเทพมหานคร,ยานนาวา,2,ห้องชุด/คอนโด,,,67.72,"138801,7988,129924-129932",7/11/2026 3:21
not_found,LandsMaps ไม่พบโฉนด,9576,10_12_129924,10,12,129924,กรุงเทพมหานคร,ยานนาวา,2,ห้องชุด/คอนโด,,,67.72,"138801,7988,129924-129932",7/11/2026 3:21
not_found,LandsMaps ไม่พบโฉนด,9576,10_12_129925,10,12,129925,กรุงเทพมหานคร,ยานนาวา,2,ห้องชุด/คอนโด,,,67.72,"138801,7988,129924-129932",7/11/2026 3:21
not_found,LandsMaps ไม่พบโฉนด,9576,10_12_129926,10,12,129926,กรุงเทพมหานคร,ยานนาวา,2,ห้องชุด/คอนโด,,,67.72,"138801,7988,129924-129932",7/11/2026 3:21
not_found,LandsMaps ไม่พบโฉนด,9576,10_12_129927,10,12,129927,กรุงเทพมหานคร,ยานนาวา,2,ห้องชุด/คอนโด,,,67.72,"138801,7988,129924-129932",7/11/2026 3:21
not_found,LandsMaps ไม่พบโฉนด,9576,10_12_129928,10,12,129928,กรุงเทพมหานคร,ยานนาวา,2,ห้องชุด/คอนโด,,,67.72,"138801,7988,129924-129932",7/11/2026 3:21
not_found,LandsMaps ไม่พบโฉนด,9576,10_12_129929,10,12,129929,กรุงเทพมหานคร,ยานนาวา,2,ห้องชุด/คอนโด,,,67.72,"138801,7988,129924-129932",7/11/2026 3:21
not_found,LandsMaps ไม่พบโฉนด,9576,10_12_129930,10,12,129930,กรุงเทพมหานคร,ยานนาวา,2,ห้องชุด/คอนโด,,,67.72,"138801,7988,129924-129932",7/11/2026 3:21
not_found,LandsMaps ไม่พบโฉนด,9576,10_12_129931,10,12,129931,กรุงเทพมหานคร,ยานนาวา,2,ห้องชุด/คอนโด,,,67.72,"138801,7988,129924-129932",7/11/2026 3:21
not_found,LandsMaps ไม่พบโฉนด,9576,10_12_129932,10,12,129932,กรุงเทพมหานคร,ยานนาวา,2,ห้องชุด/คอนโด,,,67.72,"138801,7988,129924-129932",7/11/2026 3:21
not_found,LandsMaps ไม่พบโฉนด,9577,10_08_123,10,8,123,กรุงเทพมหานคร,ป้อมปราบศัตรูพ่าย,2,ห้องชุด/คอนโด,,,12.25,123,7/11/2026 3:21
not_found,LandsMaps ไม่พบโฉนด,9578,10_12_58352,10,12,58352,กรุงเทพมหานคร,ยานนาวา,2,ห้องชุด/คอนโด,,,28.59,58352,7/11/2026 3:21
not_found,LandsMaps ไม่พบโฉนด,9579,10_33_2725,10,33,2725,กรุงเทพมหานคร,คลองเตย,2,ห้องชุด/คอนโด,,,23.45,"27,252,726",7/11/2026 3:21
not_found,LandsMaps ไม่พบโฉนด,9579,10_33_2726,10,33,2726,กรุงเทพมหานคร,คลองเตย,2,ห้องชุด/คอนโด,,,23.45,"27,252,726",7/11/2026 3:21
not_found,LandsMaps ไม่พบโฉนด,9580,10_33_2725,10,33,2725,กรุงเทพมหานคร,คลองเตย,2,ห้องชุด/คอนโด,,,30.61,"27,252,726",7/11/2026 3:21
not_found,LandsMaps ไม่พบโฉนด,9580,10_33_2726,10,33,2726,กรุงเทพมหานคร,คลองเตย,2,ห้องชุด/คอนโด,,,30.61,"27,252,726",7/11/2026 3:21
not_found,LandsMaps ไม่พบโฉนด,9581,10_33_2725,10,33,2725,กรุงเทพมหานคร,คลองเตย,2,ห้องชุด/คอนโด,,,29.57,"27,252,726",7/11/2026 3:21
not_found,LandsMaps ไม่พบโฉนด,9581,10_33_2726,10,33,2726,กรุงเทพมหานคร,คลองเตย,2,ห้องชุด/คอนโด,,,29.57,"27,252,726",7/11/2026 3:21
not_found,LandsMaps ไม่พบโฉนด,9582,10_12_58352,10,12,58352,กรุงเทพมหานคร,ยานนาวา,2,ห้องชุด/คอนโด,,,26.48,58352,7/11/2026 3:21
not_found,LandsMaps ไม่พบโฉนด,9583,10_33_146975,10,33,146975,กรุงเทพมหานคร,คลองเตย,2,ห้องชุด/คอนโด,,,85.51,"146975, 146976",7/11/2026 3:21
not_found,LandsMaps ไม่พบโฉนด,9583,10_33_146976,10,33,146976,กรุงเทพมหานคร,คลองเตย,2,ห้องชุด/คอนโด,,,85.51,"146975, 146976",7/11/2026 3:21
not_found,LandsMaps ไม่พบโฉนด,9584,10_33_2585,10,33,2585,กรุงเทพมหานคร,คลองเตย,2,ห้องชุด/คอนโด,,,28.17,2585,7/11/2026 3:21
not_found,LandsMaps ไม่พบโฉนด,9585,10_28_985,10,28,985,กรุงเทพมหานคร,สาทร,2,ห้องชุด/คอนโด,,,35.31,"985,986",7/11/2026 3:21
not_found,LandsMaps ไม่พบโฉนด,9585,10_28_986,10,28,986,กรุงเทพมหานคร,สาทร,2,ห้องชุด/คอนโด,,,35.31,"985,986",7/11/2026 3:21
not_found,LandsMaps ไม่พบโฉนด,9586,10_33_2854,10,33,2854,กรุงเทพมหานคร,คลองเตย,2,ห้องชุด/คอนโด,,,28.51,2854,7/11/2026 3:21
not_found,LandsMaps ไม่พบโฉนด,9587,10_04_51237,10,4,51237,กรุงเทพมหานคร,บางรัก,2,ห้องชุด/คอนโด,,,12.78,"5,123,727,153,178,440,000,000,000,000,000,000,000,000,000",7/11/2026 3:21
not_found,LandsMaps ไม่พบโฉนด,9587,10_04_2715,10,4,2715,กรุงเทพมหานคร,บางรัก,2,ห้องชุด/คอนโด,,,12.78,"5,123,727,153,178,440,000,000,000,000,000,000,000,000,000",7/11/2026 3:21
not_found,LandsMaps ไม่พบโฉนด,9587,10_04_31784,10,4,31784,กรุงเทพมหานคร,บางรัก,2,ห้องชุด/คอนโด,,,12.78,"5,123,727,153,178,440,000,000,000,000,000,000,000,000,000",7/11/2026 3:21
not_found,LandsMaps ไม่พบโฉนด,9587,10_04_4310,10,4,4310,กรุงเทพมหานคร,บางรัก,2,ห้องชุด/คอนโด,,,12.78,"5,123,727,153,178,440,000,000,000,000,000,000,000,000,000",7/11/2026 3:21
not_found,LandsMaps ไม่พบโฉนด,9587,10_04_43240,10,4,43240,กรุงเทพมหานคร,บางรัก,2,ห้องชุด/คอนโด,,,12.78,"5,123,727,153,178,440,000,000,000,000,000,000,000,000,000",7/11/2026 3:21
not_found,LandsMaps ไม่พบโฉนด,9587,10_04_41456,10,4,41456,กรุงเทพมหานคร,บางรัก,2,ห้องชุด/คอนโด,,,12.78,"5,123,727,153,178,440,000,000,000,000,000,000,000,000,000",7/11/2026 3:21
not_found,LandsMaps ไม่พบโฉนด,9587,10_04_41457,10,4,41457,กรุงเทพมหานคร,บางรัก,2,ห้องชุด/คอนโด,,,12.78,"5,123,727,153,178,440,000,000,000,000,000,000,000,000,000",7/11/2026 3:21
not_found,LandsMaps ไม่พบโฉนด,9587,10_04_51791,10,4,51791,กรุงเทพมหานคร,บางรัก,2,ห้องชุด/คอนโด,,,12.78,"5,123,727,153,178,440,000,000,000,000,000,000,000,000,000",7/11/2026 3:21
not_found,LandsMaps ไม่พบโฉนด,9587,10_04_52352,10,4,52352,กรุงเทพมหานคร,บางรัก,2,ห้องชุด/คอนโด,,,12.78,"5,123,727,153,178,440,000,000,000,000,000,000,000,000,000",7/11/2026 3:21
not_found,LandsMaps ไม่พบโฉนด,9588,10_08_123,10,8,123,กรุงเทพมหานคร,ป้อมปราบศัตรูพ่าย,2,ห้องชุด/คอนโด,,,17.88,123,7/11/2026 3:21
not_found,LandsMaps ไม่พบโฉนด,9589,10_33_2265,10,33,2265,กรุงเทพมหานคร,คลองเตย,2,ห้องชุด/คอนโด,,,34.89,"22,653,022,302,330,200,000,000,000,000,000",7/11/2026 3:21
not_found,LandsMaps ไม่พบโฉนด,9589,10_33_3022,10,33,3022,กรุงเทพมหานคร,คลองเตย,2,ห้องชุด/คอนโด,,,34.89,"22,653,022,302,330,200,000,000,000,000,000",7/11/2026 3:21
not_found,LandsMaps ไม่พบโฉนด,9589,10_33_3023,10,33,3023,กรุงเทพมหานคร,คลองเตย,2,ห้องชุด/คอนโด,,,34.89,"22,653,022,302,330,200,000,000,000,000,000",7/11/2026 3:21
not_found,LandsMaps ไม่พบโฉนด,9589,10_33_3024,10,33,3024,กรุงเทพมหานคร,คลองเตย,2,ห้องชุด/คอนโด,,,34.89,"22,653,022,302,330,200,000,000,000,000,000",7/11/2026 3:21
not_found,LandsMaps ไม่พบโฉนด,9589,10_33_3027,10,33,3027,กรุงเทพมหานคร,คลองเตย,2,ห้องชุด/คอนโด,,,34.89,"22,653,022,302,330,200,000,000,000,000,000",7/11/2026 3:21
not_found,LandsMaps ไม่พบโฉนด,9589,10_33_3054,10,33,3054,กรุงเทพมหานคร,คลองเตย,2,ห้องชุด/คอนโด,,,34.89,"22,653,022,302,330,200,000,000,000,000,000",7/11/2026 3:21
not_found,LandsMaps ไม่พบโฉนด,9589,10_33_3056,10,33,3056,กรุงเทพมหานคร,คลองเตย,2,ห้องชุด/คอนโด,,,34.89,"22,653,022,302,330,200,000,000,000,000,000",7/11/2026 3:21
not_found,LandsMaps ไม่พบโฉนด,9589,10_33_3058,10,33,3058,กรุงเทพมหานคร,คลองเตย,2,ห้องชุด/คอนโด,,,34.89,"22,653,022,302,330,200,000,000,000,000,000",7/11/2026 3:21
not_found,LandsMaps ไม่พบโฉนด,9590,10_12_449,10,12,449,กรุงเทพมหานคร,ยานนาวา,2,ห้องชุด/คอนโด,,,87.85,"449,450,449,165,798,000",7/11/2026 3:21
not_found,LandsMaps ไม่พบโฉนด,9590,10_12_450,10,12,450,กรุงเทพมหานคร,ยานนาวา,2,ห้องชุด/คอนโด,,,87.85,"449,450,449,165,798,000",7/11/2026 3:21
not_found,LandsMaps ไม่พบโฉนด,9590,10_12_4491,10,12,4491,กรุงเทพมหานคร,ยานนาวา,2,ห้องชุด/คอนโด,,,87.85,"449,450,449,165,798,000",7/11/2026 3:21
not_found,LandsMaps ไม่พบโฉนด,9590,10_12_6579,10,12,6579,กรุงเทพมหานคร,ยานนาวา,2,ห้องชุด/คอนโด,,,87.85,"449,450,449,165,798,000",7/11/2026 3:21
not_found,LandsMaps ไม่พบโฉนด,9590,10_12_8680,10,12,8680,กรุงเทพมหานคร,ยานนาวา,2,ห้องชุด/คอนโด,,,87.85,"449,450,449,165,798,000",7/11/2026 3:22
not_found,LandsMaps ไม่พบโฉนด,9591,10_12_59884,10,12,59884,กรุงเทพมหานคร,ยานนาวา,2,ห้องชุด/คอนโด,,,32.02,59884,7/11/2026 3:22
not_found,LandsMaps ไม่พบโฉนด,9592,10_39_1840,10,39,1840,กรุงเทพมหานคร,วัฒนา,2,ห้องชุด/คอนโด,,,32,"1,840,198,519,861,980,000,000,000,000",7/11/2026 3:22
not_found,LandsMaps ไม่พบโฉนด,9592,10_39_1985,10,39,1985,กรุงเทพมหานคร,วัฒนา,2,ห้องชุด/คอนโด,,,32,"1,840,198,519,861,980,000,000,000,000",7/11/2026 3:22
not_found,LandsMaps ไม่พบโฉนด,9592,10_39_1986,10,39,1986,กรุงเทพมหานคร,วัฒนา,2,ห้องชุด/คอนโด,,,32,"1,840,198,519,861,980,000,000,000,000",7/11/2026 3:22
not_found,LandsMaps ไม่พบโฉนด,9592,10_39_1987,10,39,1987,กรุงเทพมหานคร,วัฒนา,2,ห้องชุด/คอนโด,,,32,"1,840,198,519,861,980,000,000,000,000",7/11/2026 3:22
not_found,LandsMaps ไม่พบโฉนด,9592,10_39_1988,10,39,1988,กรุงเทพมหานคร,วัฒนา,2,ห้องชุด/คอนโด,,,32,"1,840,198,519,861,980,000,000,000,000",7/11/2026 3:22
not_found,LandsMaps ไม่พบโฉนด,9592,10_39_1989,10,39,1989,กรุงเทพมหานคร,วัฒนา,2,ห้องชุด/คอนโด,,,32,"1,840,198,519,861,980,000,000,000,000",7/11/2026 3:22
not_found,LandsMaps ไม่พบโฉนด,9592,10_39_1990,10,39,1990,กรุงเทพมหานคร,วัฒนา,2,ห้องชุด/คอนโด,,,32,"1,840,198,519,861,980,000,000,000,000",7/11/2026 3:22
not_found,LandsMaps ไม่พบโฉนด,9593,10_12_449,10,12,449,กรุงเทพมหานคร,ยานนาวา,2,ห้องชุด/คอนโด,,,89.8,"449,450,449,165,798,000",7/11/2026 3:22
not_found,LandsMaps ไม่พบโฉนด,9593,10_12_450,10,12,450,กรุงเทพมหานคร,ยานนาวา,2,ห้องชุด/คอนโด,,,89.8,"449,450,449,165,798,000",7/11/2026 3:22
not_found,LandsMaps ไม่พบโฉนด,9593,10_12_4491,10,12,4491,กรุงเทพมหานคร,ยานนาวา,2,ห้องชุด/คอนโด,,,89.8,"449,450,449,165,798,000",7/11/2026 3:22
not_found,LandsMaps ไม่พบโฉนด,9593,10_12_6579,10,12,6579,กรุงเทพมหานคร,ยานนาวา,2,ห้องชุด/คอนโด,,,89.8,"449,450,449,165,798,000",7/11/2026 3:22
not_found,LandsMaps ไม่พบโฉนด,9593,10_12_8680,10,12,8680,กรุงเทพมหานคร,ยานนาวา,2,ห้องชุด/คอนโด,,,89.8,"449,450,449,165,798,000",7/11/2026 3:22
not_found,LandsMaps ไม่พบโฉนด,9594,10_12_26306,10,12,26306,กรุงเทพมหานคร,ยานนาวา,2,ห้องชุด/คอนโด,,,78.71,26306,7/11/2026 3:22
not_found,LandsMaps ไม่พบโฉนด,9595,10_09_16889,10,9,16889,กรุงเทพมหานคร,พระโขนง,2,ห้องชุด/คอนโด,,,29.02,16889,7/11/2026 3:22
not_found,LandsMaps ไม่พบโฉนด,9596,10_09_4106,10,9,4106,กรุงเทพมหานคร,พระโขนง,2,ห้องชุด/คอนโด,,,58.06,4106,7/11/2026 3:22
not_found,LandsMaps ไม่พบโฉนด,9597,10_33_8294,10,33,8294,กรุงเทพมหานคร,คลองเตย,2,ห้องชุด/คอนโด,,,65.46,"82,948,296",7/11/2026 3:22
not_found,LandsMaps ไม่พบโฉนด,9597,10_33_8296,10,33,8296,กรุงเทพมหานคร,คลองเตย,2,ห้องชุด/คอนโด,,,65.46,"82,948,296",7/11/2026 3:22
not_found,LandsMaps ไม่พบโฉนด,9598,10_12_4199,10,12,4199,กรุงเทพมหานคร,ยานนาวา,2,ห้องชุด/คอนโด,,,71.3,"4199,6347,6348,17970,18153,18154,28649,28650,28651  ฯ",7/11/2026 3:22
not_found,LandsMaps ไม่พบโฉนด,9598,10_12_6347,10,12,6347,กรุงเทพมหานคร,ยานนาวา,2,ห้องชุด/คอนโด,,,71.3,"4199,6347,6348,17970,18153,18154,28649,28650,28651  ฯ",7/11/2026 3:22
not_found,LandsMaps ไม่พบโฉนด,9598,10_12_6348,10,12,6348,กรุงเทพมหานคร,ยานนาวา,2,ห้องชุด/คอนโด,,,71.3,"4199,6347,6348,17970,18153,18154,28649,28650,28651  ฯ",7/11/2026 3:22
not_found,LandsMaps ไม่พบโฉนด,9598,10_12_17970,10,12,17970,กรุงเทพมหานคร,ยานนาวา,2,ห้องชุด/คอนโด,,,71.3,"4199,6347,6348,17970,18153,18154,28649,28650,28651  ฯ",7/11/2026 3:22
not_found,LandsMaps ไม่พบโฉนด,9598,10_12_18153,10,12,18153,กรุงเทพมหานคร,ยานนาวา,2,ห้องชุด/คอนโด,,,71.3,"4199,6347,6348,17970,18153,18154,28649,28650,28651  ฯ",7/11/2026 3:22
not_found,LandsMaps ไม่พบโฉนด,9598,10_12_18154,10,12,18154,กรุงเทพมหานคร,ยานนาวา,2,ห้องชุด/คอนโด,,,71.3,"4199,6347,6348,17970,18153,18154,28649,28650,28651  ฯ",7/11/2026 3:22
not_found,LandsMaps ไม่พบโฉนด,9598,10_12_28649,10,12,28649,กรุงเทพมหานคร,ยานนาวา,2,ห้องชุด/คอนโด,,,71.3,"4199,6347,6348,17970,18153,18154,28649,28650,28651  ฯ",7/11/2026 3:22
not_found,LandsMaps ไม่พบโฉนด,9598,10_12_28650,10,12,28650,กรุงเทพมหานคร,ยานนาวา,2,ห้องชุด/คอนโด,,,71.3,"4199,6347,6348,17970,18153,18154,28649,28650,28651  ฯ",7/11/2026 3:22
not_found,LandsMaps ไม่พบโฉนด,9598,10_12_28651,10,12,28651,กรุงเทพมหานคร,ยานนาวา,2,ห้องชุด/คอนโด,,,71.3,"4199,6347,6348,17970,18153,18154,28649,28650,28651  ฯ",7/11/2026 3:22
not_found,LandsMaps ไม่พบโฉนด,9599,10_19_54495,10,19,54495,กรุงเทพมหานคร,ตลิ่งชัน,3,ที่ดิน+สิ่งปลูกสร้าง,,1,52,54495,7/11/2026 3:22
not_found,LandsMaps ไม่พบโฉนด,9600,10_39_5697,10,39,5697,กรุงเทพมหานคร,วัฒนา,2,ห้องชุด/คอนโด,,,48.68,"569,756,985,699",7/11/2026 3:22
not_found,LandsMaps ไม่พบโฉนด,9600,10_39_5698,10,39,5698,กรุงเทพมหานคร,วัฒนา,2,ห้องชุด/คอนโด,,,48.68,"569,756,985,699",7/11/2026 3:22
not_found,LandsMaps ไม่พบโฉนด,9600,10_39_5699,10,39,5699,กรุงเทพมหานคร,วัฒนา,2,ห้องชุด/คอนโด,,,48.68,"569,756,985,699",7/11/2026 3:22
not_found,LandsMaps ไม่พบโฉนด,9601,10_09_2330,10,9,2330,กรุงเทพมหานคร,พระโขนง,2,ห้องชุด/คอนโด,,,45.66,"2330 - 2337,2593 - 2595,2597,44692",7/11/2026 3:22
not_found,LandsMaps ไม่พบโฉนด,9601,10_09_2331,10,9,2331,กรุงเทพมหานคร,พระโขนง,2,ห้องชุด/คอนโด,,,45.66,"2330 - 2337,2593 - 2595,2597,44692",7/11/2026 3:22
not_found,LandsMaps ไม่พบโฉนด,9601,10_09_2332,10,9,2332,กรุงเทพมหานคร,พระโขนง,2,ห้องชุด/คอนโด,,,45.66,"2330 - 2337,2593 - 2595,2597,44692",7/11/2026 3:22
not_found,LandsMaps ไม่พบโฉนด,9601,10_09_2333,10,9,2333,กรุงเทพมหานคร,พระโขนง,2,ห้องชุด/คอนโด,,,45.66,"2330 - 2337,2593 - 2595,2597,44692",7/11/2026 3:22
not_found,LandsMaps ไม่พบโฉนด,9601,10_09_2334,10,9,2334,กรุงเทพมหานคร,พระโขนง,2,ห้องชุด/คอนโด,,,45.66,"2330 - 2337,2593 - 2595,2597,44692",7/11/2026 3:22
not_found,LandsMaps ไม่พบโฉนด,9601,10_09_2335,10,9,2335,กรุงเทพมหานคร,พระโขนง,2,ห้องชุด/คอนโด,,,45.66,"2330 - 2337,2593 - 2595,2597,44692",7/11/2026 3:22
not_found,LandsMaps ไม่พบโฉนด,9601,10_09_2336,10,9,2336,กรุงเทพมหานคร,พระโขนง,2,ห้องชุด/คอนโด,,,45.66,"2330 - 2337,2593 - 2595,2597,44692",7/11/2026 3:22
not_found,LandsMaps ไม่พบโฉนด,9601,10_09_2337,10,9,2337,กรุงเทพมหานคร,พระโขนง,2,ห้องชุด/คอนโด,,,45.66,"2330 - 2337,2593 - 2595,2597,44692",7/11/2026 3:22
not_found,LandsMaps ไม่พบโฉนด,9601,10_09_2593,10,9,2593,กรุงเทพมหานคร,พระโขนง,2,ห้องชุด/คอนโด,,,45.66,"2330 - 2337,2593 - 2595,2597,44692",7/11/2026 3:22
not_found,LandsMaps ไม่พบโฉนด,9601,10_09_2594,10,9,2594,กรุงเทพมหานคร,พระโขนง,2,ห้องชุด/คอนโด,,,45.66,"2330 - 2337,2593 - 2595,2597,44692",7/11/2026 3:22
not_found,LandsMaps ไม่พบโฉนด,9601,10_09_2595,10,9,2595,กรุงเทพมหานคร,พระโขนง,2,ห้องชุด/คอนโด,,,45.66,"2330 - 2337,2593 - 2595,2597,44692",7/11/2026 3:22
not_found,LandsMaps ไม่พบโฉนด,9601,10_09_2597,10,9,2597,กรุงเทพมหานคร,พระโขนง,2,ห้องชุด/คอนโด,,,45.66,"2330 - 2337,2593 - 2595,2597,44692",7/11/2026 3:22
not_found,LandsMaps ไม่พบโฉนด,9601,10_09_44692,10,9,44692,กรุงเทพมหานคร,พระโขนง,2,ห้องชุด/คอนโด,,,45.66,"2330 - 2337,2593 - 2595,2597,44692",7/11/2026 3:22
not_found,LandsMaps ไม่พบโฉนด,9602,10_09_159049,10,9,159049,กรุงเทพมหานคร,พระโขนง,1,ที่ดินเปล่า,,1,40,159049,7/11/2026 3:22
not_found,LandsMaps ไม่พบโฉนด,9603,10_04_52947,10,4,52947,กรุงเทพมหานคร,บางรัก,2,ห้องชุด/คอนโด,,,46.86,52947,7/11/2026 3:22
not_found,LandsMaps ไม่พบโฉนด,9604,10_09_6612,10,9,6612,กรุงเทพมหานคร,พระโขนง (บางกะปิ),1,ที่ดินเปล่า,,,69.6,6612,7/11/2026 3:22
not_found,LandsMaps ไม่พบโฉนด,9605,10_12_52242,10,12,52242,กรุงเทพมหานคร,ยานนาวา,2,ห้องชุด/คอนโด,,,249.81,52242,7/11/2026 3:22
not_found,LandsMaps ไม่พบโฉนด,9608,10_39_18527,10,39,18527,กรุงเทพมหานคร,วัฒนา,2,ห้องชุด/คอนโด,,,106.69,"1,852,718,528",7/11/2026 3:22
not_found,LandsMaps ไม่พบโฉนด,9608,10_39_18528,10,39,18528,กรุงเทพมหานคร,วัฒนา,2,ห้องชุด/คอนโด,,,106.69,"1,852,718,528",7/11/2026 3:22
not_found,LandsMaps ไม่พบโฉนด,9808,10_19_45690,10,19,45690,กรุงเทพมหานคร,ตลิ่งชัน,3,ที่ดิน+สิ่งปลูกสร้าง,,,44.9,45690,7/11/2026 3:22
not_found,LandsMaps ไม่พบโฉนด,9809,10_33_2169,10,33,2169,กรุงเทพมหานคร,คลองเตย,2,ห้องชุด/คอนโด,,,43.1,"2169, 52760, 52761, 52768",7/11/2026 3:22
not_found,LandsMaps ไม่พบโฉนด,9809,10_33_52760,10,33,52760,กรุงเทพมหานคร,คลองเตย,2,ห้องชุด/คอนโด,,,43.1,"2169, 52760, 52761, 52768",7/11/2026 3:22
not_found,LandsMaps ไม่พบโฉนด,9809,10_33_52761,10,33,52761,กรุงเทพมหานคร,คลองเตย,2,ห้องชุด/คอนโด,,,43.1,"2169, 52760, 52761, 52768",7/11/2026 3:22
not_found,LandsMaps ไม่พบโฉนด,9809,10_33_52768,10,33,52768,กรุงเทพมหานคร,คลองเตย,2,ห้องชุด/คอนโด,,,43.1,"2169, 52760, 52761, 52768",7/11/2026 3:22
not_found,LandsMaps ไม่พบโฉนด,9810,10_33_2166,10,33,2166,กรุงเทพมหานคร,คลองเตย,2,ห้องชุด/คอนโด,,,46.62,2166,7/11/2026 3:22
not_found,LandsMaps ไม่พบโฉนด,9811,10_33_2725,10,33,2725,กรุงเทพมหานคร,คลองเตย,2,ห้องชุด/คอนโด,,,29.57,"27,252,726",7/11/2026 3:22
not_found,LandsMaps ไม่พบโฉนด,9811,10_33_2726,10,33,2726,กรุงเทพมหานคร,คลองเตย,2,ห้องชุด/คอนโด,,,29.57,"27,252,726",7/11/2026 3:22
not_found,LandsMaps ไม่พบโฉนด,9812,10_12_53184,10,12,53184,กรุงเทพมหานคร,ยานนาวา,2,ห้องชุด/คอนโด,,,34.12,53184,7/11/2026 3:22
not_found,LandsMaps ไม่พบโฉนด,9813,10_39_2872,10,39,2872,กรุงเทพมหานคร,วัฒนา,2,ห้องชุด/คอนโด,,,52.68,2872,7/11/2026 3:22
not_found,LandsMaps ไม่พบโฉนด,9814,10_12_26306,10,12,26306,กรุงเทพมหานคร,ยานนาวา,2,ห้องชุด/คอนโด,,,51.54,26306,7/11/2026 3:22
not_found,LandsMaps ไม่พบโฉนด,9815,10_33_2725,10,33,2725,กรุงเทพมหานคร,คลองเตย,2,ห้องชุด/คอนโด,,,26.97,"2725, 2726",7/11/2026 3:22
not_found,LandsMaps ไม่พบโฉนด,9815,10_33_2726,10,33,2726,กรุงเทพมหานคร,คลองเตย,2,ห้องชุด/คอนโด,,,26.97,"2725, 2726",7/11/2026 3:22
not_found,LandsMaps ไม่พบโฉนด,9816,10_33_2725,10,33,2725,กรุงเทพมหานคร,คลองเตย,2,ห้องชุด/คอนโด,,,29.57,"2725, 2726",7/11/2026 3:22
not_found,LandsMaps ไม่พบโฉนด,9816,10_33_2726,10,33,2726,กรุงเทพมหานคร,คลองเตย,2,ห้องชุด/คอนโด,,,29.57,"2725, 2726",7/11/2026 3:22
not_found,LandsMaps ไม่พบโฉนด,9817,10_33_2725,10,33,2725,กรุงเทพมหานคร,คลองเตย,2,ห้องชุด/คอนโด,,,29.7,"2725, 2726",7/11/2026 3:22
not_found,LandsMaps ไม่พบโฉนด,9817,10_33_2726,10,33,2726,กรุงเทพมหานคร,คลองเตย,2,ห้องชุด/คอนโด,,,29.7,"2725, 2726",7/11/2026 3:22
not_found,LandsMaps ไม่พบโฉนด,9818,10_12_59831,10,12,59831,กรุงเทพมหานคร,ยานนาวา,1,ที่ดินเปล่า,,1,1,59831 (เดิม 3001),7/11/2026 3:22
not_found,LandsMaps ไม่พบโฉนด,9819,10_31_2442,10,31,2442,กรุงเทพมหานคร,บางคอแหลม,2,ห้องชุด/คอนโด,,,236.78,"2442,2443,2444,2459,2460ฯ",7/11/2026 3:22
not_found,LandsMaps ไม่พบโฉนด,9819,10_31_2443,10,31,2443,กรุงเทพมหานคร,บางคอแหลม,2,ห้องชุด/คอนโด,,,236.78,"2442,2443,2444,2459,2460ฯ",7/11/2026 3:22
not_found,LandsMaps ไม่พบโฉนด,9819,10_31_2444,10,31,2444,กรุงเทพมหานคร,บางคอแหลม,2,ห้องชุด/คอนโด,,,236.78,"2442,2443,2444,2459,2460ฯ",7/11/2026 3:22
not_found,LandsMaps ไม่พบโฉนด,9819,10_31_2459,10,31,2459,กรุงเทพมหานคร,บางคอแหลม,2,ห้องชุด/คอนโด,,,236.78,"2442,2443,2444,2459,2460ฯ",7/11/2026 3:22
not_found,LandsMaps ไม่พบโฉนด,9819,10_31_2460,10,31,2460,กรุงเทพมหานคร,บางคอแหลม,2,ห้องชุด/คอนโด,,,236.78,"2442,2443,2444,2459,2460ฯ",7/11/2026 3:22
not_found,LandsMaps ไม่พบโฉนด,9820,10_12_161340,10,12,161340,กรุงเทพมหานคร,ยานนาวา,3,ที่ดิน+สิ่งปลูกสร้าง,,,16,161340,7/11/2026 3:22
not_found,LandsMaps ไม่พบโฉนด,9821,10_12_161341,10,12,161341,กรุงเทพมหานคร,ยานนาวา,3,ที่ดิน+สิ่งปลูกสร้าง,,,17,161341,7/11/2026 3:22
not_found,LandsMaps ไม่พบโฉนด,9822,10_12_161342,10,12,161342,กรุงเทพมหานคร,ยานนาวา,3,ที่ดิน+สิ่งปลูกสร้าง,,,16,161342,7/11/2026 3:22
not_found,LandsMaps ไม่พบโฉนด,9823,10_12_161343,10,12,161343,กรุงเทพมหานคร,ยานนาวา,3,ที่ดิน+สิ่งปลูกสร้าง,,,19,161343,7/11/2026 3:22
not_found,LandsMaps ไม่พบโฉนด,9824,10_31_4271,10,31,4271,กรุงเทพมหานคร,บางคอแหลม,3,ที่ดิน+สิ่งปลูกสร้าง,,,32,4271,7/11/2026 3:22
not_found,LandsMaps ไม่พบโฉนด,9825,10_31_4272,10,31,4272,กรุงเทพมหานคร,บางคอแหลม,3,ที่ดิน+สิ่งปลูกสร้าง,,,23.5,4272,7/11/2026 3:22
not_found,LandsMaps ไม่พบโฉนด,9826,10_31_4273,10,31,4273,กรุงเทพมหานคร,บางคอแหลม,3,ที่ดิน+สิ่งปลูกสร้าง,,,23.5,4273,7/11/2026 3:22
not_found,LandsMaps ไม่พบโฉนด,9827,10_31_4274,10,31,4274,กรุงเทพมหานคร,บางคอแหลม,3,ที่ดิน+สิ่งปลูกสร้าง,,,27.5,4274,7/11/2026 3:22
not_found,LandsMaps ไม่พบโฉนด,9828,10_31_4276,10,31,4276,กรุงเทพมหานคร,บางคอแหลม,3,ที่ดิน+สิ่งปลูกสร้าง,,,49.6,4276,7/11/2026 3:22
not_found,LandsMaps ไม่พบโฉนด,9829,10_31_4277,10,31,4277,กรุงเทพมหานคร,บางคอแหลม,3,ที่ดิน+สิ่งปลูกสร้าง,,,23.6,4277,7/11/2026 3:22
not_found,LandsMaps ไม่พบโฉนด,9830,10_31_4278,10,31,4278,กรุงเทพมหานคร,บางคอแหลม,3,ที่ดิน+สิ่งปลูกสร้าง,,,23.6,4278,7/11/2026 3:22
not_found,LandsMaps ไม่พบโฉนด,9831,10_31_4279,10,31,4279,กรุงเทพมหานคร,บางคอแหลม,3,ที่ดิน+สิ่งปลูกสร้าง,,,33.2,4279,7/11/2026 3:22
not_found,LandsMaps ไม่พบโฉนด,9832,10_31_4280,10,31,4280,กรุงเทพมหานคร,บางคอแหลม,3,ที่ดิน+สิ่งปลูกสร้าง,,,33.6,4280,7/11/2026 3:22
not_found,LandsMaps ไม่พบโฉนด,9833,10_31_4281,10,31,4281,กรุงเทพมหานคร,บางคอแหลม,3,ที่ดิน+สิ่งปลูกสร้าง,,,25,4281,7/11/2026 3:22
not_found,LandsMaps ไม่พบโฉนด,9834,10_31_4282,10,31,4282,กรุงเทพมหานคร,บางคอแหลม,3,ที่ดิน+สิ่งปลูกสร้าง,,,25.6,4282,7/11/2026 3:23
not_found,LandsMaps ไม่พบโฉนด,9835,10_31_4283,10,31,4283,กรุงเทพมหานคร,บางคอแหลม,3,ที่ดิน+สิ่งปลูกสร้าง,,,38.4,4283,7/11/2026 3:23
not_found,LandsMaps ไม่พบโฉนด,9836,10_12_48121,10,12,48121,กรุงเทพมหานคร,ยานนาวา ( บางรัก ),3,ที่ดิน+สิ่งปลูกสร้าง,,,17.5,48121,7/11/2026 3:23
not_found,LandsMaps ไม่พบโฉนด,9837,10_39_3427,10,39,3427,กรุงเทพมหานคร,วัฒนา,2,ห้องชุด/คอนโด,,,26.71,"342,734,283,429,343,000,000,000,000,000,000,000",7/11/2026 3:23
not_found,LandsMaps ไม่พบโฉนด,9837,10_39_3428,10,39,3428,กรุงเทพมหานคร,วัฒนา,2,ห้องชุด/คอนโด,,,26.71,"342,734,283,429,343,000,000,000,000,000,000,000",7/11/2026 3:23
not_found,LandsMaps ไม่พบโฉนด,9837,10_39_3429,10,39,3429,กรุงเทพมหานคร,วัฒนา,2,ห้องชุด/คอนโด,,,26.71,"342,734,283,429,343,000,000,000,000,000,000,000",7/11/2026 3:23
not_found,LandsMaps ไม่พบโฉนด,9837,10_39_3430,10,39,3430,กรุงเทพมหานคร,วัฒนา,2,ห้องชุด/คอนโด,,,26.71,"342,734,283,429,343,000,000,000,000,000,000,000",7/11/2026 3:23
not_found,LandsMaps ไม่พบโฉนด,9837,10_39_3431,10,39,3431,กรุงเทพมหานคร,วัฒนา,2,ห้องชุด/คอนโด,,,26.71,"342,734,283,429,343,000,000,000,000,000,000,000",7/11/2026 3:23
not_found,LandsMaps ไม่พบโฉนด,9837,10_39_3432,10,39,3432,กรุงเทพมหานคร,วัฒนา,2,ห้องชุด/คอนโด,,,26.71,"342,734,283,429,343,000,000,000,000,000,000,000",7/11/2026 3:23
not_found,LandsMaps ไม่พบโฉนด,9837,10_39_3433,10,39,3433,กรุงเทพมหานคร,วัฒนา,2,ห้องชุด/คอนโด,,,26.71,"342,734,283,429,343,000,000,000,000,000,000,000",7/11/2026 3:23
not_found,LandsMaps ไม่พบโฉนด,9837,10_39_3434,10,39,3434,กรุงเทพมหานคร,วัฒนา,2,ห้องชุด/คอนโด,,,26.71,"342,734,283,429,343,000,000,000,000,000,000,000",7/11/2026 3:23
not_found,LandsMaps ไม่พบโฉนด,9837,10_39_3435,10,39,3435,กรุงเทพมหานคร,วัฒนา,2,ห้องชุด/คอนโด,,,26.71,"342,734,283,429,343,000,000,000,000,000,000,000",7/11/2026 3:23
not_found,LandsMaps ไม่พบโฉนด,9838,10_33_2585,10,33,2585,กรุงเทพมหานคร,คลองเตย,2,ห้องชุด/คอนโด,,,32.84,2585,7/11/2026 3:23
not_found,LandsMaps ไม่พบโฉนด,9839,10_28_4496,10,28,4496,กรุงเทพมหานคร,สาทร,2,ห้องชุด/คอนโด,,,39.46,4496,7/11/2026 3:23
not_found,LandsMaps ไม่พบโฉนด,9840,10_39_370,10,39,370,กรุงเทพมหานคร,วัฒนา,2,ห้องชุด/คอนโด,,,34.27,"370, 2432, 2433, 2434, 4524",7/11/2026 3:23
not_found,LandsMaps ไม่พบโฉนด,9840,10_39_2432,10,39,2432,กรุงเทพมหานคร,วัฒนา,2,ห้องชุด/คอนโด,,,34.27,"370, 2432, 2433, 2434, 4524",7/11/2026 3:23
not_found,LandsMaps ไม่พบโฉนด,9840,10_39_2433,10,39,2433,กรุงเทพมหานคร,วัฒนา,2,ห้องชุด/คอนโด,,,34.27,"370, 2432, 2433, 2434, 4524",7/11/2026 3:23
not_found,LandsMaps ไม่พบโฉนด,9840,10_39_2434,10,39,2434,กรุงเทพมหานคร,วัฒนา,2,ห้องชุด/คอนโด,,,34.27,"370, 2432, 2433, 2434, 4524",7/11/2026 3:23
not_found,LandsMaps ไม่พบโฉนด,9840,10_39_4524,10,39,4524,กรุงเทพมหานคร,วัฒนา,2,ห้องชุด/คอนโด,,,34.27,"370, 2432, 2433, 2434, 4524",7/11/2026 3:23
not_found,LandsMaps ไม่พบโฉนด,9841,10_39_370,10,39,370,กรุงเทพมหานคร,วัฒนา,2,ห้องชุด/คอนโด,,,27.95,"370, 2432, 2433, 2434, 4524",7/11/2026 3:23
not_found,LandsMaps ไม่พบโฉนด,9841,10_39_2432,10,39,2432,กรุงเทพมหานคร,วัฒนา,2,ห้องชุด/คอนโด,,,27.95,"370, 2432, 2433, 2434, 4524",7/11/2026 3:23
not_found,LandsMaps ไม่พบโฉนด,9841,10_39_2433,10,39,2433,กรุงเทพมหานคร,วัฒนา,2,ห้องชุด/คอนโด,,,27.95,"370, 2432, 2433, 2434, 4524",7/11/2026 3:23
not_found,LandsMaps ไม่พบโฉนด,9841,10_39_2434,10,39,2434,กรุงเทพมหานคร,วัฒนา,2,ห้องชุด/คอนโด,,,27.95,"370, 2432, 2433, 2434, 4524",7/11/2026 3:23
not_found,LandsMaps ไม่พบโฉนด,9841,10_39_4524,10,39,4524,กรุงเทพมหานคร,วัฒนา,2,ห้องชุด/คอนโด,,,27.95,"370, 2432, 2433, 2434, 4524",7/11/2026 3:23
not_found,LandsMaps ไม่พบโฉนด,9842,10_33_2725,10,33,2725,กรุงเทพมหานคร,คลองเตย,2,ห้องชุด/คอนโด,,,29.69,"27,252,726",7/11/2026 3:23
not_found,LandsMaps ไม่พบโฉนด,9842,10_33_2726,10,33,2726,กรุงเทพมหานคร,คลองเตย,2,ห้องชุด/คอนโด,,,29.69,"27,252,726",7/11/2026 3:23
not_found,LandsMaps ไม่พบโฉนด,9843,10_17_29677,10,17,29677,กรุงเทพมหานคร,ห้วยขวาง,2,ห้องชุด/คอนโด,,,54,29677,7/11/2026 3:23
not_found,LandsMaps ไม่พบโฉนด,9844,10_17_56231,10,17,56231,กรุงเทพมหานคร,ห้วยขวาง,2,ห้องชุด/คอนโด,,,200,56231,7/11/2026 3:23
not_found,LandsMaps ไม่พบโฉนด,9845,10_36_1351,10,36,1351,กรุงเทพมหานคร,ดอนเมือง,3,ที่ดิน+สิ่งปลูกสร้าง,,,50.3,1351,7/11/2026 3:23
not_found,LandsMaps ไม่พบโฉนด,9846,10_06_118451,10,6,118451,กรุงเทพมหานคร,บางกะปิ,1,ที่ดินเปล่า,,,21,118451,7/11/2026 3:23
not_found,LandsMaps ไม่พบโฉนด,9847,10_06_160126,10,6,160126,กรุงเทพมหานคร,บางกะปิ,1,ที่ดินเปล่า,,2,1,160126,7/11/2026 3:23
not_found,LandsMaps ไม่พบโฉนด,9848,10_33_2979,10,33,2979,กรุงเทพมหานคร,คลองเตย,2,ห้องชุด/คอนโด,,,35,2979,7/11/2026 3:23
not_found,LandsMaps ไม่พบโฉนด,9849,10_23_5450,10,23,5450,กรุงเทพมหานคร,หนองแขม,1,ที่ดินเปล่า,,1,6,5450,7/11/2026 3:23
not_found,LandsMaps ไม่พบโฉนด,9850,10_23_5168,10,23,5168,กรุงเทพมหานคร,หนองแขม,1,ที่ดินเปล่า,,1,30,5168,7/11/2026 3:23
not_found,LandsMaps ไม่พบโฉนด,9851,10_09_6694,10,9,6694,กรุงเทพมหานคร,พระโขนง,2,ห้องชุด/คอนโด,,,31.59,"6694,231927-231932",7/11/2026 3:23
not_found,LandsMaps ไม่พบโฉนด,9851,10_09_231927,10,9,231927,กรุงเทพมหานคร,พระโขนง,2,ห้องชุด/คอนโด,,,31.59,"6694,231927-231932",7/11/2026 3:23
not_found,LandsMaps ไม่พบโฉนด,9851,10_09_231928,10,9,231928,กรุงเทพมหานคร,พระโขนง,2,ห้องชุด/คอนโด,,,31.59,"6694,231927-231932",7/11/2026 3:23
not_found,LandsMaps ไม่พบโฉนด,9851,10_09_231929,10,9,231929,กรุงเทพมหานคร,พระโขนง,2,ห้องชุด/คอนโด,,,31.59,"6694,231927-231932",7/11/2026 3:23
not_found,LandsMaps ไม่พบโฉนด,9851,10_09_231930,10,9,231930,กรุงเทพมหานคร,พระโขนง,2,ห้องชุด/คอนโด,,,31.59,"6694,231927-231932",7/11/2026 3:23
not_found,LandsMaps ไม่พบโฉนด,9851,10_09_231931,10,9,231931,กรุงเทพมหานคร,พระโขนง,2,ห้องชุด/คอนโด,,,31.59,"6694,231927-231932",7/11/2026 3:23
not_found,LandsMaps ไม่พบโฉนด,9851,10_09_231932,10,9,231932,กรุงเทพมหานคร,พระโขนง,2,ห้องชุด/คอนโด,,,31.59,"6694,231927-231932",7/11/2026 3:23
not_found,LandsMaps ไม่พบโฉนด,9852,10_09_6993,10,9,6993,กรุงเทพมหานคร,พระโขนง,2,ห้องชุด/คอนโด,,,81.27,"699,311,779",7/11/2026 3:23
not_found,LandsMaps ไม่พบโฉนด,9852,10_09_11779,10,9,11779,กรุงเทพมหานคร,พระโขนง,2,ห้องชุด/คอนโด,,,81.27,"699,311,779",7/11/2026 3:23
not_found,LandsMaps ไม่พบโฉนด,9853,10_31_1591,10,31,1591,กรุงเทพมหานคร,บางคอแหลม,2,ห้องชุด/คอนโด,,,33.9,"15,912,715",7/11/2026 3:23
not_found,LandsMaps ไม่พบโฉนด,9853,10_31_2715,10,31,2715,กรุงเทพมหานคร,บางคอแหลม,2,ห้องชุด/คอนโด,,,33.9,"15,912,715",7/11/2026 3:23
not_found,LandsMaps ไม่พบโฉนด,9854,10_33_2585,10,33,2585,กรุงเทพมหานคร,คลองเตย,2,ห้องชุด/คอนโด,,,28.18,2585,7/11/2026 3:23
not_found,LandsMaps ไม่พบโฉนด,9855,10_12_18965,10,12,18965,กรุงเทพมหานคร,ยานนาวา,3,ที่ดิน+สิ่งปลูกสร้าง,,,13,18965,7/11/2026 3:23
not_found,LandsMaps ไม่พบโฉนด,9856,10_12_18966,10,12,18966,กรุงเทพมหานคร,ยานนาวา,3,ที่ดิน+สิ่งปลูกสร้าง,,,13,18966,7/11/2026 3:23
not_found,LandsMaps ไม่พบโฉนด,9857,10_12_20520,10,12,20520,กรุงเทพมหานคร,ยานนาวา,1,ที่ดินเปล่า,,,10.9,20520,7/11/2026 3:23
not_found,LandsMaps ไม่พบโฉนด,9858,10_12_20519,10,12,20519,กรุงเทพมหานคร,ยานนาวา(เมือง),3,ที่ดิน+สิ่งปลูกสร้าง,,,14.7,20519,7/11/2026 3:23
not_found,LandsMaps ไม่พบโฉนด,9859,10_33_5988,10,33,5988,กรุงเทพมหานคร,คลองเตย,2,ห้องชุด/คอนโด,,,28.06,"5988,5991,184781,184785,189317-27,189337-42 ฯลฯ",7/11/2026 3:23
not_found,LandsMaps ไม่พบโฉนด,9859,10_33_5991,10,33,5991,กรุงเทพมหานคร,คลองเตย,2,ห้องชุด/คอนโด,,,28.06,"5988,5991,184781,184785,189317-27,189337-42 ฯลฯ",7/11/2026 3:23
not_found,LandsMaps ไม่พบโฉนด,9859,10_33_184781,10,33,184781,กรุงเทพมหานคร,คลองเตย,2,ห้องชุด/คอนโด,,,28.06,"5988,5991,184781,184785,189317-27,189337-42 ฯลฯ",7/11/2026 3:23
not_found,LandsMaps ไม่พบโฉนด,9859,10_33_184785,10,33,184785,กรุงเทพมหานคร,คลองเตย,2,ห้องชุด/คอนโด,,,28.06,"5988,5991,184781,184785,189317-27,189337-42 ฯลฯ",7/11/2026 3:23
not_found,LandsMaps ไม่พบโฉนด,9859,10_33_189317,10,33,189317,กรุงเทพมหานคร,คลองเตย,2,ห้องชุด/คอนโด,,,28.06,"5988,5991,184781,184785,189317-27,189337-42 ฯลฯ",7/11/2026 3:23
not_found,LandsMaps ไม่พบโฉนด,9859,10_33_189318,10,33,189318,กรุงเทพมหานคร,คลองเตย,2,ห้องชุด/คอนโด,,,28.06,"5988,5991,184781,184785,189317-27,189337-42 ฯลฯ",7/11/2026 3:23
not_found,LandsMaps ไม่พบโฉนด,9859,10_33_189319,10,33,189319,กรุงเทพมหานคร,คลองเตย,2,ห้องชุด/คอนโด,,,28.06,"5988,5991,184781,184785,189317-27,189337-42 ฯลฯ",7/11/2026 3:23
not_found,LandsMaps ไม่พบโฉนด,9859,10_33_189320,10,33,189320,กรุงเทพมหานคร,คลองเตย,2,ห้องชุด/คอนโด,,,28.06,"5988,5991,184781,184785,189317-27,189337-42 ฯลฯ",7/11/2026 3:23
not_found,LandsMaps ไม่พบโฉนด,9859,10_33_189321,10,33,189321,กรุงเทพมหานคร,คลองเตย,2,ห้องชุด/คอนโด,,,28.06,"5988,5991,184781,184785,189317-27,189337-42 ฯลฯ",7/11/2026 3:23
not_found,LandsMaps ไม่พบโฉนด,9859,10_33_189322,10,33,189322,กรุงเทพมหานคร,คลองเตย,2,ห้องชุด/คอนโด,,,28.06,"5988,5991,184781,184785,189317-27,189337-42 ฯลฯ",7/11/2026 3:23
not_found,LandsMaps ไม่พบโฉนด,9859,10_33_189323,10,33,189323,กรุงเทพมหานคร,คลองเตย,2,ห้องชุด/คอนโด,,,28.06,"5988,5991,184781,184785,189317-27,189337-42 ฯลฯ",7/11/2026 3:23
not_found,LandsMaps ไม่พบโฉนด,9859,10_33_189324,10,33,189324,กรุงเทพมหานคร,คลองเตย,2,ห้องชุด/คอนโด,,,28.06,"5988,5991,184781,184785,189317-27,189337-42 ฯลฯ",7/11/2026 3:23
not_found,LandsMaps ไม่พบโฉนด,9859,10_33_189325,10,33,189325,กรุงเทพมหานคร,คลองเตย,2,ห้องชุด/คอนโด,,,28.06,"5988,5991,184781,184785,189317-27,189337-42 ฯลฯ",7/11/2026 3:23
not_found,LandsMaps ไม่พบโฉนด,9859,10_33_189326,10,33,189326,กรุงเทพมหานคร,คลองเตย,2,ห้องชุด/คอนโด,,,28.06,"5988,5991,184781,184785,189317-27,189337-42 ฯลฯ",7/11/2026 3:23
not_found,LandsMaps ไม่พบโฉนด,9859,10_33_189327,10,33,189327,กรุงเทพมหานคร,คลองเตย,2,ห้องชุด/คอนโด,,,28.06,"5988,5991,184781,184785,189317-27,189337-42 ฯลฯ",7/11/2026 3:23
not_found,LandsMaps ไม่พบโฉนด,9859,10_33_189337,10,33,189337,กรุงเทพมหานคร,คลองเตย,2,ห้องชุด/คอนโด,,,28.06,"5988,5991,184781,184785,189317-27,189337-42 ฯลฯ",7/11/2026 3:23
not_found,LandsMaps ไม่พบโฉนด,9859,10_33_189338,10,33,189338,กรุงเทพมหานคร,คลองเตย,2,ห้องชุด/คอนโด,,,28.06,"5988,5991,184781,184785,189317-27,189337-42 ฯลฯ",7/11/2026 3:23
not_found,LandsMaps ไม่พบโฉนด,9859,10_33_189339,10,33,189339,กรุงเทพมหานคร,คลองเตย,2,ห้องชุด/คอนโด,,,28.06,"5988,5991,184781,184785,189317-27,189337-42 ฯลฯ",7/11/2026 3:23
not_found,LandsMaps ไม่พบโฉนด,9859,10_33_189340,10,33,189340,กรุงเทพมหานคร,คลองเตย,2,ห้องชุด/คอนโด,,,28.06,"5988,5991,184781,184785,189317-27,189337-42 ฯลฯ",7/11/2026 3:23
not_found,LandsMaps ไม่พบโฉนด,9859,10_33_189341,10,33,189341,กรุงเทพมหานคร,คลองเตย,2,ห้องชุด/คอนโด,,,28.06,"5988,5991,184781,184785,189317-27,189337-42 ฯลฯ",7/11/2026 3:23
not_found,LandsMaps ไม่พบโฉนด,9859,10_33_189342,10,33,189342,กรุงเทพมหานคร,คลองเตย,2,ห้องชุด/คอนโด,,,28.06,"5988,5991,184781,184785,189317-27,189337-42 ฯลฯ",7/11/2026 3:23
not_found,LandsMaps ไม่พบโฉนด,9860,10_12_58626,10,12,58626,กรุงเทพมหานคร,ยานนาวา,2,ห้องชุด/คอนโด,,,22.22,"58,626,586,275,862,800,000",7/11/2026 3:23
not_found,LandsMaps ไม่พบโฉนด,9860,10_12_58627,10,12,58627,กรุงเทพมหานคร,ยานนาวา,2,ห้องชุด/คอนโด,,,22.22,"58,626,586,275,862,800,000",7/11/2026 3:23
not_found,LandsMaps ไม่พบโฉนด,9860,10_12_58628,10,12,58628,กรุงเทพมหานคร,ยานนาวา,2,ห้องชุด/คอนโด,,,22.22,"58,626,586,275,862,800,000",7/11/2026 3:23
not_found,LandsMaps ไม่พบโฉนด,9860,10_12_58629,10,12,58629,กรุงเทพมหานคร,ยานนาวา,2,ห้องชุด/คอนโด,,,22.22,"58,626,586,275,862,800,000",7/11/2026 3:23
not_found,LandsMaps ไม่พบโฉนด,9861,10_28_2143,10,28,2143,กรุงเทพมหานคร,สาทร,2,ห้องชุด/คอนโด,,,28.83,"214,321,442,145,214,000,000,000",7/11/2026 3:23
not_found,LandsMaps ไม่พบโฉนด,9861,10_28_2144,10,28,2144,กรุงเทพมหานคร,สาทร,2,ห้องชุด/คอนโด,,,28.83,"214,321,442,145,214,000,000,000",7/11/2026 3:23
not_found,LandsMaps ไม่พบโฉนด,9861,10_28_2145,10,28,2145,กรุงเทพมหานคร,สาทร,2,ห้องชุด/คอนโด,,,28.83,"214,321,442,145,214,000,000,000",7/11/2026 3:23
not_found,LandsMaps ไม่พบโฉนด,9861,10_28_2146,10,28,2146,กรุงเทพมหานคร,สาทร,2,ห้องชุด/คอนโด,,,28.83,"214,321,442,145,214,000,000,000",7/11/2026 3:23
not_found,LandsMaps ไม่พบโฉนด,9861,10_28_2148,10,28,2148,กรุงเทพมหานคร,สาทร,2,ห้องชุด/คอนโด,,,28.83,"214,321,442,145,214,000,000,000",7/11/2026 3:23
not_found,LandsMaps ไม่พบโฉนด,9861,10_28_2507,10,28,2507,กรุงเทพมหานคร,สาทร,2,ห้องชุด/คอนโด,,,28.83,"214,321,442,145,214,000,000,000",7/11/2026 3:23
not_found,LandsMaps ไม่พบโฉนด,9862,10_39_1729,10,39,1729,กรุงเทพมหานคร,วัฒนา,2,ห้องชุด/คอนโด,,,26.02,"172,917,180",7/11/2026 3:23
not_found,LandsMaps ไม่พบโฉนด,9862,10_39_17180,10,39,17180,กรุงเทพมหานคร,วัฒนา,2,ห้องชุด/คอนโด,,,26.02,"172,917,180",7/11/2026 3:23
not_found,LandsMaps ไม่พบโฉนด,9863,10_31_1127,10,31,1127,กรุงเทพมหานคร,บางคอแหลม,2,ห้องชุด/คอนโด,,,54.94,"11,271,128,113,011,300,000,000,000,000,000",7/11/2026 3:23
not_found,LandsMaps ไม่พบโฉนด,9863,10_31_1128,10,31,1128,กรุงเทพมหานคร,บางคอแหลม,2,ห้องชุด/คอนโด,,,54.94,"11,271,128,113,011,300,000,000,000,000,000",7/11/2026 3:23
not_found,LandsMaps ไม่พบโฉนด,9863,10_31_1130,10,31,1130,กรุงเทพมหานคร,บางคอแหลม,2,ห้องชุด/คอนโด,,,54.94,"11,271,128,113,011,300,000,000,000,000,000",7/11/2026 3:23
not_found,LandsMaps ไม่พบโฉนด,9863,10_31_1131,10,31,1131,กรุงเทพมหานคร,บางคอแหลม,2,ห้องชุด/คอนโด,,,54.94,"11,271,128,113,011,300,000,000,000,000,000",7/11/2026 3:23
not_found,LandsMaps ไม่พบโฉนด,9863,10_31_1706,10,31,1706,กรุงเทพมหานคร,บางคอแหลม,2,ห้องชุด/คอนโด,,,54.94,"11,271,128,113,011,300,000,000,000,000,000",7/11/2026 3:23
not_found,LandsMaps ไม่พบโฉนด,9863,10_31_3885,10,31,3885,กรุงเทพมหานคร,บางคอแหลม,2,ห้องชุด/คอนโด,,,54.94,"11,271,128,113,011,300,000,000,000,000,000",7/11/2026 3:23
not_found,LandsMaps ไม่พบโฉนด,9863,10_31_3978,10,31,3978,กรุงเทพมหานคร,บางคอแหลม,2,ห้องชุด/คอนโด,,,54.94,"11,271,128,113,011,300,000,000,000,000,000",7/11/2026 3:24
not_found,LandsMaps ไม่พบโฉนด,9863,10_31_3979,10,31,3979,กรุงเทพมหานคร,บางคอแหลม,2,ห้องชุด/คอนโด,,,54.94,"11,271,128,113,011,300,000,000,000,000,000",7/11/2026 3:24
not_found,LandsMaps ไม่พบโฉนด,9864,10_33_2585,10,33,2585,กรุงเทพมหานคร,คลองเตย,2,ห้องชุด/คอนโด,,,20.77,2585,7/11/2026 3:24
not_found,LandsMaps ไม่พบโฉนด,9865,10_31_3575,10,31,3575,กรุงเทพมหานคร,บางคอแหลม,2,ห้องชุด/คอนโด,,,29.04,"357,537,823,783",7/11/2026 3:24
not_found,LandsMaps ไม่พบโฉนด,9865,10_31_3782,10,31,3782,กรุงเทพมหานคร,บางคอแหลม,2,ห้องชุด/คอนโด,,,29.04,"357,537,823,783",7/11/2026 3:24
not_found,LandsMaps ไม่พบโฉนด,9865,10_31_3783,10,31,3783,กรุงเทพมหานคร,บางคอแหลม,2,ห้องชุด/คอนโด,,,29.04,"357,537,823,783",7/11/2026 3:24
not_found,LandsMaps ไม่พบโฉนด,9866,10_12_331,10,12,331,กรุงเทพมหานคร,ยานนาวา,2,ห้องชุด/คอนโด,,,35.82,"3,315,973",7/11/2026 3:24
not_found,LandsMaps ไม่พบโฉนด,9866,10_12_5973,10,12,5973,กรุงเทพมหานคร,ยานนาวา,2,ห้องชุด/คอนโด,,,35.82,"3,315,973",7/11/2026 3:24
not_found,LandsMaps ไม่พบโฉนด,9867,10_33_1485,10,33,1485,กรุงเทพมหานคร,คลองเตย,2,ห้องชุด/คอนโด,,,35.14,1485,7/11/2026 3:24
not_found,LandsMaps ไม่พบโฉนด,9868,10_39_2084,10,39,2084,กรุงเทพมหานคร,วัฒนา,2,ห้องชุด/คอนโด,,,34.26,2084,7/11/2026 3:24
not_found,LandsMaps ไม่พบโฉนด,9869,10_39_370,10,39,370,กรุงเทพมหานคร,วัฒนา,2,ห้องชุด/คอนโด,,,27.95,"3,702,432,243,324,340,000",7/11/2026 3:24
not_found,LandsMaps ไม่พบโฉนด,9869,10_39_2432,10,39,2432,กรุงเทพมหานคร,วัฒนา,2,ห้องชุด/คอนโด,,,27.95,"3,702,432,243,324,340,000",7/11/2026 3:24
not_found,LandsMaps ไม่พบโฉนด,9869,10_39_2433,10,39,2433,กรุงเทพมหานคร,วัฒนา,2,ห้องชุด/คอนโด,,,27.95,"3,702,432,243,324,340,000",7/11/2026 3:24
not_found,LandsMaps ไม่พบโฉนด,9869,10_39_2434,10,39,2434,กรุงเทพมหานคร,วัฒนา,2,ห้องชุด/คอนโด,,,27.95,"3,702,432,243,324,340,000",7/11/2026 3:24
not_found,LandsMaps ไม่พบโฉนด,9869,10_39_4524,10,39,4524,กรุงเทพมหานคร,วัฒนา,2,ห้องชุด/คอนโด,,,27.95,"3,702,432,243,324,340,000",7/11/2026 3:24
not_found,LandsMaps ไม่พบโฉนด,9870,10_12_449,10,12,449,กรุงเทพมหานคร,ยานนาวา,2,ห้องชุด/คอนโด,,,63.19,"449,450,449,165,798,000",7/11/2026 3:24
not_found,LandsMaps ไม่พบโฉนด,9870,10_12_450,10,12,450,กรุงเทพมหานคร,ยานนาวา,2,ห้องชุด/คอนโด,,,63.19,"449,450,449,165,798,000",7/11/2026 3:24
not_found,LandsMaps ไม่พบโฉนด,9870,10_12_4491,10,12,4491,กรุงเทพมหานคร,ยานนาวา,2,ห้องชุด/คอนโด,,,63.19,"449,450,449,165,798,000",7/11/2026 3:24
not_found,LandsMaps ไม่พบโฉนด,9870,10_12_6579,10,12,6579,กรุงเทพมหานคร,ยานนาวา,2,ห้องชุด/คอนโด,,,63.19,"449,450,449,165,798,000",7/11/2026 3:24
not_found,LandsMaps ไม่พบโฉนด,9870,10_12_8680,10,12,8680,กรุงเทพมหานคร,ยานนาวา,2,ห้องชุด/คอนโด,,,63.19,"449,450,449,165,798,000",7/11/2026 3:24
not_found,LandsMaps ไม่พบโฉนด,9871,10_31_1127,10,31,1127,กรุงเทพมหานคร,บางคอแหลม,2,ห้องชุด/คอนโด,,,37.82,"11,271,128,113,011,300,000,000,000,000,000",7/11/2026 3:24
not_found,LandsMaps ไม่พบโฉนด,9871,10_31_1128,10,31,1128,กรุงเทพมหานคร,บางคอแหลม,2,ห้องชุด/คอนโด,,,37.82,"11,271,128,113,011,300,000,000,000,000,000",7/11/2026 3:24
not_found,LandsMaps ไม่พบโฉนด,9871,10_31_1130,10,31,1130,กรุงเทพมหานคร,บางคอแหลม,2,ห้องชุด/คอนโด,,,37.82,"11,271,128,113,011,300,000,000,000,000,000",7/11/2026 3:24
not_found,LandsMaps ไม่พบโฉนด,9871,10_31_1131,10,31,1131,กรุงเทพมหานคร,บางคอแหลม,2,ห้องชุด/คอนโด,,,37.82,"11,271,128,113,011,300,000,000,000,000,000",7/11/2026 3:24
not_found,LandsMaps ไม่พบโฉนด,9871,10_31_1706,10,31,1706,กรุงเทพมหานคร,บางคอแหลม,2,ห้องชุด/คอนโด,,,37.82,"11,271,128,113,011,300,000,000,000,000,000",7/11/2026 3:24
not_found,LandsMaps ไม่พบโฉนด,9871,10_31_3885,10,31,3885,กรุงเทพมหานคร,บางคอแหลม,2,ห้องชุด/คอนโด,,,37.82,"11,271,128,113,011,300,000,000,000,000,000",7/11/2026 3:24
not_found,LandsMaps ไม่พบโฉนด,9871,10_31_3978,10,31,3978,กรุงเทพมหานคร,บางคอแหลม,2,ห้องชุด/คอนโด,,,37.82,"11,271,128,113,011,300,000,000,000,000,000",7/11/2026 3:24
not_found,LandsMaps ไม่พบโฉนด,9871,10_31_3979,10,31,3979,กรุงเทพมหานคร,บางคอแหลม,2,ห้องชุด/คอนโด,,,37.82,"11,271,128,113,011,300,000,000,000,000,000",7/11/2026 3:24
not_found,LandsMaps ไม่พบโฉนด,9872,10_39_1757,10,39,1757,กรุงเทพมหานคร,วัฒนา,2,ห้องชุด/คอนโด,,,44.44,"1757, 1758, 10130",7/11/2026 3:24
not_found,LandsMaps ไม่พบโฉนด,9872,10_39_1758,10,39,1758,กรุงเทพมหานคร,วัฒนา,2,ห้องชุด/คอนโด,,,44.44,"1757, 1758, 10130",7/11/2026 3:24
not_found,LandsMaps ไม่พบโฉนด,9872,10_39_10130,10,39,10130,กรุงเทพมหานคร,วัฒนา,2,ห้องชุด/คอนโด,,,44.44,"1757, 1758, 10130",7/11/2026 3:24
not_found,LandsMaps ไม่พบโฉนด,9873,10_09_51863,10,9,51863,กรุงเทพมหานคร,พระโขนง,3,ที่ดิน+สิ่งปลูกสร้าง,,,17,51863,7/11/2026 3:24
not_found,LandsMaps ไม่พบโฉนด,9874,10_09_51862,10,9,51862,กรุงเทพมหานคร,พระโขนง,3,ที่ดิน+สิ่งปลูกสร้าง,,,9,51862,7/11/2026 3:24
not_found,LandsMaps ไม่พบโฉนด,9875,10_31_1127,10,31,1127,กรุงเทพมหานคร,บางคอแหลม,2,ห้องชุด/คอนโด,,,37.63,"11,271,128,113,011,300,000,000,000,000,000",7/11/2026 3:24
not_found,LandsMaps ไม่พบโฉนด,9875,10_31_1128,10,31,1128,กรุงเทพมหานคร,บางคอแหลม,2,ห้องชุด/คอนโด,,,37.63,"11,271,128,113,011,300,000,000,000,000,000",7/11/2026 3:24
not_found,LandsMaps ไม่พบโฉนด,9875,10_31_1130,10,31,1130,กรุงเทพมหานคร,บางคอแหลม,2,ห้องชุด/คอนโด,,,37.63,"11,271,128,113,011,300,000,000,000,000,000",7/11/2026 3:24
not_found,LandsMaps ไม่พบโฉนด,9875,10_31_1131,10,31,1131,กรุงเทพมหานคร,บางคอแหลม,2,ห้องชุด/คอนโด,,,37.63,"11,271,128,113,011,300,000,000,000,000,000",7/11/2026 3:24
not_found,LandsMaps ไม่พบโฉนด,9875,10_31_1706,10,31,1706,กรุงเทพมหานคร,บางคอแหลม,2,ห้องชุด/คอนโด,,,37.63,"11,271,128,113,011,300,000,000,000,000,000",7/11/2026 3:24
not_found,LandsMaps ไม่พบโฉนด,9875,10_31_3885,10,31,3885,กรุงเทพมหานคร,บางคอแหลม,2,ห้องชุด/คอนโด,,,37.63,"11,271,128,113,011,300,000,000,000,000,000",7/11/2026 3:24
not_found,LandsMaps ไม่พบโฉนด,9875,10_31_3978,10,31,3978,กรุงเทพมหานคร,บางคอแหลม,2,ห้องชุด/คอนโด,,,37.63,"11,271,128,113,011,300,000,000,000,000,000",7/11/2026 3:24
not_found,LandsMaps ไม่พบโฉนด,9875,10_31_3979,10,31,3979,กรุงเทพมหานคร,บางคอแหลม,2,ห้องชุด/คอนโด,,,37.63,"11,271,128,113,011,300,000,000,000,000,000",7/11/2026 3:24
not_found,LandsMaps ไม่พบโฉนด,9876,10_33_306,10,33,306,กรุงเทพมหานคร,คลองเตย,2,ห้องชุด/คอนโด,,,33.42,"30,619,181,919,192,000,000,000,000,000,000,000,000,000",7/11/2026 3:24
not_found,LandsMaps ไม่พบโฉนด,9876,10_33_1918,10,33,1918,กรุงเทพมหานคร,คลองเตย,2,ห้องชุด/คอนโด,,,33.42,"30,619,181,919,192,000,000,000,000,000,000,000,000,000",7/11/2026 3:24
not_found,LandsMaps ไม่พบโฉนด,9876,10_33_1919,10,33,1919,กรุงเทพมหานคร,คลองเตย,2,ห้องชุด/คอนโด,,,33.42,"30,619,181,919,192,000,000,000,000,000,000,000,000,000",7/11/2026 3:24
not_found,LandsMaps ไม่พบโฉนด,9876,10_33_1920,10,33,1920,กรุงเทพมหานคร,คลองเตย,2,ห้องชุด/คอนโด,,,33.42,"30,619,181,919,192,000,000,000,000,000,000,000,000,000",7/11/2026 3:24
not_found,LandsMaps ไม่พบโฉนด,9876,10_33_1921,10,33,1921,กรุงเทพมหานคร,คลองเตย,2,ห้องชุด/คอนโด,,,33.42,"30,619,181,919,192,000,000,000,000,000,000,000,000,000",7/11/2026 3:24
not_found,LandsMaps ไม่พบโฉนด,9876,10_33_1922,10,33,1922,กรุงเทพมหานคร,คลองเตย,2,ห้องชุด/คอนโด,,,33.42,"30,619,181,919,192,000,000,000,000,000,000,000,000,000",7/11/2026 3:24
not_found,LandsMaps ไม่พบโฉนด,9876,10_33_1923,10,33,1923,กรุงเทพมหานคร,คลองเตย,2,ห้องชุด/คอนโด,,,33.42,"30,619,181,919,192,000,000,000,000,000,000,000,000,000",7/11/2026 3:24
not_found,LandsMaps ไม่พบโฉนด,9876,10_33_2662,10,33,2662,กรุงเทพมหานคร,คลองเตย,2,ห้องชุด/คอนโด,,,33.42,"30,619,181,919,192,000,000,000,000,000,000,000,000,000",7/11/2026 3:24
not_found,LandsMaps ไม่พบโฉนด,9876,10_33_10488,10,33,10488,กรุงเทพมหานคร,คลองเตย,2,ห้องชุด/คอนโด,,,33.42,"30,619,181,919,192,000,000,000,000,000,000,000,000,000",7/11/2026 3:24
not_found,LandsMaps ไม่พบโฉนด,9876,10_33_10489,10,33,10489,กรุงเทพมหานคร,คลองเตย,2,ห้องชุด/คอนโด,,,33.42,"30,619,181,919,192,000,000,000,000,000,000,000,000,000",7/11/2026 3:24
not_found,LandsMaps ไม่พบโฉนด,9877,10_33_1485,10,33,1485,กรุงเทพมหานคร,คลองเตย,2,ห้องชุด/คอนโด,,,33.82,1485,7/11/2026 3:24
not_found,LandsMaps ไม่พบโฉนด,9878,10_28_4531,10,28,4531,กรุงเทพมหานคร,สาทร,3,ที่ดิน+สิ่งปลูกสร้าง,,,21.4,4531,7/11/2026 3:24
not_found,LandsMaps ไม่พบโฉนด,9879,10_39_2669,10,39,2669,กรุงเทพมหานคร,วัฒนา,2,ห้องชุด/คอนโด,,,27.57,2669,7/11/2026 3:24
not_found,LandsMaps ไม่พบโฉนด,9880,10_33_2725,10,33,2725,กรุงเทพมหานคร,คลองเตย,2,ห้องชุด/คอนโด,,,29.69,"27,252,726",7/11/2026 3:24
not_found,LandsMaps ไม่พบโฉนด,9880,10_33_2726,10,33,2726,กรุงเทพมหานคร,คลองเตย,2,ห้องชุด/คอนโด,,,29.69,"27,252,726",7/11/2026 3:24
not_found,LandsMaps ไม่พบโฉนด,9881,10_09_7606,10,9,7606,กรุงเทพมหานคร,พระโขนง,3,ที่ดิน+สิ่งปลูกสร้าง,,3,65,7606,7/11/2026 3:24
not_found,LandsMaps ไม่พบโฉนด,9882,10_39_2062,10,39,2062,กรุงเทพมหานคร,วัฒนา,2,ห้องชุด/คอนโด,,,30.41,2062,7/11/2026 3:24
not_found,LandsMaps ไม่พบโฉนด,9883,10_12_54236,10,12,54236,กรุงเทพมหานคร,ยานนาวา,3,ที่ดิน+สิ่งปลูกสร้าง,,,26.5,54236,7/11/2026 3:24
not_found,LandsMaps ไม่พบโฉนด,9884,10_12_3097,10,12,3097,กรุงเทพมหานคร,ยานนาวา,2,ห้องชุด/คอนโด,,,25.32,"309,751,489",7/11/2026 3:24
not_found,LandsMaps ไม่พบโฉนด,9884,10_12_51489,10,12,51489,กรุงเทพมหานคร,ยานนาวา,2,ห้องชุด/คอนโด,,,25.32,"309,751,489",7/11/2026 3:24
not_found,LandsMaps ไม่พบโฉนด,9885,10_31_1403,10,31,1403,กรุงเทพมหานคร,บางคอแหลม,2,ห้องชุด/คอนโด,,,27.01,"140,317,351,073,751,000",7/11/2026 3:24
not_found,LandsMaps ไม่พบโฉนด,9885,10_31_1735,10,31,1735,กรุงเทพมหานคร,บางคอแหลม,2,ห้องชุด/คอนโด,,,27.01,"140,317,351,073,751,000",7/11/2026 3:24
not_found,LandsMaps ไม่พบโฉนด,9885,10_31_10737,10,31,10737,กรุงเทพมหานคร,บางคอแหลม,2,ห้องชุด/คอนโด,,,27.01,"140,317,351,073,751,000",7/11/2026 3:24
not_found,LandsMaps ไม่พบโฉนด,9885,10_31_51121,10,31,51121,กรุงเทพมหานคร,บางคอแหลม,2,ห้องชุด/คอนโด,,,27.01,"140,317,351,073,751,000",7/11/2026 3:24
not_found,LandsMaps ไม่พบโฉนด,9886,10_31_4398,10,31,4398,กรุงเทพมหานคร,บางคอแหลม,3,ที่ดิน+สิ่งปลูกสร้าง,,,62,4398,7/11/2026 3:24
not_found,LandsMaps ไม่พบโฉนด,9887,10_21_53656,10,21,53656,กรุงเทพมหานคร,บางขุนเทียน,1,ที่ดินเปล่า,,1,,53656,7/11/2026 3:24
not_found,LandsMaps ไม่พบโฉนด,9888,10_23_8559,10,23,8559,กรุงเทพมหานคร,หนองแขม,2,ห้องชุด/คอนโด,,,28.19,8559,7/11/2026 3:24
not_found,LandsMaps ไม่พบโฉนด,9889,10_12_59788,10,12,59788,กรุงเทพมหานคร,ยานนาวา,2,ห้องชุด/คอนโด,,,26.04,"59,788,598,065,980,700,000",7/11/2026 3:24
not_found,LandsMaps ไม่พบโฉนด,9889,10_12_59806,10,12,59806,กรุงเทพมหานคร,ยานนาวา,2,ห้องชุด/คอนโด,,,26.04,"59,788,598,065,980,700,000",7/11/2026 3:24
not_found,LandsMaps ไม่พบโฉนด,9889,10_12_59807,10,12,59807,กรุงเทพมหานคร,ยานนาวา,2,ห้องชุด/คอนโด,,,26.04,"59,788,598,065,980,700,000",7/11/2026 3:24
not_found,LandsMaps ไม่พบโฉนด,9889,10_12_59808,10,12,59808,กรุงเทพมหานคร,ยานนาวา,2,ห้องชุด/คอนโด,,,26.04,"59,788,598,065,980,700,000",7/11/2026 3:24
not_found,LandsMaps ไม่พบโฉนด,9890,10_33_4259,10,33,4259,กรุงเทพมหานคร,คลองเตย,2,ห้องชุด/คอนโด,,,47.95,"4,259,240,053,240,050",7/11/2026 3:24
not_found,LandsMaps ไม่พบโฉนด,9890,10_33_240053,10,33,240053,กรุงเทพมหานคร,คลองเตย,2,ห้องชุด/คอนโด,,,47.95,"4,259,240,053,240,050",7/11/2026 3:24
not_found,LandsMaps ไม่พบโฉนด,9890,10_33_240054,10,33,240054,กรุงเทพมหานคร,คลองเตย,2,ห้องชุด/คอนโด,,,47.95,"4,259,240,053,240,050",7/11/2026 3:24
not_found,LandsMaps ไม่พบโฉนด,9891,10_33_2740,10,33,2740,กรุงเทพมหานคร,คลองเตย,2,ห้องชุด/คอนโด,,,41.68,"2740, 2787, 2788, 2789,2790",7/11/2026 3:24
not_found,LandsMaps ไม่พบโฉนด,9891,10_33_2787,10,33,2787,กรุงเทพมหานคร,คลองเตย,2,ห้องชุด/คอนโด,,,41.68,"2740, 2787, 2788, 2789,2790",7/11/2026 3:24
not_found,LandsMaps ไม่พบโฉนด,9891,10_33_2788,10,33,2788,กรุงเทพมหานคร,คลองเตย,2,ห้องชุด/คอนโด,,,41.68,"2740, 2787, 2788, 2789,2790",7/11/2026 3:24
not_found,LandsMaps ไม่พบโฉนด,9891,10_33_2789,10,33,2789,กรุงเทพมหานคร,คลองเตย,2,ห้องชุด/คอนโด,,,41.68,"2740, 2787, 2788, 2789,2790",7/11/2026 3:24
not_found,LandsMaps ไม่พบโฉนด,9891,10_33_2790,10,33,2790,กรุงเทพมหานคร,คลองเตย,2,ห้องชุด/คอนโด,,,41.68,"2740, 2787, 2788, 2789,2790",7/11/2026 3:24
not_found,LandsMaps ไม่พบโฉนด,9892,10_12_7109,10,12,7109,กรุงเทพมหานคร,ยานนาวา,2,ห้องชุด/คอนโด,,,57.53,"7,109,711,052,814",7/11/2026 3:24
not_found,LandsMaps ไม่พบโฉนด,9892,10_12_7110,10,12,7110,กรุงเทพมหานคร,ยานนาวา,2,ห้องชุด/คอนโด,,,57.53,"7,109,711,052,814",7/11/2026 3:24
not_found,LandsMaps ไม่พบโฉนด,9892,10_12_52814,10,12,52814,กรุงเทพมหานคร,ยานนาวา,2,ห้องชุด/คอนโด,,,57.53,"7,109,711,052,814",7/11/2026 3:24
not_found,LandsMaps ไม่พบโฉนด,9893,10_33_2725,10,33,2725,กรุงเทพมหานคร,คลองเตย,2,ห้องชุด/คอนโด,,,29.57,"27,252,726",7/11/2026 3:24
not_found,LandsMaps ไม่พบโฉนด,9893,10_33_2726,10,33,2726,กรุงเทพมหานคร,คลองเตย,2,ห้องชุด/คอนโด,,,29.57,"27,252,726",7/11/2026 3:24
not_found,LandsMaps ไม่พบโฉนด,9894,10_33_2725,10,33,2725,กรุงเทพมหานคร,คลองเตย,2,ห้องชุด/คอนโด,,,29.57,"27,252,726",7/11/2026 3:24
not_found,LandsMaps ไม่พบโฉนด,9894,10_33_2726,10,33,2726,กรุงเทพมหานคร,คลองเตย,2,ห้องชุด/คอนโด,,,29.57,"27,252,726",7/11/2026 3:24
not_found,LandsMaps ไม่พบโฉนด,9895,10_33_2265,10,33,2265,กรุงเทพมหานคร,คลองเตย,2,ห้องชุด/คอนโด,,,41.2,"22,653,022,302,330,200,000,000,000,000,000",7/11/2026 3:24
not_found,LandsMaps ไม่พบโฉนด,9895,10_33_3022,10,33,3022,กรุงเทพมหานคร,คลองเตย,2,ห้องชุด/คอนโด,,,41.2,"22,653,022,302,330,200,000,000,000,000,000",7/11/2026 3:25
not_found,LandsMaps ไม่พบโฉนด,9895,10_33_3023,10,33,3023,กรุงเทพมหานคร,คลองเตย,2,ห้องชุด/คอนโด,,,41.2,"22,653,022,302,330,200,000,000,000,000,000",7/11/2026 3:25
not_found,LandsMaps ไม่พบโฉนด,9895,10_33_3024,10,33,3024,กรุงเทพมหานคร,คลองเตย,2,ห้องชุด/คอนโด,,,41.2,"22,653,022,302,330,200,000,000,000,000,000",7/11/2026 3:25
not_found,LandsMaps ไม่พบโฉนด,9895,10_33_3027,10,33,3027,กรุงเทพมหานคร,คลองเตย,2,ห้องชุด/คอนโด,,,41.2,"22,653,022,302,330,200,000,000,000,000,000",7/11/2026 3:25
not_found,LandsMaps ไม่พบโฉนด,9895,10_33_3054,10,33,3054,กรุงเทพมหานคร,คลองเตย,2,ห้องชุด/คอนโด,,,41.2,"22,653,022,302,330,200,000,000,000,000,000",7/11/2026 3:25
not_found,LandsMaps ไม่พบโฉนด,9895,10_33_3056,10,33,3056,กรุงเทพมหานคร,คลองเตย,2,ห้องชุด/คอนโด,,,41.2,"22,653,022,302,330,200,000,000,000,000,000",7/11/2026 3:25
not_found,LandsMaps ไม่พบโฉนด,9895,10_33_3058,10,33,3058,กรุงเทพมหานคร,คลองเตย,2,ห้องชุด/คอนโด,,,41.2,"22,653,022,302,330,200,000,000,000,000,000",7/11/2026 3:25
not_found,LandsMaps ไม่พบโฉนด,9896,10_07_16010,10,7,16010,กรุงเทพมหานคร,ปทุมวัน,3,ที่ดิน+สิ่งปลูกสร้าง,,,14.1,16010,7/11/2026 3:25
not_found,LandsMaps ไม่พบโฉนด,9897,10_07_16011,10,7,16011,กรุงเทพมหานคร,ปทุมวัน,3,ที่ดิน+สิ่งปลูกสร้าง,,,14.2,16011,7/11/2026 3:25
not_found,LandsMaps ไม่พบโฉนด,9898,10_33_5771,10,33,5771,กรุงเทพมหานคร,คลองเตย,2,ห้องชุด/คอนโด,,,25.12,5771,7/11/2026 3:25
not_found,LandsMaps ไม่พบโฉนด,9899,10_07_509,10,7,509,กรุงเทพมหานคร,ปทุมวัน,2,ห้องชุด/คอนโด,,,55.33,509,7/11/2026 3:25
not_found,LandsMaps ไม่พบโฉนด,9900,10_33_2271,10,33,2271,กรุงเทพมหานคร,คลองเตย(พระโขนง),2,ห้องชุด/คอนโด,,,56.5,"2271,2029(บางส่วน),2319(บางส่วน),51859(บางส่วน) ฯ",7/11/2026 3:25
not_found,LandsMaps ไม่พบโฉนด,9900,10_33_2029,10,33,2029,กรุงเทพมหานคร,คลองเตย(พระโขนง),2,ห้องชุด/คอนโด,,,56.5,"2271,2029(บางส่วน),2319(บางส่วน),51859(บางส่วน) ฯ",7/11/2026 3:25
not_found,LandsMaps ไม่พบโฉนด,9900,10_33_2319,10,33,2319,กรุงเทพมหานคร,คลองเตย(พระโขนง),2,ห้องชุด/คอนโด,,,56.5,"2271,2029(บางส่วน),2319(บางส่วน),51859(บางส่วน) ฯ",7/11/2026 3:25
not_found,LandsMaps ไม่พบโฉนด,9900,10_33_51859,10,33,51859,กรุงเทพมหานคร,คลองเตย(พระโขนง),2,ห้องชุด/คอนโด,,,56.5,"2271,2029(บางส่วน),2319(บางส่วน),51859(บางส่วน) ฯ",7/11/2026 3:25
not_found,LandsMaps ไม่พบโฉนด,9901,10_33_2271,10,33,2271,กรุงเทพมหานคร,คลองเตย(พระโขนง),2,ห้องชุด/คอนโด,,,56.5,"2271,2029(บางส่วน),2319(บางส่วน),51859(บางส่วน) ฯ",7/11/2026 3:25
not_found,LandsMaps ไม่พบโฉนด,9901,10_33_2029,10,33,2029,กรุงเทพมหานคร,คลองเตย(พระโขนง),2,ห้องชุด/คอนโด,,,56.5,"2271,2029(บางส่วน),2319(บางส่วน),51859(บางส่วน) ฯ",7/11/2026 3:25
not_found,LandsMaps ไม่พบโฉนด,9901,10_33_2319,10,33,2319,กรุงเทพมหานคร,คลองเตย(พระโขนง),2,ห้องชุด/คอนโด,,,56.5,"2271,2029(บางส่วน),2319(บางส่วน),51859(บางส่วน) ฯ",7/11/2026 3:25
not_found,LandsMaps ไม่พบโฉนด,9901,10_33_51859,10,33,51859,กรุงเทพมหานคร,คลองเตย(พระโขนง),2,ห้องชุด/คอนโด,,,56.5,"2271,2029(บางส่วน),2319(บางส่วน),51859(บางส่วน) ฯ",7/11/2026 3:25
not_found,LandsMaps ไม่พบโฉนด,9902,10_12_44571,10,12,44571,กรุงเทพมหานคร,ยานนาวา,3,ที่ดิน+สิ่งปลูกสร้าง,,,21,44571,7/11/2026 3:25
not_found,LandsMaps ไม่พบโฉนด,9903,10_12_44572,10,12,44572,กรุงเทพมหานคร,ยานนาวา,3,ที่ดิน+สิ่งปลูกสร้าง,,,21,44572,7/11/2026 3:25
not_found,LandsMaps ไม่พบโฉนด,9904,10_39_5697,10,39,5697,กรุงเทพมหานคร,วัฒนา,2,ห้องชุด/คอนโด,,,42.24,"569,756,985,699",7/11/2026 3:25
not_found,LandsMaps ไม่พบโฉนด,9904,10_39_5698,10,39,5698,กรุงเทพมหานคร,วัฒนา,2,ห้องชุด/คอนโด,,,42.24,"569,756,985,699",7/11/2026 3:25
not_found,LandsMaps ไม่พบโฉนด,9904,10_39_5699,10,39,5699,กรุงเทพมหานคร,วัฒนา,2,ห้องชุด/คอนโด,,,42.24,"569,756,985,699",7/11/2026 3:25
not_found,LandsMaps ไม่พบโฉนด,9905,10_39_5697,10,39,5697,กรุงเทพมหานคร,วัฒนา,2,ห้องชุด/คอนโด,,,36.86,"569,756,985,699",7/11/2026 3:25
not_found,LandsMaps ไม่พบโฉนด,9905,10_39_5698,10,39,5698,กรุงเทพมหานคร,วัฒนา,2,ห้องชุด/คอนโด,,,36.86,"569,756,985,699",7/11/2026 3:25
not_found,LandsMaps ไม่พบโฉนด,9905,10_39_5699,10,39,5699,กรุงเทพมหานคร,วัฒนา,2,ห้องชุด/คอนโด,,,36.86,"569,756,985,699",7/11/2026 3:25
not_found,LandsMaps ไม่พบโฉนด,9906,10_39_5697,10,39,5697,กรุงเทพมหานคร,วัฒนา,2,ห้องชุด/คอนโด,,,49.32,"569,756,985,699",7/11/2026 3:25
not_found,LandsMaps ไม่พบโฉนด,9906,10_39_5698,10,39,5698,กรุงเทพมหานคร,วัฒนา,2,ห้องชุด/คอนโด,,,49.32,"569,756,985,699",7/11/2026 3:25
not_found,LandsMaps ไม่พบโฉนด,9906,10_39_5699,10,39,5699,กรุงเทพมหานคร,วัฒนา,2,ห้องชุด/คอนโด,,,49.32,"569,756,985,699",7/11/2026 3:25
not_found,LandsMaps ไม่พบโฉนด,9907,10_39_5697,10,39,5697,กรุงเทพมหานคร,วัฒนา,2,ห้องชุด/คอนโด,,,48.47,"569,756,985,699",7/11/2026 3:25
not_found,LandsMaps ไม่พบโฉนด,9907,10_39_5698,10,39,5698,กรุงเทพมหานคร,วัฒนา,2,ห้องชุด/คอนโด,,,48.47,"569,756,985,699",7/11/2026 3:25
not_found,LandsMaps ไม่พบโฉนด,9907,10_39_5699,10,39,5699,กรุงเทพมหานคร,วัฒนา,2,ห้องชุด/คอนโด,,,48.47,"569,756,985,699",7/11/2026 3:25
not_found,LandsMaps ไม่พบโฉนด,9908,10_39_5697,10,39,5697,กรุงเทพมหานคร,วัฒนา,2,ห้องชุด/คอนโด,,,38.19,"569,756,985,699",7/11/2026 3:25
not_found,LandsMaps ไม่พบโฉนด,9908,10_39_5698,10,39,5698,กรุงเทพมหานคร,วัฒนา,2,ห้องชุด/คอนโด,,,38.19,"569,756,985,699",7/11/2026 3:25
not_found,LandsMaps ไม่พบโฉนด,9908,10_39_5699,10,39,5699,กรุงเทพมหานคร,วัฒนา,2,ห้องชุด/คอนโด,,,38.19,"569,756,985,699",7/11/2026 3:25
not_found,LandsMaps ไม่พบโฉนด,9909,10_39_5697,10,39,5697,กรุงเทพมหานคร,วัฒนา,2,ห้องชุด/คอนโด,,,33.6,"569,756,985,699",7/11/2026 3:25
not_found,LandsMaps ไม่พบโฉนด,9909,10_39_5698,10,39,5698,กรุงเทพมหานคร,วัฒนา,2,ห้องชุด/คอนโด,,,33.6,"569,756,985,699",7/11/2026 3:25
not_found,LandsMaps ไม่พบโฉนด,9909,10_39_5699,10,39,5699,กรุงเทพมหานคร,วัฒนา,2,ห้องชุด/คอนโด,,,33.6,"569,756,985,699",7/11/2026 3:25
not_found,LandsMaps ไม่พบโฉนด,9910,10_39_5697,10,39,5697,กรุงเทพมหานคร,วัฒนา,2,ห้องชุด/คอนโด,,,31.48,"569,756,985,699",7/11/2026 3:25
not_found,LandsMaps ไม่พบโฉนด,9910,10_39_5698,10,39,5698,กรุงเทพมหานคร,วัฒนา,2,ห้องชุด/คอนโด,,,31.48,"569,756,985,699",7/11/2026 3:25
not_found,LandsMaps ไม่พบโฉนด,9910,10_39_5699,10,39,5699,กรุงเทพมหานคร,วัฒนา,2,ห้องชุด/คอนโด,,,31.48,"569,756,985,699",7/11/2026 3:25
not_found,LandsMaps ไม่พบโฉนด,9911,10_39_5697,10,39,5697,กรุงเทพมหานคร,วัฒนา,2,ห้องชุด/คอนโด,,,40.52,"569,756,985,699",7/11/2026 3:25
not_found,LandsMaps ไม่พบโฉนด,9911,10_39_5698,10,39,5698,กรุงเทพมหานคร,วัฒนา,2,ห้องชุด/คอนโด,,,40.52,"569,756,985,699",7/11/2026 3:25
not_found,LandsMaps ไม่พบโฉนด,9911,10_39_5699,10,39,5699,กรุงเทพมหานคร,วัฒนา,2,ห้องชุด/คอนโด,,,40.52,"569,756,985,699",7/11/2026 3:25
not_found,LandsMaps ไม่พบโฉนด,9912,10_39_5697,10,39,5697,กรุงเทพมหานคร,วัฒนา,2,ห้องชุด/คอนโด,,,48.25,"569,756,985,699",7/11/2026 3:25
not_found,LandsMaps ไม่พบโฉนด,9912,10_39_5698,10,39,5698,กรุงเทพมหานคร,วัฒนา,2,ห้องชุด/คอนโด,,,48.25,"569,756,985,699",7/11/2026 3:25
not_found,LandsMaps ไม่พบโฉนด,9912,10_39_5699,10,39,5699,กรุงเทพมหานคร,วัฒนา,2,ห้องชุด/คอนโด,,,48.25,"569,756,985,699",7/11/2026 3:25
not_found,LandsMaps ไม่พบโฉนด,9913,10_39_5697,10,39,5697,กรุงเทพมหานคร,วัฒนา,2,ห้องชุด/คอนโด,,,34.79,"569,756,985,699",7/11/2026 3:25
not_found,LandsMaps ไม่พบโฉนด,9913,10_39_5698,10,39,5698,กรุงเทพมหานคร,วัฒนา,2,ห้องชุด/คอนโด,,,34.79,"569,756,985,699",7/11/2026 3:25
not_found,LandsMaps ไม่พบโฉนด,9913,10_39_5699,10,39,5699,กรุงเทพมหานคร,วัฒนา,2,ห้องชุด/คอนโด,,,34.79,"569,756,985,699",7/11/2026 3:25
not_found,LandsMaps ไม่พบโฉนด,9914,10_39_5697,10,39,5697,กรุงเทพมหานคร,วัฒนา,2,ห้องชุด/คอนโด,,,37.32,"569,756,985,699",7/11/2026 3:25
not_found,LandsMaps ไม่พบโฉนด,9914,10_39_5698,10,39,5698,กรุงเทพมหานคร,วัฒนา,2,ห้องชุด/คอนโด,,,37.32,"569,756,985,699",7/11/2026 3:25
not_found,LandsMaps ไม่พบโฉนด,9914,10_39_5699,10,39,5699,กรุงเทพมหานคร,วัฒนา,2,ห้องชุด/คอนโด,,,37.32,"569,756,985,699",7/11/2026 3:25
not_found,LandsMaps ไม่พบโฉนด,9915,10_39_5697,10,39,5697,กรุงเทพมหานคร,วัฒนา,2,ห้องชุด/คอนโด,,,33.15,"569,756,985,699",7/11/2026 3:25
not_found,LandsMaps ไม่พบโฉนด,9915,10_39_5698,10,39,5698,กรุงเทพมหานคร,วัฒนา,2,ห้องชุด/คอนโด,,,33.15,"569,756,985,699",7/11/2026 3:25
not_found,LandsMaps ไม่พบโฉนด,9915,10_39_5699,10,39,5699,กรุงเทพมหานคร,วัฒนา,2,ห้องชุด/คอนโด,,,33.15,"569,756,985,699",7/11/2026 3:25
not_found,LandsMaps ไม่พบโฉนด,9916,10_39_5697,10,39,5697,กรุงเทพมหานคร,วัฒนา,2,ห้องชุด/คอนโด,,,48.68,"569,756,985,699",7/11/2026 3:25
not_found,LandsMaps ไม่พบโฉนด,9916,10_39_5698,10,39,5698,กรุงเทพมหานคร,วัฒนา,2,ห้องชุด/คอนโด,,,48.68,"569,756,985,699",7/11/2026 3:25
not_found,LandsMaps ไม่พบโฉนด,9916,10_39_5699,10,39,5699,กรุงเทพมหานคร,วัฒนา,2,ห้องชุด/คอนโด,,,48.68,"569,756,985,699",7/11/2026 3:25
not_found,LandsMaps ไม่พบโฉนด,9917,10_39_5697,10,39,5697,กรุงเทพมหานคร,วัฒนา,2,ห้องชุด/คอนโด,,,40.52,"569,756,985,699",7/11/2026 3:25
not_found,LandsMaps ไม่พบโฉนด,9917,10_39_5698,10,39,5698,กรุงเทพมหานคร,วัฒนา,2,ห้องชุด/คอนโด,,,40.52,"569,756,985,699",7/11/2026 3:25
not_found,LandsMaps ไม่พบโฉนด,9917,10_39_5699,10,39,5699,กรุงเทพมหานคร,วัฒนา,2,ห้องชุด/คอนโด,,,40.52,"569,756,985,699",7/11/2026 3:25
not_found,LandsMaps ไม่พบโฉนด,9918,10_39_5697,10,39,5697,กรุงเทพมหานคร,วัฒนา,2,ห้องชุด/คอนโด,,,37.32,"569,756,985,699",7/11/2026 3:25
not_found,LandsMaps ไม่พบโฉนด,9918,10_39_5698,10,39,5698,กรุงเทพมหานคร,วัฒนา,2,ห้องชุด/คอนโด,,,37.32,"569,756,985,699",7/11/2026 3:25
not_found,LandsMaps ไม่พบโฉนด,9918,10_39_5699,10,39,5699,กรุงเทพมหานคร,วัฒนา,2,ห้องชุด/คอนโด,,,37.32,"569,756,985,699",7/11/2026 3:25
not_found,LandsMaps ไม่พบโฉนด,9919,10_39_5697,10,39,5697,กรุงเทพมหานคร,วัฒนา,2,ห้องชุด/คอนโด,,,38.26,"569,756,985,699",7/11/2026 3:25
not_found,LandsMaps ไม่พบโฉนด,9919,10_39_5698,10,39,5698,กรุงเทพมหานคร,วัฒนา,2,ห้องชุด/คอนโด,,,38.26,"569,756,985,699",7/11/2026 3:25
not_found,LandsMaps ไม่พบโฉนด,9919,10_39_5699,10,39,5699,กรุงเทพมหานคร,วัฒนา,2,ห้องชุด/คอนโด,,,38.26,"569,756,985,699",7/11/2026 3:25
not_found,LandsMaps ไม่พบโฉนด,9920,10_48_12082,10,48,12082,กรุงเทพมหานคร,ทวีวัฒนา,3,ที่ดิน+สิ่งปลูกสร้าง,,,66,12082,7/11/2026 3:25
not_found,LandsMaps ไม่พบโฉนด,9921,10_20_1395,10,20,1395,กรุงเทพมหานคร,บางกอกน้อย,2,ห้องชุด/คอนโด,,,20.3,"139,548,577",7/11/2026 3:25
not_found,LandsMaps ไม่พบโฉนด,9921,10_20_48577,10,20,48577,กรุงเทพมหานคร,บางกอกน้อย,2,ห้องชุด/คอนโด,,,20.3,"139,548,577",7/11/2026 3:25
not_found,LandsMaps ไม่พบโฉนด,9922,10_23_37389,10,23,37389,กรุงเทพมหานคร,หนองแขม,3,ที่ดิน+สิ่งปลูกสร้าง,,,18,37389,7/11/2026 3:25
not_found,LandsMaps ไม่พบโฉนด,9923,10_25_1454,10,25,1454,กรุงเทพมหานคร,บางพลัด,2,ห้องชุด/คอนโด,,,32.68,"14,545,445",7/11/2026 3:25
not_found,LandsMaps ไม่พบโฉนด,9923,10_25_5445,10,25,5445,กรุงเทพมหานคร,บางพลัด,2,ห้องชุด/คอนโด,,,32.68,"14,545,445",7/11/2026 3:25
not_found,LandsMaps ไม่พบโฉนด,9924,10_20_8452,10,20,8452,กรุงเทพมหานคร,บางกอกน้อย,2,ห้องชุด/คอนโด,,,26.54,8452,7/11/2026 3:25
not_found,LandsMaps ไม่พบโฉนด,9925,10_25_13166,10,25,13166,กรุงเทพมหานคร,บางพลัด,2,ห้องชุด/คอนโด,,,29.15,"1,316,614,060,140,610,000,000,000,000,000,000,000,000",7/11/2026 3:25
not_found,LandsMaps ไม่พบโฉนด,9925,10_25_14060,10,25,14060,กรุงเทพมหานคร,บางพลัด,2,ห้องชุด/คอนโด,,,29.15,"1,316,614,060,140,610,000,000,000,000,000,000,000,000",7/11/2026 3:25
not_found,LandsMaps ไม่พบโฉนด,9925,10_25_14061,10,25,14061,กรุงเทพมหานคร,บางพลัด,2,ห้องชุด/คอนโด,,,29.15,"1,316,614,060,140,610,000,000,000,000,000,000,000,000",7/11/2026 3:25
not_found,LandsMaps ไม่พบโฉนด,9925,10_25_14062,10,25,14062,กรุงเทพมหานคร,บางพลัด,2,ห้องชุด/คอนโด,,,29.15,"1,316,614,060,140,610,000,000,000,000,000,000,000,000",7/11/2026 3:25
not_found,LandsMaps ไม่พบโฉนด,9925,10_25_14063,10,25,14063,กรุงเทพมหานคร,บางพลัด,2,ห้องชุด/คอนโด,,,29.15,"1,316,614,060,140,610,000,000,000,000,000,000,000,000",7/11/2026 3:25
not_found,LandsMaps ไม่พบโฉนด,9925,10_25_14064,10,25,14064,กรุงเทพมหานคร,บางพลัด,2,ห้องชุด/คอนโด,,,29.15,"1,316,614,060,140,610,000,000,000,000,000,000,000,000",7/11/2026 3:25
not_found,LandsMaps ไม่พบโฉนด,9925,10_25_14065,10,25,14065,กรุงเทพมหานคร,บางพลัด,2,ห้องชุด/คอนโด,,,29.15,"1,316,614,060,140,610,000,000,000,000,000,000,000,000",7/11/2026 3:25
not_found,LandsMaps ไม่พบโฉนด,9925,10_25_14066,10,25,14066,กรุงเทพมหานคร,บางพลัด,2,ห้องชุด/คอนโด,,,29.15,"1,316,614,060,140,610,000,000,000,000,000,000,000,000",7/11/2026 3:25
not_found,LandsMaps ไม่พบโฉนด,9926,10_25_13166,10,25,13166,กรุงเทพมหานคร,บางพลัด,2,ห้องชุด/คอนโด,,,29.68,"1,316,614,060,140,610,000,000,000,000,000,000,000,000",7/11/2026 3:25
not_found,LandsMaps ไม่พบโฉนด,9926,10_25_14060,10,25,14060,กรุงเทพมหานคร,บางพลัด,2,ห้องชุด/คอนโด,,,29.68,"1,316,614,060,140,610,000,000,000,000,000,000,000,000",7/11/2026 3:25
not_found,LandsMaps ไม่พบโฉนด,9926,10_25_14061,10,25,14061,กรุงเทพมหานคร,บางพลัด,2,ห้องชุด/คอนโด,,,29.68,"1,316,614,060,140,610,000,000,000,000,000,000,000,000",7/11/2026 3:25
not_found,LandsMaps ไม่พบโฉนด,9926,10_25_14062,10,25,14062,กรุงเทพมหานคร,บางพลัด,2,ห้องชุด/คอนโด,,,29.68,"1,316,614,060,140,610,000,000,000,000,000,000,000,000",7/11/2026 3:25
not_found,LandsMaps ไม่พบโฉนด,9926,10_25_14063,10,25,14063,กรุงเทพมหานคร,บางพลัด,2,ห้องชุด/คอนโด,,,29.68,"1,316,614,060,140,610,000,000,000,000,000,000,000,000",7/11/2026 3:25
not_found,LandsMaps ไม่พบโฉนด,9926,10_25_14064,10,25,14064,กรุงเทพมหานคร,บางพลัด,2,ห้องชุด/คอนโด,,,29.68,"1,316,614,060,140,610,000,000,000,000,000,000,000,000",7/11/2026 3:26
not_found,LandsMaps ไม่พบโฉนด,9926,10_25_14065,10,25,14065,กรุงเทพมหานคร,บางพลัด,2,ห้องชุด/คอนโด,,,29.68,"1,316,614,060,140,610,000,000,000,000,000,000,000,000",7/11/2026 3:26
not_found,LandsMaps ไม่พบโฉนด,9926,10_25_14066,10,25,14066,กรุงเทพมหานคร,บางพลัด,2,ห้องชุด/คอนโด,,,29.68,"1,316,614,060,140,610,000,000,000,000,000,000,000,000",7/11/2026 3:26
not_found,LandsMaps ไม่พบโฉนด,9927,10_23_25507,10,23,25507,กรุงเทพมหานคร,หนองแขม,2,ห้องชุด/คอนโด,,,34.98,25507,7/11/2026 3:26
not_found,LandsMaps ไม่พบโฉนด,9928,10_20_13667,10,20,13667,กรุงเทพมหานคร,บางกอกน้อย,3,ที่ดิน+สิ่งปลูกสร้าง,,,9,13667,7/11/2026 3:26
not_found,LandsMaps ไม่พบโฉนด,9929,10_20_19822,10,20,19822,กรุงเทพมหานคร,บางกอกน้อย,2,ห้องชุด/คอนโด,,,28.13,"19,822,453,026,791",7/11/2026 3:26
not_found,LandsMaps ไม่พบโฉนด,9929,10_20_4530,10,20,4530,กรุงเทพมหานคร,บางกอกน้อย,2,ห้องชุด/คอนโด,,,28.13,"19,822,453,026,791",7/11/2026 3:26
not_found,LandsMaps ไม่พบโฉนด,9929,10_20_26791,10,20,26791,กรุงเทพมหานคร,บางกอกน้อย,2,ห้องชุด/คอนโด,,,28.13,"19,822,453,026,791",7/11/2026 3:26
not_found,LandsMaps ไม่พบโฉนด,9930,10_20_48388,10,20,48388,กรุงเทพมหานคร,บางกอกน้อย,2,ห้องชุด/คอนโด,,,26.81,"4,838,848,389,483,900,000,000,000,000,000,000,000,000",7/11/2026 3:26
not_found,LandsMaps ไม่พบโฉนด,9930,10_20_48389,10,20,48389,กรุงเทพมหานคร,บางกอกน้อย,2,ห้องชุด/คอนโด,,,26.81,"4,838,848,389,483,900,000,000,000,000,000,000,000,000",7/11/2026 3:26
not_found,LandsMaps ไม่พบโฉนด,9930,10_20_48390,10,20,48390,กรุงเทพมหานคร,บางกอกน้อย,2,ห้องชุด/คอนโด,,,26.81,"4,838,848,389,483,900,000,000,000,000,000,000,000,000",7/11/2026 3:26
not_found,LandsMaps ไม่พบโฉนด,9930,10_20_48391,10,20,48391,กรุงเทพมหานคร,บางกอกน้อย,2,ห้องชุด/คอนโด,,,26.81,"4,838,848,389,483,900,000,000,000,000,000,000,000,000",7/11/2026 3:26
not_found,LandsMaps ไม่พบโฉนด,9930,10_20_48392,10,20,48392,กรุงเทพมหานคร,บางกอกน้อย,2,ห้องชุด/คอนโด,,,26.81,"4,838,848,389,483,900,000,000,000,000,000,000,000,000",7/11/2026 3:26
not_found,LandsMaps ไม่พบโฉนด,9930,10_20_48393,10,20,48393,กรุงเทพมหานคร,บางกอกน้อย,2,ห้องชุด/คอนโด,,,26.81,"4,838,848,389,483,900,000,000,000,000,000,000,000,000",7/11/2026 3:26
not_found,LandsMaps ไม่พบโฉนด,9930,10_20_48394,10,20,48394,กรุงเทพมหานคร,บางกอกน้อย,2,ห้องชุด/คอนโด,,,26.81,"4,838,848,389,483,900,000,000,000,000,000,000,000,000",7/11/2026 3:26
not_found,LandsMaps ไม่พบโฉนด,9930,10_20_48395,10,20,48395,กรุงเทพมหานคร,บางกอกน้อย,2,ห้องชุด/คอนโด,,,26.81,"4,838,848,389,483,900,000,000,000,000,000,000,000,000",7/11/2026 3:26
not_found,LandsMaps ไม่พบโฉนด,9931,10_23_3868,10,23,3868,กรุงเทพมหานคร,หนองแขม,2,ห้องชุด/คอนโด,,,23.49,3868,7/11/2026 3:26
not_found,LandsMaps ไม่พบโฉนด,9932,10_20_2585,10,20,2585,กรุงเทพมหานคร,บางกอกน้อย,2,ห้องชุด/คอนโด,,,23.6,"258,540,837,408,384,000,000,000",7/11/2026 3:26
not_found,LandsMaps ไม่พบโฉนด,9932,10_20_40837,10,20,40837,กรุงเทพมหานคร,บางกอกน้อย,2,ห้องชุด/คอนโด,,,23.6,"258,540,837,408,384,000,000,000",7/11/2026 3:26
not_found,LandsMaps ไม่พบโฉนด,9932,10_20_40838,10,20,40838,กรุงเทพมหานคร,บางกอกน้อย,2,ห้องชุด/คอนโด,,,23.6,"258,540,837,408,384,000,000,000",7/11/2026 3:26
not_found,LandsMaps ไม่พบโฉนด,9932,10_20_40839,10,20,40839,กรุงเทพมหานคร,บางกอกน้อย,2,ห้องชุด/คอนโด,,,23.6,"258,540,837,408,384,000,000,000",7/11/2026 3:26
not_found,LandsMaps ไม่พบโฉนด,9932,10_20_40840,10,20,40840,กรุงเทพมหานคร,บางกอกน้อย,2,ห้องชุด/คอนโด,,,23.6,"258,540,837,408,384,000,000,000",7/11/2026 3:26
not_found,LandsMaps ไม่พบโฉนด,9933,10_19_18124,10,19,18124,กรุงเทพมหานคร,ตลิ่งชัน,2,ห้องชุด/คอนโด,,,24.61,"1,812,489,092,890,930,000,000,000",7/11/2026 3:26
not_found,LandsMaps ไม่พบโฉนด,9933,10_19_89092,10,19,89092,กรุงเทพมหานคร,ตลิ่งชัน,2,ห้องชุด/คอนโด,,,24.61,"1,812,489,092,890,930,000,000,000",7/11/2026 3:26
not_found,LandsMaps ไม่พบโฉนด,9933,10_19_89093,10,19,89093,กรุงเทพมหานคร,ตลิ่งชัน,2,ห้องชุด/คอนโด,,,24.61,"1,812,489,092,890,930,000,000,000",7/11/2026 3:26
not_found,LandsMaps ไม่พบโฉนด,9933,10_19_89094,10,19,89094,กรุงเทพมหานคร,ตลิ่งชัน,2,ห้องชุด/คอนโด,,,24.61,"1,812,489,092,890,930,000,000,000",7/11/2026 3:26
not_found,LandsMaps ไม่พบโฉนด,9933,10_19_89095,10,19,89095,กรุงเทพมหานคร,ตลิ่งชัน,2,ห้องชุด/คอนโด,,,24.61,"1,812,489,092,890,930,000,000,000",7/11/2026 3:26
not_found,LandsMaps ไม่พบโฉนด,9934,10_23_25505,10,23,25505,กรุงเทพมหานคร,หนองแขม,2,ห้องชุด/คอนโด,,,34.98,25505,7/11/2026 3:26
not_found,LandsMaps ไม่พบโฉนด,9935,10_20_8452,10,20,8452,กรุงเทพมหานคร,บางกอกน้อย,2,ห้องชุด/คอนโด,,,26.67,8452,7/11/2026 3:26
not_found,LandsMaps ไม่พบโฉนด,9936,10_19_4904,10,19,4904,กรุงเทพมหานคร,ตลิ่งชัน,3,ที่ดิน+สิ่งปลูกสร้าง,,,17.7,4904,7/11/2026 3:26
not_found,LandsMaps ไม่พบโฉนด,9937,10_20_138,10,20,138,กรุงเทพมหานคร,บางกอกน้อย,2,ห้องชุด/คอนโด,,,28.33,138,7/11/2026 3:26
not_found,LandsMaps ไม่พบโฉนด,9938,10_23_20451,10,23,20451,กรุงเทพมหานคร,หนองแขม,2,ห้องชุด/คอนโด,,,24.5,20451,7/11/2026 3:26
not_found,LandsMaps ไม่พบโฉนด,9939,10_20_138,10,20,138,กรุงเทพมหานคร,บางกอกน้อย,2,ห้องชุด/คอนโด,,,31.43,138,7/11/2026 3:26
not_found,LandsMaps ไม่พบโฉนด,9940,10_19_77790,10,19,77790,กรุงเทพมหานคร,ตลิ่งชัน,1,ที่ดินเปล่า,,,86,77790,7/11/2026 3:26
not_found,LandsMaps ไม่พบโฉนด,9941,10_25_148885,10,25,148885,กรุงเทพมหานคร,บางพลัด,3,ที่ดิน+สิ่งปลูกสร้าง,,,10,148885,7/11/2026 3:26
not_found,LandsMaps ไม่พบโฉนด,9942,10_19_97615,10,19,97615,กรุงเทพมหานคร,ตลิ่งชัน,3,ที่ดิน+สิ่งปลูกสร้าง,,1,30.5,97615,7/11/2026 3:26
not_found,LandsMaps ไม่พบโฉนด,9943,10_23_11539,10,23,11539,กรุงเทพมหานคร,หนองแขม,3,ที่ดิน+สิ่งปลูกสร้าง,,,17,11539,7/11/2026 3:26
not_found,LandsMaps ไม่พบโฉนด,9944,10_22_119569,10,22,119569,กรุงเทพมหานคร,ภาษีเจริญ,3,ที่ดิน+สิ่งปลูกสร้าง,,,16,119569,7/11/2026 3:26
not_found,LandsMaps ไม่พบโฉนด,9945,10_20_2550,10,20,2550,กรุงเทพมหานคร,บางกอกน้อย,2,ห้องชุด/คอนโด,,,27.95,"255,044,864",7/11/2026 3:26
not_found,LandsMaps ไม่พบโฉนด,9945,10_20_44864,10,20,44864,กรุงเทพมหานคร,บางกอกน้อย,2,ห้องชุด/คอนโด,,,27.95,"255,044,864",7/11/2026 3:26
not_found,LandsMaps ไม่พบโฉนด,9946,10_19_13751,10,19,13751,กรุงเทพมหานคร,ตลิ่งชัน,1,ที่ดินเปล่า,,,54,13751,7/11/2026 3:26
not_found,LandsMaps ไม่พบโฉนด,9947,10_19_13752,10,19,13752,กรุงเทพมหานคร,ตลิ่งชัน,1,ที่ดินเปล่า,,,50,13752,7/11/2026 3:26
not_found,LandsMaps ไม่พบโฉนด,9948,10_25_14044,10,25,14044,กรุงเทพมหานคร,บางพลัด,2,ห้องชุด/คอนโด,,,25.89,"14044, 1050, 1059",7/11/2026 3:26
not_found,LandsMaps ไม่พบโฉนด,9948,10_25_1050,10,25,1050,กรุงเทพมหานคร,บางพลัด,2,ห้องชุด/คอนโด,,,25.89,"14044, 1050, 1059",7/11/2026 3:26
not_found,LandsMaps ไม่พบโฉนด,9948,10_25_1059,10,25,1059,กรุงเทพมหานคร,บางพลัด,2,ห้องชุด/คอนโด,,,25.89,"14044, 1050, 1059",7/11/2026 3:26
not_found,LandsMaps ไม่พบโฉนด,9949,10_23_28890,10,23,28890,กรุงเทพมหานคร,หนองแขม,3,ที่ดิน+สิ่งปลูกสร้าง,,,50.6,28890,7/11/2026 3:26
not_found,LandsMaps ไม่พบโฉนด,9950,10_20_990,10,20,990,กรุงเทพมหานคร,บางกอกน้อย,2,ห้องชุด/คอนโด,,,31.49,"990, 20663, 20664, 20665, 20666 ฯลฯ",7/11/2026 3:26
not_found,LandsMaps ไม่พบโฉนด,9950,10_20_20663,10,20,20663,กรุงเทพมหานคร,บางกอกน้อย,2,ห้องชุด/คอนโด,,,31.49,"990, 20663, 20664, 20665, 20666 ฯลฯ",7/11/2026 3:26
not_found,LandsMaps ไม่พบโฉนด,9950,10_20_20664,10,20,20664,กรุงเทพมหานคร,บางกอกน้อย,2,ห้องชุด/คอนโด,,,31.49,"990, 20663, 20664, 20665, 20666 ฯลฯ",7/11/2026 3:26
not_found,LandsMaps ไม่พบโฉนด,9950,10_20_20665,10,20,20665,กรุงเทพมหานคร,บางกอกน้อย,2,ห้องชุด/คอนโด,,,31.49,"990, 20663, 20664, 20665, 20666 ฯลฯ",7/11/2026 3:26
not_found,LandsMaps ไม่พบโฉนด,9950,10_20_20666,10,20,20666,กรุงเทพมหานคร,บางกอกน้อย,2,ห้องชุด/คอนโด,,,31.49,"990, 20663, 20664, 20665, 20666 ฯลฯ",7/11/2026 3:26
not_found,LandsMaps ไม่พบโฉนด,9951,10_25_5590,10,25,5590,กรุงเทพมหานคร,บางพลัด,2,ห้องชุด/คอนโด,,,28.1,"559,012,470",7/11/2026 3:26
not_found,LandsMaps ไม่พบโฉนด,9951,10_25_12470,10,25,12470,กรุงเทพมหานคร,บางพลัด,2,ห้องชุด/คอนโด,,,28.1,"559,012,470",7/11/2026 3:26
not_found,LandsMaps ไม่พบโฉนด,9952,10_23_52427,10,23,52427,กรุงเทพมหานคร,หนองแขม(ภาษีเจริญ),3,ที่ดิน+สิ่งปลูกสร้าง,,,50,52427,7/11/2026 3:26
not_found,LandsMaps ไม่พบโฉนด,9953,10_19_25449,10,19,25449,กรุงเทพมหานคร,ตลิ่งชัน,3,ที่ดิน+สิ่งปลูกสร้าง,,,38,25449,7/11/2026 3:26
not_found,LandsMaps ไม่พบโฉนด,9954,10_25_1106,10,25,1106,กรุงเทพมหานคร,บางพลัด,3,ที่ดิน+สิ่งปลูกสร้าง,,,20,1106,7/11/2026 3:26
not_found,LandsMaps ไม่พบโฉนด,9955,10_19_113483,10,19,113483,กรุงเทพมหานคร,ตลิ่งชัน,2,ห้องชุด/คอนโด,,,25.97,113483,7/11/2026 3:26
not_found,LandsMaps ไม่พบโฉนด,9956,10_25_8226,10,25,8226,กรุงเทพมหานคร,บางพลัด,1,ที่ดินเปล่า,,,72,8226,7/11/2026 3:26
not_found,LandsMaps ไม่พบโฉนด,9957,10_20_48388,10,20,48388,กรุงเทพมหานคร,บางกอกน้อย,2,ห้องชุด/คอนโด,,,26.98,"48388, 48389, 48390, 48391, 49392, 48393, 48394, 48395",7/11/2026 3:26
not_found,LandsMaps ไม่พบโฉนด,9957,10_20_48389,10,20,48389,กรุงเทพมหานคร,บางกอกน้อย,2,ห้องชุด/คอนโด,,,26.98,"48388, 48389, 48390, 48391, 49392, 48393, 48394, 48395",7/11/2026 3:26
not_found,LandsMaps ไม่พบโฉนด,9957,10_20_48390,10,20,48390,กรุงเทพมหานคร,บางกอกน้อย,2,ห้องชุด/คอนโด,,,26.98,"48388, 48389, 48390, 48391, 49392, 48393, 48394, 48395",7/11/2026 3:26
not_found,LandsMaps ไม่พบโฉนด,9957,10_20_48391,10,20,48391,กรุงเทพมหานคร,บางกอกน้อย,2,ห้องชุด/คอนโด,,,26.98,"48388, 48389, 48390, 48391, 49392, 48393, 48394, 48395",7/11/2026 3:26
not_found,LandsMaps ไม่พบโฉนด,9957,10_20_49392,10,20,49392,กรุงเทพมหานคร,บางกอกน้อย,2,ห้องชุด/คอนโด,,,26.98,"48388, 48389, 48390, 48391, 49392, 48393, 48394, 48395",7/11/2026 3:26
not_found,LandsMaps ไม่พบโฉนด,9957,10_20_48393,10,20,48393,กรุงเทพมหานคร,บางกอกน้อย,2,ห้องชุด/คอนโด,,,26.98,"48388, 48389, 48390, 48391, 49392, 48393, 48394, 48395",7/11/2026 3:26
not_found,LandsMaps ไม่พบโฉนด,9957,10_20_48394,10,20,48394,กรุงเทพมหานคร,บางกอกน้อย,2,ห้องชุด/คอนโด,,,26.98,"48388, 48389, 48390, 48391, 49392, 48393, 48394, 48395",7/11/2026 3:26
not_found,LandsMaps ไม่พบโฉนด,9957,10_20_48395,10,20,48395,กรุงเทพมหานคร,บางกอกน้อย,2,ห้องชุด/คอนโด,,,26.98,"48388, 48389, 48390, 48391, 49392, 48393, 48394, 48395",7/11/2026 3:26
not_found,LandsMaps ไม่พบโฉนด,9958,10_23_11318,10,23,11318,กรุงเทพมหานคร,หนองแขม,3,ที่ดิน+สิ่งปลูกสร้าง,,,17,11318,7/11/2026 3:26
not_found,LandsMaps ไม่พบโฉนด,9959,10_23_97118,10,23,97118,กรุงเทพมหานคร,หนองแขม,3,ที่ดิน+สิ่งปลูกสร้าง,,,20,97118,7/11/2026 3:26
not_found,LandsMaps ไม่พบโฉนด,9960,10_25_13492,10,25,13492,กรุงเทพมหานคร,บางพลัด,2,ห้องชุด/คอนโด,,,27.49,"13,492,135,361,353,700,000,000,000,000,000,000",7/11/2026 3:26
not_found,LandsMaps ไม่พบโฉนด,9960,10_25_13536,10,25,13536,กรุงเทพมหานคร,บางพลัด,2,ห้องชุด/คอนโด,,,27.49,"13,492,135,361,353,700,000,000,000,000,000,000",7/11/2026 3:26
not_found,LandsMaps ไม่พบโฉนด,9960,10_25_13537,10,25,13537,กรุงเทพมหานคร,บางพลัด,2,ห้องชุด/คอนโด,,,27.49,"13,492,135,361,353,700,000,000,000,000,000,000",7/11/2026 3:26
not_found,LandsMaps ไม่พบโฉนด,9960,10_25_13538,10,25,13538,กรุงเทพมหานคร,บางพลัด,2,ห้องชุด/คอนโด,,,27.49,"13,492,135,361,353,700,000,000,000,000,000,000",7/11/2026 3:26
not_found,LandsMaps ไม่พบโฉนด,9960,10_25_13539,10,25,13539,กรุงเทพมหานคร,บางพลัด,2,ห้องชุด/คอนโด,,,27.49,"13,492,135,361,353,700,000,000,000,000,000,000",7/11/2026 3:26
not_found,LandsMaps ไม่พบโฉนด,9960,10_25_13540,10,25,13540,กรุงเทพมหานคร,บางพลัด,2,ห้องชุด/คอนโด,,,27.49,"13,492,135,361,353,700,000,000,000,000,000,000",7/11/2026 3:26
not_found,LandsMaps ไม่พบโฉนด,9960,10_25_13600,10,25,13600,กรุงเทพมหานคร,บางพลัด,2,ห้องชุด/คอนโด,,,27.49,"13,492,135,361,353,700,000,000,000,000,000,000",7/11/2026 3:26
not_found,LandsMaps ไม่พบโฉนด,9961,10_23_25790,10,23,25790,กรุงเทพมหานคร,หนองแขม,3,ที่ดิน+สิ่งปลูกสร้าง,,,19,25790,7/11/2026 3:26
not_found,LandsMaps ไม่พบโฉนด,9962,10_19_113483,10,19,113483,กรุงเทพมหานคร,ตลิ่งชัน,2,ห้องชุด/คอนโด,,,26.74,113483,7/11/2026 3:26
not_found,LandsMaps ไม่พบโฉนด,9963,10_23_37357,10,23,37357,กรุงเทพมหานคร,หนองแขม,3,ที่ดิน+สิ่งปลูกสร้าง,,,66.9,37357,7/11/2026 3:26
not_found,LandsMaps ไม่พบโฉนด,9964,10_25_12841,10,25,12841,กรุงเทพมหานคร,บางพลัด,3,ที่ดิน+สิ่งปลูกสร้าง,,,28,12841,7/11/2026 3:26
not_found,LandsMaps ไม่พบโฉนด,9965,10_23_24966,10,23,24966,กรุงเทพมหานคร,หนองแขม,3,ที่ดิน+สิ่งปลูกสร้าง,,,35.7,24966,7/11/2026 3:26
not_found,LandsMaps ไม่พบโฉนด,9966,10_23_29589,10,23,29589,กรุงเทพมหานคร,หนองแขม,3,ที่ดิน+สิ่งปลูกสร้าง,,,16,29589,7/11/2026 3:26
not_found,LandsMaps ไม่พบโฉนด,9967,10_19_86463,10,19,86463,กรุงเทพมหานคร,ตลิ่งชัน,3,ที่ดิน+สิ่งปลูกสร้าง,,,51,86463,7/11/2026 3:26
not_found,LandsMaps ไม่พบโฉนด,9968,10_20_1395,10,20,1395,กรุงเทพมหานคร,บางกอกน้อย,2,ห้องชุด/คอนโด,,,20.3,"139,548,577",7/11/2026 3:26
not_found,LandsMaps ไม่พบโฉนด,9968,10_20_48577,10,20,48577,กรุงเทพมหานคร,บางกอกน้อย,2,ห้องชุด/คอนโด,,,20.3,"139,548,577",7/11/2026 3:26
not_found,LandsMaps ไม่พบโฉนด,9969,10_20_3436,10,20,3436,กรุงเทพมหานคร,บางกอกน้อย(บางซื่อ),2,ห้องชุด/คอนโด,,,51,3436,7/11/2026 3:26
not_found,LandsMaps ไม่พบโฉนด,9970,10_19_46742,10,19,46742,กรุงเทพมหานคร,ตลิ่งชัน,3,ที่ดิน+สิ่งปลูกสร้าง,,,36,46742,7/11/2026 3:26
not_found,LandsMaps ไม่พบโฉนด,9971,10_19_44545,10,19,44545,กรุงเทพมหานคร,ตลิ่งชัน,3,ที่ดิน+สิ่งปลูกสร้าง,,,36,44545,7/11/2026 3:26
not_found,LandsMaps ไม่พบโฉนด,9972,10_25_3466,10,25,3466,กรุงเทพมหานคร,บางพลัด,2,ห้องชุด/คอนโด,,,25.28,"3466,3467,5618,6466-6470,7343,9208-9211,9241,9457-9462 ฯ",7/11/2026 3:26
not_found,LandsMaps ไม่พบโฉนด,9972,10_25_3467,10,25,3467,กรุงเทพมหานคร,บางพลัด,2,ห้องชุด/คอนโด,,,25.28,"3466,3467,5618,6466-6470,7343,9208-9211,9241,9457-9462 ฯ",7/11/2026 3:26
not_found,LandsMaps ไม่พบโฉนด,9972,10_25_5618,10,25,5618,กรุงเทพมหานคร,บางพลัด,2,ห้องชุด/คอนโด,,,25.28,"3466,3467,5618,6466-6470,7343,9208-9211,9241,9457-9462 ฯ",7/11/2026 3:27
not_found,LandsMaps ไม่พบโฉนด,9972,10_25_6466,10,25,6466,กรุงเทพมหานคร,บางพลัด,2,ห้องชุด/คอนโด,,,25.28,"3466,3467,5618,6466-6470,7343,9208-9211,9241,9457-9462 ฯ",7/11/2026 3:27
not_found,LandsMaps ไม่พบโฉนด,9972,10_25_6467,10,25,6467,กรุงเทพมหานคร,บางพลัด,2,ห้องชุด/คอนโด,,,25.28,"3466,3467,5618,6466-6470,7343,9208-9211,9241,9457-9462 ฯ",7/11/2026 3:27
not_found,LandsMaps ไม่พบโฉนด,9972,10_25_6468,10,25,6468,กรุงเทพมหานคร,บางพลัด,2,ห้องชุด/คอนโด,,,25.28,"3466,3467,5618,6466-6470,7343,9208-9211,9241,9457-9462 ฯ",7/11/2026 3:27
not_found,LandsMaps ไม่พบโฉนด,9972,10_25_6469,10,25,6469,กรุงเทพมหานคร,บางพลัด,2,ห้องชุด/คอนโด,,,25.28,"3466,3467,5618,6466-6470,7343,9208-9211,9241,9457-9462 ฯ",7/11/2026 3:27
not_found,LandsMaps ไม่พบโฉนด,9972,10_25_6470,10,25,6470,กรุงเทพมหานคร,บางพลัด,2,ห้องชุด/คอนโด,,,25.28,"3466,3467,5618,6466-6470,7343,9208-9211,9241,9457-9462 ฯ",7/11/2026 3:27
not_found,LandsMaps ไม่พบโฉนด,9972,10_25_7343,10,25,7343,กรุงเทพมหานคร,บางพลัด,2,ห้องชุด/คอนโด,,,25.28,"3466,3467,5618,6466-6470,7343,9208-9211,9241,9457-9462 ฯ",7/11/2026 3:27
not_found,LandsMaps ไม่พบโฉนด,9972,10_25_9208,10,25,9208,กรุงเทพมหานคร,บางพลัด,2,ห้องชุด/คอนโด,,,25.28,"3466,3467,5618,6466-6470,7343,9208-9211,9241,9457-9462 ฯ",7/11/2026 3:27
not_found,LandsMaps ไม่พบโฉนด,9972,10_25_9209,10,25,9209,กรุงเทพมหานคร,บางพลัด,2,ห้องชุด/คอนโด,,,25.28,"3466,3467,5618,6466-6470,7343,9208-9211,9241,9457-9462 ฯ",7/11/2026 3:27
not_found,LandsMaps ไม่พบโฉนด,9972,10_25_9210,10,25,9210,กรุงเทพมหานคร,บางพลัด,2,ห้องชุด/คอนโด,,,25.28,"3466,3467,5618,6466-6470,7343,9208-9211,9241,9457-9462 ฯ",7/11/2026 3:27
not_found,LandsMaps ไม่พบโฉนด,9972,10_25_9211,10,25,9211,กรุงเทพมหานคร,บางพลัด,2,ห้องชุด/คอนโด,,,25.28,"3466,3467,5618,6466-6470,7343,9208-9211,9241,9457-9462 ฯ",7/11/2026 3:27
not_found,LandsMaps ไม่พบโฉนด,9972,10_25_9241,10,25,9241,กรุงเทพมหานคร,บางพลัด,2,ห้องชุด/คอนโด,,,25.28,"3466,3467,5618,6466-6470,7343,9208-9211,9241,9457-9462 ฯ",7/11/2026 3:27
not_found,LandsMaps ไม่พบโฉนด,9972,10_25_9457,10,25,9457,กรุงเทพมหานคร,บางพลัด,2,ห้องชุด/คอนโด,,,25.28,"3466,3467,5618,6466-6470,7343,9208-9211,9241,9457-9462 ฯ",7/11/2026 3:27
not_found,LandsMaps ไม่พบโฉนด,9972,10_25_9458,10,25,9458,กรุงเทพมหานคร,บางพลัด,2,ห้องชุด/คอนโด,,,25.28,"3466,3467,5618,6466-6470,7343,9208-9211,9241,9457-9462 ฯ",7/11/2026 3:27
not_found,LandsMaps ไม่พบโฉนด,9972,10_25_9459,10,25,9459,กรุงเทพมหานคร,บางพลัด,2,ห้องชุด/คอนโด,,,25.28,"3466,3467,5618,6466-6470,7343,9208-9211,9241,9457-9462 ฯ",7/11/2026 3:27
not_found,LandsMaps ไม่พบโฉนด,9972,10_25_9460,10,25,9460,กรุงเทพมหานคร,บางพลัด,2,ห้องชุด/คอนโด,,,25.28,"3466,3467,5618,6466-6470,7343,9208-9211,9241,9457-9462 ฯ",7/11/2026 3:27
not_found,LandsMaps ไม่พบโฉนด,9972,10_25_9461,10,25,9461,กรุงเทพมหานคร,บางพลัด,2,ห้องชุด/คอนโด,,,25.28,"3466,3467,5618,6466-6470,7343,9208-9211,9241,9457-9462 ฯ",7/11/2026 3:27
not_found,LandsMaps ไม่พบโฉนด,9972,10_25_9462,10,25,9462,กรุงเทพมหานคร,บางพลัด,2,ห้องชุด/คอนโด,,,25.28,"3466,3467,5618,6466-6470,7343,9208-9211,9241,9457-9462 ฯ",7/11/2026 3:27
not_found,LandsMaps ไม่พบโฉนด,9973,10_20_10324,10,20,10324,กรุงเทพมหานคร,บางกอกน้อย,3,ที่ดิน+สิ่งปลูกสร้าง,,,53,10324,7/11/2026 3:27
not_found,LandsMaps ไม่พบโฉนด,9974,10_14_2346,10,14,2346,กรุงเทพมหานคร,พญาไท,2,ห้องชุด/คอนโด,,,43.16,"2346, 32655, 59367, 59368",7/11/2026 3:27
not_found,LandsMaps ไม่พบโฉนด,9974,10_14_32655,10,14,32655,กรุงเทพมหานคร,พญาไท,2,ห้องชุด/คอนโด,,,43.16,"2346, 32655, 59367, 59368",7/11/2026 3:27
not_found,LandsMaps ไม่พบโฉนด,9974,10_14_59367,10,14,59367,กรุงเทพมหานคร,พญาไท,2,ห้องชุด/คอนโด,,,43.16,"2346, 32655, 59367, 59368",7/11/2026 3:27
not_found,LandsMaps ไม่พบโฉนด,9974,10_14_59368,10,14,59368,กรุงเทพมหานคร,พญาไท,2,ห้องชุด/คอนโด,,,43.16,"2346, 32655, 59367, 59368",7/11/2026 3:27
not_found,LandsMaps ไม่พบโฉนด,9975,10_23_64133,10,23,64133,กรุงเทพมหานคร,หนองแขม,3,ที่ดิน+สิ่งปลูกสร้าง,,,90,64133,7/11/2026 3:27
not_found,LandsMaps ไม่พบโฉนด,9976,10_48_6602,10,48,6602,กรุงเทพมหานคร,ทวีวัฒนา,3,ที่ดิน+สิ่งปลูกสร้าง,,1,0.2,6602,7/11/2026 3:27
not_found,LandsMaps ไม่พบโฉนด,9977,10_37_3188,10,37,3188,กรุงเทพมหานคร,ราชเทวี,2,ห้องชุด/คอนโด,,,25.14,"3188,3189,3190,3191,3192,3193,3195,3196,3197ฯ",7/11/2026 3:27
not_found,LandsMaps ไม่พบโฉนด,9977,10_37_3189,10,37,3189,กรุงเทพมหานคร,ราชเทวี,2,ห้องชุด/คอนโด,,,25.14,"3188,3189,3190,3191,3192,3193,3195,3196,3197ฯ",7/11/2026 3:27
not_found,LandsMaps ไม่พบโฉนด,9977,10_37_3190,10,37,3190,กรุงเทพมหานคร,ราชเทวี,2,ห้องชุด/คอนโด,,,25.14,"3188,3189,3190,3191,3192,3193,3195,3196,3197ฯ",7/11/2026 3:27
not_found,LandsMaps ไม่พบโฉนด,9977,10_37_3191,10,37,3191,กรุงเทพมหานคร,ราชเทวี,2,ห้องชุด/คอนโด,,,25.14,"3188,3189,3190,3191,3192,3193,3195,3196,3197ฯ",7/11/2026 3:27
not_found,LandsMaps ไม่พบโฉนด,9977,10_37_3192,10,37,3192,กรุงเทพมหานคร,ราชเทวี,2,ห้องชุด/คอนโด,,,25.14,"3188,3189,3190,3191,3192,3193,3195,3196,3197ฯ",7/11/2026 3:27
not_found,LandsMaps ไม่พบโฉนด,9977,10_37_3193,10,37,3193,กรุงเทพมหานคร,ราชเทวี,2,ห้องชุด/คอนโด,,,25.14,"3188,3189,3190,3191,3192,3193,3195,3196,3197ฯ",7/11/2026 3:27
not_found,LandsMaps ไม่พบโฉนด,9977,10_37_3195,10,37,3195,กรุงเทพมหานคร,ราชเทวี,2,ห้องชุด/คอนโด,,,25.14,"3188,3189,3190,3191,3192,3193,3195,3196,3197ฯ",7/11/2026 3:27
not_found,LandsMaps ไม่พบโฉนด,9977,10_37_3196,10,37,3196,กรุงเทพมหานคร,ราชเทวี,2,ห้องชุด/คอนโด,,,25.14,"3188,3189,3190,3191,3192,3193,3195,3196,3197ฯ",7/11/2026 3:27
not_found,LandsMaps ไม่พบโฉนด,9977,10_37_3197,10,37,3197,กรุงเทพมหานคร,ราชเทวี,2,ห้องชุด/คอนโด,,,25.14,"3188,3189,3190,3191,3192,3193,3195,3196,3197ฯ",7/11/2026 3:27
not_found,LandsMaps ไม่พบโฉนด,9978,10_37_1195,10,37,1195,กรุงเทพมหานคร,ราชเทวี,2,ห้องชุด/คอนโด,,,39.47,1195,7/11/2026 3:27
not_found,LandsMaps ไม่พบโฉนด,9979,10_23_11867,10,23,11867,กรุงเทพมหานคร,หนองแขม,1,ที่ดินเปล่า,2,,39,11867,7/11/2026 3:27
not_found,LandsMaps ไม่พบโฉนด,9980,10_25_14044,10,25,14044,กรุงเทพมหานคร,บางพลัด,2,ห้องชุด/คอนโด,,,19.55,"1,404,410,501,059",7/11/2026 3:27
not_found,LandsMaps ไม่พบโฉนด,9980,10_25_1050,10,25,1050,กรุงเทพมหานคร,บางพลัด,2,ห้องชุด/คอนโด,,,19.55,"1,404,410,501,059",7/11/2026 3:27
not_found,LandsMaps ไม่พบโฉนด,9980,10_25_1059,10,25,1059,กรุงเทพมหานคร,บางพลัด,2,ห้องชุด/คอนโด,,,19.55,"1,404,410,501,059",7/11/2026 3:27
not_found,LandsMaps ไม่พบโฉนด,9981,10_48_16718,10,48,16718,กรุงเทพมหานคร,ทวีวัฒนา,1,ที่ดินเปล่า,,,99,16718,7/11/2026 3:27
not_found,LandsMaps ไม่พบโฉนด,9982,10_16_510,10,16,510,กรุงเทพมหานคร,บางกอกใหญ่,2,ห้องชุด/คอนโด,,,32.14,"510,3556,5104-5,5107,6376,8478,8866,8869-71,22911-3 ฯลฯ",7/11/2026 3:27
not_found,LandsMaps ไม่พบโฉนด,9982,10_16_3556,10,16,3556,กรุงเทพมหานคร,บางกอกใหญ่,2,ห้องชุด/คอนโด,,,32.14,"510,3556,5104-5,5107,6376,8478,8866,8869-71,22911-3 ฯลฯ",7/11/2026 3:27
not_found,LandsMaps ไม่พบโฉนด,9982,10_16_5104,10,16,5104,กรุงเทพมหานคร,บางกอกใหญ่,2,ห้องชุด/คอนโด,,,32.14,"510,3556,5104-5,5107,6376,8478,8866,8869-71,22911-3 ฯลฯ",7/11/2026 3:27
not_found,LandsMaps ไม่พบโฉนด,9982,10_16_5105,10,16,5105,กรุงเทพมหานคร,บางกอกใหญ่,2,ห้องชุด/คอนโด,,,32.14,"510,3556,5104-5,5107,6376,8478,8866,8869-71,22911-3 ฯลฯ",7/11/2026 3:27
not_found,LandsMaps ไม่พบโฉนด,9982,10_16_5107,10,16,5107,กรุงเทพมหานคร,บางกอกใหญ่,2,ห้องชุด/คอนโด,,,32.14,"510,3556,5104-5,5107,6376,8478,8866,8869-71,22911-3 ฯลฯ",7/11/2026 3:27
not_found,LandsMaps ไม่พบโฉนด,9982,10_16_6376,10,16,6376,กรุงเทพมหานคร,บางกอกใหญ่,2,ห้องชุด/คอนโด,,,32.14,"510,3556,5104-5,5107,6376,8478,8866,8869-71,22911-3 ฯลฯ",7/11/2026 3:27
not_found,LandsMaps ไม่พบโฉนด,9982,10_16_8478,10,16,8478,กรุงเทพมหานคร,บางกอกใหญ่,2,ห้องชุด/คอนโด,,,32.14,"510,3556,5104-5,5107,6376,8478,8866,8869-71,22911-3 ฯลฯ",7/11/2026 3:27
not_found,LandsMaps ไม่พบโฉนด,9982,10_16_8866,10,16,8866,กรุงเทพมหานคร,บางกอกใหญ่,2,ห้องชุด/คอนโด,,,32.14,"510,3556,5104-5,5107,6376,8478,8866,8869-71,22911-3 ฯลฯ",7/11/2026 3:27
not_found,LandsMaps ไม่พบโฉนด,9982,10_16_8869,10,16,8869,กรุงเทพมหานคร,บางกอกใหญ่,2,ห้องชุด/คอนโด,,,32.14,"510,3556,5104-5,5107,6376,8478,8866,8869-71,22911-3 ฯลฯ",7/11/2026 3:27
not_found,LandsMaps ไม่พบโฉนด,9982,10_16_8870,10,16,8870,กรุงเทพมหานคร,บางกอกใหญ่,2,ห้องชุด/คอนโด,,,32.14,"510,3556,5104-5,5107,6376,8478,8866,8869-71,22911-3 ฯลฯ",7/11/2026 3:27
not_found,LandsMaps ไม่พบโฉนด,9982,10_16_8871,10,16,8871,กรุงเทพมหานคร,บางกอกใหญ่,2,ห้องชุด/คอนโด,,,32.14,"510,3556,5104-5,5107,6376,8478,8866,8869-71,22911-3 ฯลฯ",7/11/2026 3:27
not_found,LandsMaps ไม่พบโฉนด,9982,10_16_22911,10,16,22911,กรุงเทพมหานคร,บางกอกใหญ่,2,ห้องชุด/คอนโด,,,32.14,"510,3556,5104-5,5107,6376,8478,8866,8869-71,22911-3 ฯลฯ",7/11/2026 3:27
not_found,LandsMaps ไม่พบโฉนด,9982,10_16_22912,10,16,22912,กรุงเทพมหานคร,บางกอกใหญ่,2,ห้องชุด/คอนโด,,,32.14,"510,3556,5104-5,5107,6376,8478,8866,8869-71,22911-3 ฯลฯ",7/11/2026 3:27
not_found,LandsMaps ไม่พบโฉนด,9982,10_16_22913,10,16,22913,กรุงเทพมหานคร,บางกอกใหญ่,2,ห้องชุด/คอนโด,,,32.14,"510,3556,5104-5,5107,6376,8478,8866,8869-71,22911-3 ฯลฯ",7/11/2026 3:27
not_found,LandsMaps ไม่พบโฉนด,9983,10_19_52650,10,19,52650,กรุงเทพมหานคร,ตลิ่งชัน,3,ที่ดิน+สิ่งปลูกสร้าง,,,42,52650,7/11/2026 3:27
not_found,LandsMaps ไม่พบโฉนด,9984,10_16_899,10,16,899,กรุงเทพมหานคร,บางกอกใหญ่,2,ห้องชุด/คอนโด,,,25.9,"89,934,723",7/11/2026 3:27
not_found,LandsMaps ไม่พบโฉนด,9984,10_16_34723,10,16,34723,กรุงเทพมหานคร,บางกอกใหญ่,2,ห้องชุด/คอนโด,,,25.9,"89,934,723",7/11/2026 3:27
not_found,LandsMaps ไม่พบโฉนด,9985,10_19_113446,10,19,113446,กรุงเทพมหานคร,ตลิ่งชัน,3,ที่ดิน+สิ่งปลูกสร้าง,,,65,113446,7/11/2026 3:27
not_found,LandsMaps ไม่พบโฉนด,9986,10_20_49553,10,20,49553,กรุงเทพมหานคร,บางกอกน้อย,3,ที่ดิน+สิ่งปลูกสร้าง,,,20,49553,7/11/2026 3:27
not_found,LandsMaps ไม่พบโฉนด,9987,10_16_33890,10,16,33890,กรุงเทพมหานคร,บางกอกใหญ่,3,ที่ดิน+สิ่งปลูกสร้าง,,,21.3,33890,7/11/2026 3:27
not_found,LandsMaps ไม่พบโฉนด,9988,10_20_2533,10,20,2533,กรุงเทพมหานคร,บางกอกน้อย,2,ห้องชุด/คอนโด,,,33.52,"2,533,534,546,651,460,000,000,000,000",7/11/2026 3:27
not_found,LandsMaps ไม่พบโฉนด,9988,10_20_5345,10,20,5345,กรุงเทพมหานคร,บางกอกน้อย,2,ห้องชุด/คอนโด,,,33.52,"2,533,534,546,651,460,000,000,000,000",7/11/2026 3:27
not_found,LandsMaps ไม่พบโฉนด,9988,10_20_46651,10,20,46651,กรุงเทพมหานคร,บางกอกน้อย,2,ห้องชุด/คอนโด,,,33.52,"2,533,534,546,651,460,000,000,000,000",7/11/2026 3:27
not_found,LandsMaps ไม่พบโฉนด,9988,10_20_46552,10,20,46552,กรุงเทพมหานคร,บางกอกน้อย,2,ห้องชุด/คอนโด,,,33.52,"2,533,534,546,651,460,000,000,000,000",7/11/2026 3:27
not_found,LandsMaps ไม่พบโฉนด,9988,10_20_46739,10,20,46739,กรุงเทพมหานคร,บางกอกน้อย,2,ห้องชุด/คอนโด,,,33.52,"2,533,534,546,651,460,000,000,000,000",7/11/2026 3:27
not_found,LandsMaps ไม่พบโฉนด,9988,10_20_61974,10,20,61974,กรุงเทพมหานคร,บางกอกน้อย,2,ห้องชุด/คอนโด,,,33.52,"2,533,534,546,651,460,000,000,000,000",7/11/2026 3:27
not_found,LandsMaps ไม่พบโฉนด,9989,10_23_3868,10,23,3868,กรุงเทพมหานคร,หนองแขม,2,ห้องชุด/คอนโด,,,11.83,3868,7/11/2026 3:27
not_found,LandsMaps ไม่พบโฉนด,9990,10_23_3868,10,23,3868,กรุงเทพมหานคร,หนองแขม,2,ห้องชุด/คอนโด,,,12.17,3868,7/11/2026 3:27
not_found,LandsMaps ไม่พบโฉนด,9991,10_23_3868,10,23,3868,กรุงเทพมหานคร,หนองแขม,2,ห้องชุด/คอนโด,,,12.11,3868,7/11/2026 3:27
not_found,LandsMaps ไม่พบโฉนด,9992,10_23_2978,10,23,2978,กรุงเทพมหานคร,หนองแขม,2,ห้องชุด/คอนโด,,,24.6,2978,7/11/2026 3:27
not_found,LandsMaps ไม่พบโฉนด,9993,10_23_3868,10,23,3868,กรุงเทพมหานคร,หนองแขม,2,ห้องชุด/คอนโด,,,11.55,3868,7/11/2026 3:27
not_found,LandsMaps ไม่พบโฉนด,9994,10_23_3868,10,23,3868,กรุงเทพมหานคร,หนองแขม,2,ห้องชุด/คอนโด,,,12.1,3868,7/11/2026 3:27
not_found,LandsMaps ไม่พบโฉนด,9995,10_23_3868,10,23,3868,กรุงเทพมหานคร,หนองแขม,2,ห้องชุด/คอนโด,,,12.23,3868,7/11/2026 3:27
not_found,LandsMaps ไม่พบโฉนด,9996,10_25_13879,10,25,13879,กรุงเทพมหานคร,บางพลัด,2,ห้องชุด/คอนโด,,,28.13,"138,791,388,013,881",7/11/2026 3:27
not_found,LandsMaps ไม่พบโฉนด,9996,10_25_13880,10,25,13880,กรุงเทพมหานคร,บางพลัด,2,ห้องชุด/คอนโด,,,28.13,"138,791,388,013,881",7/11/2026 3:27
not_found,LandsMaps ไม่พบโฉนด,9996,10_25_13881,10,25,13881,กรุงเทพมหานคร,บางพลัด,2,ห้องชุด/คอนโด,,,28.13,"138,791,388,013,881",7/11/2026 3:27
not_found,LandsMaps ไม่พบโฉนด,9997,10_23_2919,10,23,2919,กรุงเทพมหานคร,หนองแขม,3,ที่ดิน+สิ่งปลูกสร้าง,,,19.6,2919,7/11/2026 3:27
not_found,LandsMaps ไม่พบโฉนด,9998,10_25_1062,10,25,1062,กรุงเทพมหานคร,บางพลัด,2,ห้องชุด/คอนโด,,,25.99,1062,7/11/2026 3:27
not_found,LandsMaps ไม่พบโฉนด,9999,10_23_5770,10,23,5770,กรุงเทพมหานคร,หนองแขม,3,ที่ดิน+สิ่งปลูกสร้าง,,,16,5770,7/11/2026 3:27
not_found,LandsMaps ไม่พบโฉนด,10000,10_20_3437,10,20,3437,กรุงเทพมหานคร,บางกอกน้อย,2,ห้องชุด/คอนโด,,,32.81,3437,7/11/2026 3:27
not_found,LandsMaps ไม่พบโฉนด,10001,10_20_2550,10,20,2550,กรุงเทพมหานคร,บางกอกน้อย,2,ห้องชุด/คอนโด,,,28.39,"2550, 44864",7/11/2026 3:27
not_found,LandsMaps ไม่พบโฉนด,10001,10_20_44864,10,20,44864,กรุงเทพมหานคร,บางกอกน้อย,2,ห้องชุด/คอนโด,,,28.39,"2550, 44864",7/11/2026 3:27
not_found,LandsMaps ไม่พบโฉนด,10002,10_19_58315,10,19,58315,กรุงเทพมหานคร,ตลิ่งชัน,3,ที่ดิน+สิ่งปลูกสร้าง,,,40,58315,7/11/2026 3:27
not_found,LandsMaps ไม่พบโฉนด,10103,10_16_11101,10,16,11101,กรุงเทพมหานคร,บางกอกใหญ่,3,ที่ดิน+สิ่งปลูกสร้าง,,,62,11101,7/11/2026 3:27
not_found,LandsMaps ไม่พบโฉนด,10104,10_19_113483,10,19,113483,กรุงเทพมหานคร,ตลิ่งชัน,2,ห้องชุด/คอนโด,,,25.97,113483,7/11/2026 3:27
not_found,LandsMaps ไม่พบโฉนด,10105,10_23_36237,10,23,36237,กรุงเทพมหานคร,หนองแขม,3,ที่ดิน+สิ่งปลูกสร้าง,,,58.1,36237,7/11/2026 3:27
not_found,LandsMaps ไม่พบโฉนด,10106,10_37_2995,10,37,2995,กรุงเทพมหานคร,ราชเทวี,2,ห้องชุด/คอนโด,,,30.61,2995,7/11/2026 3:27
not_found,LandsMaps ไม่พบโฉนด,10107,10_25_14042,10,25,14042,กรุงเทพมหานคร,บางพลัด,2,ห้องชุด/คอนโด,,,18.36,14042,7/11/2026 3:27
not_found,LandsMaps ไม่พบโฉนด,10108,10_19_27419,10,19,27419,กรุงเทพมหานคร,ตลิ่งชัน,3,ที่ดิน+สิ่งปลูกสร้าง,,,61,27419,7/11/2026 3:28
not_found,LandsMaps ไม่พบโฉนด,10109,10_23_59276,10,23,59276,กรุงเทพมหานคร,หนองแขม (ภาษีเจริญ),3,ที่ดิน+สิ่งปลูกสร้าง,,1,,59276,7/11/2026 3:28
not_found,LandsMaps ไม่พบโฉนด,10110,10_20_31781,10,20,31781,กรุงเทพมหานคร,บางกอกน้อย,3,ที่ดิน+สิ่งปลูกสร้าง,,,12.3,31781,7/11/2026 3:28
not_found,LandsMaps ไม่พบโฉนด,10111,10_16_23556,10,16,23556,กรุงเทพมหานคร,บางกอกใหญ่,3,ที่ดิน+สิ่งปลูกสร้าง,,,27,23556,7/11/2026 3:28
not_found,LandsMaps ไม่พบโฉนด,10112,10_25_355,10,25,355,กรุงเทพมหานคร,บางพลัด,2,ห้องชุด/คอนโด,,,27,"355,1704,1706,2696,5527,5528,5746,6016,10523,11485-6 ฯลฯ",7/11/2026 3:28
not_found,LandsMaps ไม่พบโฉนด,10112,10_25_1704,10,25,1704,กรุงเทพมหานคร,บางพลัด,2,ห้องชุด/คอนโด,,,27,"355,1704,1706,2696,5527,5528,5746,6016,10523,11485-6 ฯลฯ",7/11/2026 3:28
not_found,LandsMaps ไม่พบโฉนด,10112,10_25_1706,10,25,1706,กรุงเทพมหานคร,บางพลัด,2,ห้องชุด/คอนโด,,,27,"355,1704,1706,2696,5527,5528,5746,6016,10523,11485-6 ฯลฯ",7/11/2026 3:28
not_found,LandsMaps ไม่พบโฉนด,10112,10_25_2696,10,25,2696,กรุงเทพมหานคร,บางพลัด,2,ห้องชุด/คอนโด,,,27,"355,1704,1706,2696,5527,5528,5746,6016,10523,11485-6 ฯลฯ",7/11/2026 3:28
not_found,LandsMaps ไม่พบโฉนด,10112,10_25_5527,10,25,5527,กรุงเทพมหานคร,บางพลัด,2,ห้องชุด/คอนโด,,,27,"355,1704,1706,2696,5527,5528,5746,6016,10523,11485-6 ฯลฯ",7/11/2026 3:28
not_found,LandsMaps ไม่พบโฉนด,10112,10_25_5528,10,25,5528,กรุงเทพมหานคร,บางพลัด,2,ห้องชุด/คอนโด,,,27,"355,1704,1706,2696,5527,5528,5746,6016,10523,11485-6 ฯลฯ",7/11/2026 3:28
not_found,LandsMaps ไม่พบโฉนด,10112,10_25_5746,10,25,5746,กรุงเทพมหานคร,บางพลัด,2,ห้องชุด/คอนโด,,,27,"355,1704,1706,2696,5527,5528,5746,6016,10523,11485-6 ฯลฯ",7/11/2026 3:28
not_found,LandsMaps ไม่พบโฉนด,10112,10_25_6016,10,25,6016,กรุงเทพมหานคร,บางพลัด,2,ห้องชุด/คอนโด,,,27,"355,1704,1706,2696,5527,5528,5746,6016,10523,11485-6 ฯลฯ",7/11/2026 3:28
not_found,LandsMaps ไม่พบโฉนด,10112,10_25_10523,10,25,10523,กรุงเทพมหานคร,บางพลัด,2,ห้องชุด/คอนโด,,,27,"355,1704,1706,2696,5527,5528,5746,6016,10523,11485-6 ฯลฯ",7/11/2026 3:28
not_found,LandsMaps ไม่พบโฉนด,10112,10_25_11485,10,25,11485,กรุงเทพมหานคร,บางพลัด,2,ห้องชุด/คอนโด,,,27,"355,1704,1706,2696,5527,5528,5746,6016,10523,11485-6 ฯลฯ",7/11/2026 3:28
not_found,LandsMaps ไม่พบโฉนด,10112,10_25_11486,10,25,11486,กรุงเทพมหานคร,บางพลัด,2,ห้องชุด/คอนโด,,,27,"355,1704,1706,2696,5527,5528,5746,6016,10523,11485-6 ฯลฯ",7/11/2026 3:28
not_found,LandsMaps ไม่พบโฉนด,10113,10_23_3868,10,23,3868,กรุงเทพมหานคร,หนองแขม,2,ห้องชุด/คอนโด,,,13.94,3868,7/11/2026 3:28
not_found,LandsMaps ไม่พบโฉนด,10114,10_23_25505,10,23,25505,กรุงเทพมหานคร,หนองแขม,2,ห้องชุด/คอนโด,,,34.98,25505,7/11/2026 3:28
not_found,LandsMaps ไม่พบโฉนด,10115,10_19_18124,10,19,18124,กรุงเทพมหานคร,ตลิ่งชัน,2,ห้องชุด/คอนโด,,,24.51,"1,812,489,092,890,930,000,000,000",7/11/2026 3:28
not_found,LandsMaps ไม่พบโฉนด,10115,10_19_89092,10,19,89092,กรุงเทพมหานคร,ตลิ่งชัน,2,ห้องชุด/คอนโด,,,24.51,"1,812,489,092,890,930,000,000,000",7/11/2026 3:28
not_found,LandsMaps ไม่พบโฉนด,10115,10_19_89093,10,19,89093,กรุงเทพมหานคร,ตลิ่งชัน,2,ห้องชุด/คอนโด,,,24.51,"1,812,489,092,890,930,000,000,000",7/11/2026 3:28
not_found,LandsMaps ไม่พบโฉนด,10115,10_19_89094,10,19,89094,กรุงเทพมหานคร,ตลิ่งชัน,2,ห้องชุด/คอนโด,,,24.51,"1,812,489,092,890,930,000,000,000",7/11/2026 3:28
not_found,LandsMaps ไม่พบโฉนด,10115,10_19_89095,10,19,89095,กรุงเทพมหานคร,ตลิ่งชัน,2,ห้องชุด/คอนโด,,,24.51,"1,812,489,092,890,930,000,000,000",7/11/2026 3:28
not_found,LandsMaps ไม่พบโฉนด,10116,10_20_3436,10,20,3436,กรุงเทพมหานคร,บางกอกน้อย,2,ห้องชุด/คอนโด,,,33.85,3436,7/11/2026 3:28
not_found,LandsMaps ไม่พบโฉนด,10117,10_25_1221,10,25,1221,กรุงเทพมหานคร,บางพลัด,3,ที่ดิน+สิ่งปลูกสร้าง,,,12.5,1221,7/11/2026 3:28
not_found,LandsMaps ไม่พบโฉนด,10118,10_23_125649,10,23,125649,กรุงเทพมหานคร,หนองแขม(ภาษีเจริญ),3,ที่ดิน+สิ่งปลูกสร้าง,,,16,125649,7/11/2026 3:28
not_found,LandsMaps ไม่พบโฉนด,10119,10_23_111934,10,23,111934,กรุงเทพมหานคร,หนองแขม (ภาษีเจริญ),3,ที่ดิน+สิ่งปลูกสร้าง,,,26.2,111934,7/11/2026 3:28
not_found,LandsMaps ไม่พบโฉนด,10120,10_16_3880,10,16,3880,กรุงเทพมหานคร,บางกอกใหญ่,2,ห้องชุด/คอนโด,,,26.39,"38,804,425",7/11/2026 3:28
not_found,LandsMaps ไม่พบโฉนด,10120,10_16_4425,10,16,4425,กรุงเทพมหานคร,บางกอกใหญ่,2,ห้องชุด/คอนโด,,,26.39,"38,804,425",7/11/2026 3:28
not_found,LandsMaps ไม่พบโฉนด,10121,10_19_71142,10,19,71142,กรุงเทพมหานคร,ตลิ่งชัน,3,ที่ดิน+สิ่งปลูกสร้าง,,,16,71142,7/11/2026 3:28
not_found,LandsMaps ไม่พบโฉนด,10122,10_23_93296,10,23,93296,กรุงเทพมหานคร,หนองแขม,3,ที่ดิน+สิ่งปลูกสร้าง,,,17,93296,7/11/2026 3:28
not_found,LandsMaps ไม่พบโฉนด,10123,10_02_584,10,2,584,กรุงเทพมหานคร,ดุสิต,2,ห้องชุด/คอนโด,,,44.39,584,7/11/2026 3:28
not_found,LandsMaps ไม่พบโฉนด,10124,10_19_63419,10,19,63419,กรุงเทพมหานคร,ตลิ่งชัน,3,ที่ดิน+สิ่งปลูกสร้าง,,,17.4,63419,7/11/2026 3:28
not_found,LandsMaps ไม่พบโฉนด,10125,10_16_26928,10,16,26928,กรุงเทพมหานคร,บางกอกใหญ่,3,ที่ดิน+สิ่งปลูกสร้าง,,,16.2,26928,7/11/2026 3:28
not_found,LandsMaps ไม่พบโฉนด,10126,10_23_16982,10,23,16982,กรุงเทพมหานคร,หนองแขม,1,ที่ดินเปล่า,,1,72.6,16982,7/11/2026 3:28
not_found,LandsMaps ไม่พบโฉนด,10127,10_25_3412,10,25,3412,กรุงเทพมหานคร,บางพลัด,2,ห้องชุด/คอนโด,,,23.34,"341,234,131,336,713,000,000,000,000,000,000",7/11/2026 3:28
not_found,LandsMaps ไม่พบโฉนด,10127,10_25_3413,10,25,3413,กรุงเทพมหานคร,บางพลัด,2,ห้องชุด/คอนโด,,,23.34,"341,234,131,336,713,000,000,000,000,000,000",7/11/2026 3:28
not_found,LandsMaps ไม่พบโฉนด,10127,10_25_13367,10,25,13367,กรุงเทพมหานคร,บางพลัด,2,ห้องชุด/คอนโด,,,23.34,"341,234,131,336,713,000,000,000,000,000,000",7/11/2026 3:28
not_found,LandsMaps ไม่พบโฉนด,10127,10_25_13397,10,25,13397,กรุงเทพมหานคร,บางพลัด,2,ห้องชุด/คอนโด,,,23.34,"341,234,131,336,713,000,000,000,000,000,000",7/11/2026 3:28
not_found,LandsMaps ไม่พบโฉนด,10127,10_25_13398,10,25,13398,กรุงเทพมหานคร,บางพลัด,2,ห้องชุด/คอนโด,,,23.34,"341,234,131,336,713,000,000,000,000,000,000",7/11/2026 3:28
not_found,LandsMaps ไม่พบโฉนด,10127,10_25_13399,10,25,13399,กรุงเทพมหานคร,บางพลัด,2,ห้องชุด/คอนโด,,,23.34,"341,234,131,336,713,000,000,000,000,000,000",7/11/2026 3:28
not_found,LandsMaps ไม่พบโฉนด,10127,10_25_13496,10,25,13496,กรุงเทพมหานคร,บางพลัด,2,ห้องชุด/คอนโด,,,23.34,"341,234,131,336,713,000,000,000,000,000,000",7/11/2026 3:28
not_found,LandsMaps ไม่พบโฉนด,10128,10_20_39040,10,20,39040,กรุงเทพมหานคร,บางกอกน้อย,3,ที่ดิน+สิ่งปลูกสร้าง,,,24,39040,7/11/2026 3:28
not_found,LandsMaps ไม่พบโฉนด,10129,10_16_328,10,16,328,กรุงเทพมหานคร,บางกอกใหญ่,2,ห้องชุด/คอนโด,,,23.56,"3,283,303,439",7/11/2026 3:28
not_found,LandsMaps ไม่พบโฉนด,10129,10_16_330,10,16,330,กรุงเทพมหานคร,บางกอกใหญ่,2,ห้องชุด/คอนโด,,,23.56,"3,283,303,439",7/11/2026 3:28
not_found,LandsMaps ไม่พบโฉนด,10129,10_16_3439,10,16,3439,กรุงเทพมหานคร,บางกอกใหญ่,2,ห้องชุด/คอนโด,,,23.56,"3,283,303,439",7/11/2026 3:28
not_found,LandsMaps ไม่พบโฉนด,10130,10_20_37455,10,20,37455,กรุงเทพมหานคร,บางกอกน้อย,3,ที่ดิน+สิ่งปลูกสร้าง,,,23.8,37455,7/11/2026 3:28
not_found,LandsMaps ไม่พบโฉนด,10131,10_25_14819,10,25,14819,กรุงเทพมหานคร,บางพลัด,3,ที่ดิน+สิ่งปลูกสร้าง,,,18.9,14819,7/11/2026 3:28
not_found,LandsMaps ไม่พบโฉนด,10132,10_20_49583,10,20,49583,กรุงเทพมหานคร,บางกอกน้อย,2,ห้องชุด/คอนโด,,,25.12,"495,834,972,050,252",7/11/2026 3:28
not_found,LandsMaps ไม่พบโฉนด,10132,10_20_49720,10,20,49720,กรุงเทพมหานคร,บางกอกน้อย,2,ห้องชุด/คอนโด,,,25.12,"495,834,972,050,252",7/11/2026 3:28
not_found,LandsMaps ไม่พบโฉนด,10132,10_20_50252,10,20,50252,กรุงเทพมหานคร,บางกอกน้อย,2,ห้องชุด/คอนโด,,,25.12,"495,834,972,050,252",7/11/2026 3:28
not_found,LandsMaps ไม่พบโฉนด,10133,10_23_69085,10,23,69085,กรุงเทพมหานคร,หนองแขม,3,ที่ดิน+สิ่งปลูกสร้าง,,,16,69085,7/11/2026 3:28
not_found,LandsMaps ไม่พบโฉนด,10134,10_48_19268,10,48,19268,กรุงเทพมหานคร,ทวีวัฒนา,1,ที่ดินเปล่า,,1,,19268,7/11/2026 3:28
not_found,LandsMaps ไม่พบโฉนด,10135,10_25_14043,10,25,14043,กรุงเทพมหานคร,บางพลัด,2,ห้องชุด/คอนโด,,,19.75,14043,7/11/2026 3:28
not_found,LandsMaps ไม่พบโฉนด,10136,10_20_28296,10,20,28296,กรุงเทพมหานคร,บางกอกน้อย,3,ที่ดิน+สิ่งปลูกสร้าง,,,18,28296,7/11/2026 3:28
not_found,LandsMaps ไม่พบโฉนด,10137,10_19_45157,10,19,45157,กรุงเทพมหานคร,ตลิ่งชัน,3,ที่ดิน+สิ่งปลูกสร้าง,,,76,45157,7/11/2026 3:28
not_found,LandsMaps ไม่พบโฉนด,10138,10_23_21858,10,23,21858,กรุงเทพมหานคร,หนองแขม,3,ที่ดิน+สิ่งปลูกสร้าง,,,21.9,21858,7/11/2026 3:28
not_found,LandsMaps ไม่พบโฉนด,10139,10_25_5590,10,25,5590,กรุงเทพมหานคร,บางพลัด,2,ห้องชุด/คอนโด,,,34.41,"559,012,470",7/11/2026 3:28
not_found,LandsMaps ไม่พบโฉนด,10139,10_25_12470,10,25,12470,กรุงเทพมหานคร,บางพลัด,2,ห้องชุด/คอนโด,,,34.41,"559,012,470",7/11/2026 3:28
not_found,LandsMaps ไม่พบโฉนด,10140,10_16_2977,10,16,2977,กรุงเทพมหานคร,บางกอกใหญ่,2,ห้องชุด/คอนโด,,,24.01,"2977, 7225,13201, 13558, 18944, 19330, 27910, 28416 ฯ",7/11/2026 3:28
not_found,LandsMaps ไม่พบโฉนด,10140,10_16_7225,10,16,7225,กรุงเทพมหานคร,บางกอกใหญ่,2,ห้องชุด/คอนโด,,,24.01,"2977, 7225,13201, 13558, 18944, 19330, 27910, 28416 ฯ",7/11/2026 3:28
not_found,LandsMaps ไม่พบโฉนด,10140,10_16_13201,10,16,13201,กรุงเทพมหานคร,บางกอกใหญ่,2,ห้องชุด/คอนโด,,,24.01,"2977, 7225,13201, 13558, 18944, 19330, 27910, 28416 ฯ",7/11/2026 3:28
not_found,LandsMaps ไม่พบโฉนด,10140,10_16_13558,10,16,13558,กรุงเทพมหานคร,บางกอกใหญ่,2,ห้องชุด/คอนโด,,,24.01,"2977, 7225,13201, 13558, 18944, 19330, 27910, 28416 ฯ",7/11/2026 3:28
not_found,LandsMaps ไม่พบโฉนด,10140,10_16_18944,10,16,18944,กรุงเทพมหานคร,บางกอกใหญ่,2,ห้องชุด/คอนโด,,,24.01,"2977, 7225,13201, 13558, 18944, 19330, 27910, 28416 ฯ",7/11/2026 3:28
not_found,LandsMaps ไม่พบโฉนด,10140,10_16_19330,10,16,19330,กรุงเทพมหานคร,บางกอกใหญ่,2,ห้องชุด/คอนโด,,,24.01,"2977, 7225,13201, 13558, 18944, 19330, 27910, 28416 ฯ",7/11/2026 3:28
not_found,LandsMaps ไม่พบโฉนด,10140,10_16_27910,10,16,27910,กรุงเทพมหานคร,บางกอกใหญ่,2,ห้องชุด/คอนโด,,,24.01,"2977, 7225,13201, 13558, 18944, 19330, 27910, 28416 ฯ",7/11/2026 3:28
not_found,LandsMaps ไม่พบโฉนด,10140,10_16_28416,10,16,28416,กรุงเทพมหานคร,บางกอกใหญ่,2,ห้องชุด/คอนโด,,,24.01,"2977, 7225,13201, 13558, 18944, 19330, 27910, 28416 ฯ",7/11/2026 3:28
not_found,LandsMaps ไม่พบโฉนด,10141,10_23_26036,10,23,26036,กรุงเทพมหานคร,หนองแขม,3,ที่ดิน+สิ่งปลูกสร้าง,,,50,26036,7/11/2026 3:28
not_found,LandsMaps ไม่พบโฉนด,10142,10_20_48388,10,20,48388,กรุงเทพมหานคร,บางกอกน้อย,2,ห้องชุด/คอนโด,,,27.05,"4,838,848,389,483,900,000,000,000,000,000,000,000,000",7/11/2026 3:28
not_found,LandsMaps ไม่พบโฉนด,10142,10_20_48389,10,20,48389,กรุงเทพมหานคร,บางกอกน้อย,2,ห้องชุด/คอนโด,,,27.05,"4,838,848,389,483,900,000,000,000,000,000,000,000,000",7/11/2026 3:28
not_found,LandsMaps ไม่พบโฉนด,10142,10_20_48390,10,20,48390,กรุงเทพมหานคร,บางกอกน้อย,2,ห้องชุด/คอนโด,,,27.05,"4,838,848,389,483,900,000,000,000,000,000,000,000,000",7/11/2026 3:28
not_found,LandsMaps ไม่พบโฉนด,10142,10_20_48391,10,20,48391,กรุงเทพมหานคร,บางกอกน้อย,2,ห้องชุด/คอนโด,,,27.05,"4,838,848,389,483,900,000,000,000,000,000,000,000,000",7/11/2026 3:28
not_found,LandsMaps ไม่พบโฉนด,10142,10_20_48392,10,20,48392,กรุงเทพมหานคร,บางกอกน้อย,2,ห้องชุด/คอนโด,,,27.05,"4,838,848,389,483,900,000,000,000,000,000,000,000,000",7/11/2026 3:28
not_found,LandsMaps ไม่พบโฉนด,10142,10_20_48393,10,20,48393,กรุงเทพมหานคร,บางกอกน้อย,2,ห้องชุด/คอนโด,,,27.05,"4,838,848,389,483,900,000,000,000,000,000,000,000,000",7/11/2026 3:28
not_found,LandsMaps ไม่พบโฉนด,10142,10_20_48394,10,20,48394,กรุงเทพมหานคร,บางกอกน้อย,2,ห้องชุด/คอนโด,,,27.05,"4,838,848,389,483,900,000,000,000,000,000,000,000,000",7/11/2026 3:28
not_found,LandsMaps ไม่พบโฉนด,10142,10_20_48395,10,20,48395,กรุงเทพมหานคร,บางกอกน้อย,2,ห้องชุด/คอนโด,,,27.05,"4,838,848,389,483,900,000,000,000,000,000,000,000,000",7/11/2026 3:28
not_found,LandsMaps ไม่พบโฉนด,10143,10_23_112302,10,23,112302,กรุงเทพมหานคร,หนองแขม,3,ที่ดิน+สิ่งปลูกสร้าง,,,57,112302,7/11/2026 3:28
not_found,LandsMaps ไม่พบโฉนด,10144,10_25_9195,10,25,9195,กรุงเทพมหานคร,บางพลัด,3,ที่ดิน+สิ่งปลูกสร้าง,,,77,9195,7/11/2026 3:28
not_found,LandsMaps ไม่พบโฉนด,10145,10_20_30529,10,20,30529,กรุงเทพมหานคร,บางกอกน้อย,3,ที่ดิน+สิ่งปลูกสร้าง,,,25,30529,7/11/2026 3:28
not_found,LandsMaps ไม่พบโฉนด,10146,10_16_328,10,16,328,กรุงเทพมหานคร,บางกอกใหญ่,2,ห้องชุด/คอนโด,,,23.05,"328, 330, 3439",7/11/2026 3:28
not_found,LandsMaps ไม่พบโฉนด,10146,10_16_330,10,16,330,กรุงเทพมหานคร,บางกอกใหญ่,2,ห้องชุด/คอนโด,,,23.05,"328, 330, 3439",7/11/2026 3:28
not_found,LandsMaps ไม่พบโฉนด,10146,10_16_3439,10,16,3439,กรุงเทพมหานคร,บางกอกใหญ่,2,ห้องชุด/คอนโด,,,23.05,"328, 330, 3439",7/11/2026 3:28
not_found,LandsMaps ไม่พบโฉนด,10147,10_20_21216,10,20,21216,กรุงเทพมหานคร,บางกอกน้อย,3,ที่ดิน+สิ่งปลูกสร้าง,,,17,21216,7/11/2026 3:28
not_found,LandsMaps ไม่พบโฉนด,10148,10_23_9885,10,23,9885,กรุงเทพมหานคร,หนองแขม,3,ที่ดิน+สิ่งปลูกสร้าง,,,34.6,9885,7/11/2026 3:28
not_found,LandsMaps ไม่พบโฉนด,10149,10_20_25205,10,20,25205,กรุงเทพมหานคร,บางกอกน้อย,2,ห้องชุด/คอนโด,,,22.64,"25205, 48761",7/11/2026 3:28
not_found,LandsMaps ไม่พบโฉนด,10149,10_20_48761,10,20,48761,กรุงเทพมหานคร,บางกอกน้อย,2,ห้องชุด/คอนโด,,,22.64,"25205, 48761",7/11/2026 3:28
not_found,LandsMaps ไม่พบโฉนด,10150,10_06_11193,10,6,11193,กรุงเทพมหานคร,บางกะปิ,2,ห้องชุด/คอนโด,,,28.83,"11193,136244,136245,136246,136247ฯ",7/11/2026 3:28
not_found,LandsMaps ไม่พบโฉนด,10150,10_06_136244,10,6,136244,กรุงเทพมหานคร,บางกะปิ,2,ห้องชุด/คอนโด,,,28.83,"11193,136244,136245,136246,136247ฯ",7/11/2026 3:28
not_found,LandsMaps ไม่พบโฉนด,10150,10_06_136245,10,6,136245,กรุงเทพมหานคร,บางกะปิ,2,ห้องชุด/คอนโด,,,28.83,"11193,136244,136245,136246,136247ฯ",7/11/2026 3:28
not_found,LandsMaps ไม่พบโฉนด,10150,10_06_136246,10,6,136246,กรุงเทพมหานคร,บางกะปิ,2,ห้องชุด/คอนโด,,,28.83,"11193,136244,136245,136246,136247ฯ",7/11/2026 3:28
not_found,LandsMaps ไม่พบโฉนด,10150,10_06_136247,10,6,136247,กรุงเทพมหานคร,บางกะปิ,2,ห้องชุด/คอนโด,,,28.83,"11193,136244,136245,136246,136247ฯ",7/11/2026 3:29
not_found,LandsMaps ไม่พบโฉนด,10151,10_20_20223,10,20,20223,กรุงเทพมหานคร,บางกอกน้อย,3,ที่ดิน+สิ่งปลูกสร้าง,,,50,20223,7/11/2026 3:29
not_found,LandsMaps ไม่พบโฉนด,10152,10_20_1204,10,20,1204,กรุงเทพมหานคร,บางกอกน้อย,2,ห้องชุด/คอนโด,,,26.36,1204,7/11/2026 3:29
not_found,LandsMaps ไม่พบโฉนด,10153,10_20_1204,10,20,1204,กรุงเทพมหานคร,บางกอกน้อย,2,ห้องชุด/คอนโด,,,37.5,1204,7/11/2026 3:29
not_found,LandsMaps ไม่พบโฉนด,10154,10_20_49576,10,20,49576,กรุงเทพมหานคร,บางกอกน้อย,3,ที่ดิน+สิ่งปลูกสร้าง,,,27.6,49576,7/11/2026 3:29
not_found,LandsMaps ไม่พบโฉนด,10155,10_25_118,10,25,118,กรุงเทพมหานคร,บางพลัด,2,ห้องชุด/คอนโด,,,44.16,"118,119,120,121,122,000,000",7/11/2026 3:29
not_found,LandsMaps ไม่พบโฉนด,10155,10_25_119,10,25,119,กรุงเทพมหานคร,บางพลัด,2,ห้องชุด/คอนโด,,,44.16,"118,119,120,121,122,000,000",7/11/2026 3:29
not_found,LandsMaps ไม่พบโฉนด,10155,10_25_120,10,25,120,กรุงเทพมหานคร,บางพลัด,2,ห้องชุด/คอนโด,,,44.16,"118,119,120,121,122,000,000",7/11/2026 3:29
not_found,LandsMaps ไม่พบโฉนด,10155,10_25_121,10,25,121,กรุงเทพมหานคร,บางพลัด,2,ห้องชุด/คอนโด,,,44.16,"118,119,120,121,122,000,000",7/11/2026 3:29
not_found,LandsMaps ไม่พบโฉนด,10155,10_25_122,10,25,122,กรุงเทพมหานคร,บางพลัด,2,ห้องชุด/คอนโด,,,44.16,"118,119,120,121,122,000,000",7/11/2026 3:29
not_found,LandsMaps ไม่พบโฉนด,10155,10_25_123,10,25,123,กรุงเทพมหานคร,บางพลัด,2,ห้องชุด/คอนโด,,,44.16,"118,119,120,121,122,000,000",7/11/2026 3:29
not_found,LandsMaps ไม่พบโฉนด,10155,10_25_985,10,25,985,กรุงเทพมหานคร,บางพลัด,2,ห้องชุด/คอนโด,,,44.16,"118,119,120,121,122,000,000",7/11/2026 3:29
not_found,LandsMaps ไม่พบโฉนด,10156,10_25_14043,10,25,14043,กรุงเทพมหานคร,บางพลัด,2,ห้องชุด/คอนโด,,,18.67,14043,7/11/2026 3:29
not_found,LandsMaps ไม่พบโฉนด,10157,10_25_1454,10,25,1454,กรุงเทพมหานคร,บางพลัด,2,ห้องชุด/คอนโด,,,27.35,"14,545,445",7/11/2026 3:29
not_found,LandsMaps ไม่พบโฉนด,10157,10_25_5445,10,25,5445,กรุงเทพมหานคร,บางพลัด,2,ห้องชุด/คอนโด,,,27.35,"14,545,445",7/11/2026 3:29
not_found,LandsMaps ไม่พบโฉนด,10158,10_19_93318,10,19,93318,กรุงเทพมหานคร,ตลิ่งชัน,3,ที่ดิน+สิ่งปลูกสร้าง,,,33.1,93318,7/11/2026 3:29
not_found,LandsMaps ไม่พบโฉนด,10159,10_23_27967,10,23,27967,กรุงเทพมหานคร,หนองแขม,3,ที่ดิน+สิ่งปลูกสร้าง,,,27,27967,7/11/2026 3:29
not_found,LandsMaps ไม่พบโฉนด,10160,10_20_11771,10,20,11771,กรุงเทพมหานคร,บางกอกน้อย,3,ที่ดิน+สิ่งปลูกสร้าง,,,70,11771,7/11/2026 3:29
not_found,LandsMaps ไม่พบโฉนด,10161,10_25_3674,10,25,3674,กรุงเทพมหานคร,บางพลัด,2,ห้องชุด/คอนโด,,,63.52,3674,7/11/2026 3:29
not_found,LandsMaps ไม่พบโฉนด,10162,10_25_13166,10,25,13166,กรุงเทพมหานคร,บางพลัด,2,ห้องชุด/คอนโด,,,38.62,"1,316,614,060,140,610,000,000,000,000,000,000,000,000.00",7/11/2026 3:29
not_found,LandsMaps ไม่พบโฉนด,10162,10_25_14060,10,25,14060,กรุงเทพมหานคร,บางพลัด,2,ห้องชุด/คอนโด,,,38.62,"1,316,614,060,140,610,000,000,000,000,000,000,000,000.00",7/11/2026 3:29
not_found,LandsMaps ไม่พบโฉนด,10162,10_25_14061,10,25,14061,กรุงเทพมหานคร,บางพลัด,2,ห้องชุด/คอนโด,,,38.62,"1,316,614,060,140,610,000,000,000,000,000,000,000,000.00",7/11/2026 3:29
not_found,LandsMaps ไม่พบโฉนด,10162,10_25_14062,10,25,14062,กรุงเทพมหานคร,บางพลัด,2,ห้องชุด/คอนโด,,,38.62,"1,316,614,060,140,610,000,000,000,000,000,000,000,000.00",7/11/2026 3:29
not_found,LandsMaps ไม่พบโฉนด,10162,10_25_14063,10,25,14063,กรุงเทพมหานคร,บางพลัด,2,ห้องชุด/คอนโด,,,38.62,"1,316,614,060,140,610,000,000,000,000,000,000,000,000.00",7/11/2026 3:29
not_found,LandsMaps ไม่พบโฉนด,10162,10_25_14064,10,25,14064,กรุงเทพมหานคร,บางพลัด,2,ห้องชุด/คอนโด,,,38.62,"1,316,614,060,140,610,000,000,000,000,000,000,000,000.00",7/11/2026 3:29
not_found,LandsMaps ไม่พบโฉนด,10162,10_25_14065,10,25,14065,กรุงเทพมหานคร,บางพลัด,2,ห้องชุด/คอนโด,,,38.62,"1,316,614,060,140,610,000,000,000,000,000,000,000,000.00",7/11/2026 3:29
not_found,LandsMaps ไม่พบโฉนด,10162,10_25_14066,10,25,14066,กรุงเทพมหานคร,บางพลัด,2,ห้องชุด/คอนโด,,,38.62,"1,316,614,060,140,610,000,000,000,000,000,000,000,000.00",7/11/2026 3:29
not_found,LandsMaps ไม่พบโฉนด,10163,10_14_7521,10,14,7521,กรุงเทพมหานคร,พญาไท,2,ห้องชุด/คอนโด,,,74.14,"75,212,336,887,248",7/11/2026 3:29
not_found,LandsMaps ไม่พบโฉนด,10163,10_14_23368,10,14,23368,กรุงเทพมหานคร,พญาไท,2,ห้องชุด/คอนโด,,,74.14,"75,212,336,887,248",7/11/2026 3:29
not_found,LandsMaps ไม่พบโฉนด,10163,10_14_87248,10,14,87248,กรุงเทพมหานคร,พญาไท,2,ห้องชุด/คอนโด,,,74.14,"75,212,336,887,248",7/11/2026 3:29
not_found,LandsMaps ไม่พบโฉนด,10164,10_19_94369,10,19,94369,กรุงเทพมหานคร,ตลิ่งชัน,3,ที่ดิน+สิ่งปลูกสร้าง,,,95,94369,7/11/2026 3:29
not_found,LandsMaps ไม่พบโฉนด,10165,10_23_17852,10,23,17852,กรุงเทพมหานคร,หนองแขม,3,ที่ดิน+สิ่งปลูกสร้าง,,1,4.3,17852,7/11/2026 3:29
not_found,LandsMaps ไม่พบโฉนด,10166,10_20_4711,10,20,4711,กรุงเทพมหานคร,บางกอกน้อย,3,ที่ดิน+สิ่งปลูกสร้าง,,1,13,4711,7/11/2026 3:29
not_found,LandsMaps ไม่พบโฉนด,10167,10_20_4712,10,20,4712,กรุงเทพมหานคร,บางกอกน้อย,3,ที่ดิน+สิ่งปลูกสร้าง,,,95,4712,7/11/2026 3:29
not_found,LandsMaps ไม่พบโฉนด,10168,10_25_31672,10,25,31672,กรุงเทพมหานคร,บางพลัด (บางกอกน้อย),3,ที่ดิน+สิ่งปลูกสร้าง,,,27.3,31672,7/11/2026 3:29
not_found,LandsMaps ไม่พบโฉนด,10169,10_25_3375,10,25,3375,กรุงเทพมหานคร,บางพลัด,3,ที่ดิน+สิ่งปลูกสร้าง,,,17.1,3375,7/11/2026 3:29
not_found,LandsMaps ไม่พบโฉนด,10170,10_25_31673,10,25,31673,กรุงเทพมหานคร,บางพลัด (บางกอกน้อย),3,ที่ดิน+สิ่งปลูกสร้าง,,,26.6,31673,7/11/2026 3:29
not_found,LandsMaps ไม่พบโฉนด,10171,10_25_3376,10,25,3376,กรุงเทพมหานคร,บางพลัด,3,ที่ดิน+สิ่งปลูกสร้าง,,,16.8,3376,7/11/2026 3:29
not_found,LandsMaps ไม่พบโฉนด,10172,10_20_1170,10,20,1170,กรุงเทพมหานคร,บางกอกน้อย,1,ที่ดินเปล่า,1,,83,1170,7/11/2026 3:29
not_found,LandsMaps ไม่พบโฉนด,10173,10_20_11328,10,20,11328,กรุงเทพมหานคร,บางกอกน้อย,1,ที่ดินเปล่า,1,,17,11328,7/11/2026 3:29
not_found,LandsMaps ไม่พบโฉนด,10174,10_20_11329,10,20,11329,กรุงเทพมหานคร,บางกอกน้อย,1,ที่ดินเปล่า,,3,76,11329,7/11/2026 3:29
not_found,LandsMaps ไม่พบโฉนด,10175,10_20_11587,10,20,11587,กรุงเทพมหานคร,บางกอกน้อย,1,ที่ดินเปล่า,,,48,11587,7/11/2026 3:29
not_found,LandsMaps ไม่พบโฉนด,10176,10_25_4754,10,25,4754,กรุงเทพมหานคร,บางพลัด,2,ห้องชุด/คอนโด,,,32.34,"47,544,758",7/11/2026 3:29
not_found,LandsMaps ไม่พบโฉนด,10176,10_25_4758,10,25,4758,กรุงเทพมหานคร,บางพลัด,2,ห้องชุด/คอนโด,,,32.34,"47,544,758",7/11/2026 3:29
not_found,LandsMaps ไม่พบโฉนด,10177,10_25_3412,10,25,3412,กรุงเทพมหานคร,บางพลัด,2,ห้องชุด/คอนโด,,,23.58,"341,234,131,336,713,000,000,000,000,000,000",7/11/2026 3:29
not_found,LandsMaps ไม่พบโฉนด,10177,10_25_3413,10,25,3413,กรุงเทพมหานคร,บางพลัด,2,ห้องชุด/คอนโด,,,23.58,"341,234,131,336,713,000,000,000,000,000,000",7/11/2026 3:29
not_found,LandsMaps ไม่พบโฉนด,10177,10_25_13367,10,25,13367,กรุงเทพมหานคร,บางพลัด,2,ห้องชุด/คอนโด,,,23.58,"341,234,131,336,713,000,000,000,000,000,000",7/11/2026 3:29
not_found,LandsMaps ไม่พบโฉนด,10177,10_25_13397,10,25,13397,กรุงเทพมหานคร,บางพลัด,2,ห้องชุด/คอนโด,,,23.58,"341,234,131,336,713,000,000,000,000,000,000",7/11/2026 3:29
not_found,LandsMaps ไม่พบโฉนด,10177,10_25_13398,10,25,13398,กรุงเทพมหานคร,บางพลัด,2,ห้องชุด/คอนโด,,,23.58,"341,234,131,336,713,000,000,000,000,000,000",7/11/2026 3:29
not_found,LandsMaps ไม่พบโฉนด,10177,10_25_13399,10,25,13399,กรุงเทพมหานคร,บางพลัด,2,ห้องชุด/คอนโด,,,23.58,"341,234,131,336,713,000,000,000,000,000,000",7/11/2026 3:29
not_found,LandsMaps ไม่พบโฉนด,10177,10_25_13496,10,25,13496,กรุงเทพมหานคร,บางพลัด,2,ห้องชุด/คอนโด,,,23.58,"341,234,131,336,713,000,000,000,000,000,000",7/11/2026 3:29
not_found,LandsMaps ไม่พบโฉนด,10178,10_25_13885,10,25,13885,กรุงเทพมหานคร,บางพลัด,2,ห้องชุด/คอนโด,,,151.27,13885,7/11/2026 3:29
not_found,LandsMaps ไม่พบโฉนด,10179,10_23_24548,10,23,24548,กรุงเทพมหานคร,หนองแขม,3,ที่ดิน+สิ่งปลูกสร้าง,,,49.8,24548,7/11/2026 3:29
not_found,LandsMaps ไม่พบโฉนด,10180,10_23_30464,10,23,30464,กรุงเทพมหานคร,หนองแขม,3,ที่ดิน+สิ่งปลูกสร้าง,,,42.7,30464,7/11/2026 3:29
not_found,LandsMaps ไม่พบโฉนด,10181,10_23_30465,10,23,30465,กรุงเทพมหานคร,หนองแขม,3,ที่ดิน+สิ่งปลูกสร้าง,,,26,30465,7/11/2026 3:29
not_found,LandsMaps ไม่พบโฉนด,10182,10_20_138,10,20,138,กรุงเทพมหานคร,บางกอกน้อย,2,ห้องชุด/คอนโด,,,28.75,138,7/11/2026 3:29
not_found,LandsMaps ไม่พบโฉนด,10183,10_19_61334,10,19,61334,กรุงเทพมหานคร,ตลิ่งชัน,2,ห้องชุด/คอนโด,,,25.01,61334,7/11/2026 3:29
not_found,LandsMaps ไม่พบโฉนด,10184,10_19_61334,10,19,61334,กรุงเทพมหานคร,ตลิ่งชัน,2,ห้องชุด/คอนโด,,,25.01,61334,7/11/2026 3:29
not_found,LandsMaps ไม่พบโฉนด,10185,10_23_3868,10,23,3868,กรุงเทพมหานคร,หนองแขม,2,ห้องชุด/คอนโด,,,23.33,3868,7/11/2026 3:29
not_found,LandsMaps ไม่พบโฉนด,10186,10_19_81220,10,19,81220,กรุงเทพมหานคร,ตลิ่งชัน,3,ที่ดิน+สิ่งปลูกสร้าง,,,46,81220,7/11/2026 3:29
not_found,LandsMaps ไม่พบโฉนด,10187,10_20_44433,10,20,44433,กรุงเทพมหานคร,บางกอกน้อย,2,ห้องชุด/คอนโด,,,27.72,"444,334,443,444,826",7/11/2026 3:29
not_found,LandsMaps ไม่พบโฉนด,10187,10_20_44434,10,20,44434,กรุงเทพมหานคร,บางกอกน้อย,2,ห้องชุด/คอนโด,,,27.72,"444,334,443,444,826",7/11/2026 3:29
not_found,LandsMaps ไม่พบโฉนด,10187,10_20_44826,10,20,44826,กรุงเทพมหานคร,บางกอกน้อย,2,ห้องชุด/คอนโด,,,27.72,"444,334,443,444,826",7/11/2026 3:29
not_found,LandsMaps ไม่พบโฉนด,10188,10_23_100570,10,23,100570,กรุงเทพมหานคร,หนองแขม,3,ที่ดิน+สิ่งปลูกสร้าง,,,16,100570,7/11/2026 3:29
not_found,LandsMaps ไม่พบโฉนด,10189,10_19_54908,10,19,54908,กรุงเทพมหานคร,ตลิ่งชัน,3,ที่ดิน+สิ่งปลูกสร้าง,,,19,54908,7/11/2026 3:29
not_found,LandsMaps ไม่พบโฉนด,10190,10_23_41370,10,23,41370,กรุงเทพมหานคร,หนองแขม,3,ที่ดิน+สิ่งปลูกสร้าง,,,18,41370,7/11/2026 3:29
not_found,LandsMaps ไม่พบโฉนด,10191,10_19_102227,10,19,102227,กรุงเทพมหานคร,ตลิ่งชัน,3,ที่ดิน+สิ่งปลูกสร้าง,,,30.8,102227,7/11/2026 3:29
not_found,LandsMaps ไม่พบโฉนด,10192,10_23_108594,10,23,108594,กรุงเทพมหานคร,หนองแขม,3,ที่ดิน+สิ่งปลูกสร้าง,,,16,108594,7/11/2026 3:29
not_found,LandsMaps ไม่พบโฉนด,10193,10_16_31650,10,16,31650,กรุงเทพมหานคร,บางกอกใหญ่,3,ที่ดิน+สิ่งปลูกสร้าง,,,17.4,31650,7/11/2026 3:29
not_found,LandsMaps ไม่พบโฉนด,10194,10_20_39955,10,20,39955,กรุงเทพมหานคร,บางกอกน้อย,3,ที่ดิน+สิ่งปลูกสร้าง,,,20.2,39955,7/11/2026 3:29
not_found,LandsMaps ไม่พบโฉนด,10195,10_19_30695,10,19,30695,กรุงเทพมหานคร,ตลิ่งชัน,3,ที่ดิน+สิ่งปลูกสร้าง,,,70,30695,7/11/2026 3:29
not_found,LandsMaps ไม่พบโฉนด,10196,10_20_24509,10,20,24509,กรุงเทพมหานคร,บางกอกน้อย,3,ที่ดิน+สิ่งปลูกสร้าง,,,14,24509,7/11/2026 3:29
not_found,LandsMaps ไม่พบโฉนด,10197,10_23_33940,10,23,33940,กรุงเทพมหานคร,หนองแขม,3,ที่ดิน+สิ่งปลูกสร้าง,,,23.3,33940,7/11/2026 3:29
not_found,LandsMaps ไม่พบโฉนด,10198,10_14_6792,10,14,6792,กรุงเทพมหานคร,พญาไท (บางซื่อ),2,ห้องชุด/คอนโด,,,34.17,6792,7/11/2026 3:29
not_found,LandsMaps ไม่พบโฉนด,10199,10_20_49719,10,20,49719,กรุงเทพมหานคร,บางกอกน้อย,2,ห้องชุด/คอนโด,,,25.35,49719,7/11/2026 3:29
not_found,LandsMaps ไม่พบโฉนด,10200,10_25_5590,10,25,5590,กรุงเทพมหานคร,บางพลัด,2,ห้องชุด/คอนโด,,,28.1,"559,012,470",7/11/2026 3:29
not_found,LandsMaps ไม่พบโฉนด,10200,10_25_12470,10,25,12470,กรุงเทพมหานคร,บางพลัด,2,ห้องชุด/คอนโด,,,28.1,"559,012,470",7/11/2026 3:29
not_found,LandsMaps ไม่พบโฉนด,10201,10_25_3466,10,25,3466,กรุงเทพมหานคร,บางพลัด,2,ห้องชุด/คอนโด,,,32.89,"3466,3467,5618,6466,6467,6468,6469,6470,7343,9208,9209ฯ",7/11/2026 3:29
not_found,LandsMaps ไม่พบโฉนด,10201,10_25_3467,10,25,3467,กรุงเทพมหานคร,บางพลัด,2,ห้องชุด/คอนโด,,,32.89,"3466,3467,5618,6466,6467,6468,6469,6470,7343,9208,9209ฯ",7/11/2026 3:29
not_found,LandsMaps ไม่พบโฉนด,10201,10_25_5618,10,25,5618,กรุงเทพมหานคร,บางพลัด,2,ห้องชุด/คอนโด,,,32.89,"3466,3467,5618,6466,6467,6468,6469,6470,7343,9208,9209ฯ",7/11/2026 3:29
not_found,LandsMaps ไม่พบโฉนด,10201,10_25_6466,10,25,6466,กรุงเทพมหานคร,บางพลัด,2,ห้องชุด/คอนโด,,,32.89,"3466,3467,5618,6466,6467,6468,6469,6470,7343,9208,9209ฯ",7/11/2026 3:29
not_found,LandsMaps ไม่พบโฉนด,10201,10_25_6467,10,25,6467,กรุงเทพมหานคร,บางพลัด,2,ห้องชุด/คอนโด,,,32.89,"3466,3467,5618,6466,6467,6468,6469,6470,7343,9208,9209ฯ",7/11/2026 3:29
not_found,LandsMaps ไม่พบโฉนด,10201,10_25_6468,10,25,6468,กรุงเทพมหานคร,บางพลัด,2,ห้องชุด/คอนโด,,,32.89,"3466,3467,5618,6466,6467,6468,6469,6470,7343,9208,9209ฯ",7/11/2026 3:29
not_found,LandsMaps ไม่พบโฉนด,10201,10_25_6469,10,25,6469,กรุงเทพมหานคร,บางพลัด,2,ห้องชุด/คอนโด,,,32.89,"3466,3467,5618,6466,6467,6468,6469,6470,7343,9208,9209ฯ",7/11/2026 3:29
not_found,LandsMaps ไม่พบโฉนด,10201,10_25_6470,10,25,6470,กรุงเทพมหานคร,บางพลัด,2,ห้องชุด/คอนโด,,,32.89,"3466,3467,5618,6466,6467,6468,6469,6470,7343,9208,9209ฯ",7/11/2026 3:29
not_found,LandsMaps ไม่พบโฉนด,10201,10_25_7343,10,25,7343,กรุงเทพมหานคร,บางพลัด,2,ห้องชุด/คอนโด,,,32.89,"3466,3467,5618,6466,6467,6468,6469,6470,7343,9208,9209ฯ",7/11/2026 3:29
not_found,LandsMaps ไม่พบโฉนด,10201,10_25_9208,10,25,9208,กรุงเทพมหานคร,บางพลัด,2,ห้องชุด/คอนโด,,,32.89,"3466,3467,5618,6466,6467,6468,6469,6470,7343,9208,9209ฯ",7/11/2026 3:29
not_found,LandsMaps ไม่พบโฉนด,10201,10_25_9209,10,25,9209,กรุงเทพมหานคร,บางพลัด,2,ห้องชุด/คอนโด,,,32.89,"3466,3467,5618,6466,6467,6468,6469,6470,7343,9208,9209ฯ",7/11/2026 3:29
not_found,LandsMaps ไม่พบโฉนด,10202,10_16_22167,10,16,22167,กรุงเทพมหานคร,บางกอกใหญ่,3,ที่ดิน+สิ่งปลูกสร้าง,,,32,22167,7/11/2026 3:29
not_found,LandsMaps ไม่พบโฉนด,10203,10_23_37389,10,23,37389,กรุงเทพมหานคร,หนองแขม,3,ที่ดิน+สิ่งปลูกสร้าง,,,18,37389,7/11/2026 3:30
not_found,LandsMaps ไม่พบโฉนด,10204,10_20_3437,10,20,3437,กรุงเทพมหานคร,บางกอกน้อย,2,ห้องชุด/คอนโด,,,39.99,3437,7/11/2026 3:30
not_found,LandsMaps ไม่พบโฉนด,10205,10_19_98509,10,19,98509,กรุงเทพมหานคร,ตลิ่งชัน,1,ที่ดินเปล่า,,,41.2,98509,7/11/2026 3:30
not_found,LandsMaps ไม่พบโฉนด,10206,10_23_12047,10,23,12047,กรุงเทพมหานคร,หนองแขม,3,ที่ดิน+สิ่งปลูกสร้าง,,,17,12047,7/11/2026 3:30
not_found,LandsMaps ไม่พบโฉนด,10207,10_19_86659,10,19,86659,กรุงเทพมหานคร,ตลิ่งชัน,3,ที่ดิน+สิ่งปลูกสร้าง,,,79,86659,7/11/2026 3:30
not_found,LandsMaps ไม่พบโฉนด,10208,10_25_3466,10,25,3466,กรุงเทพมหานคร,บางพลัด,2,ห้องชุด/คอนโด,,,24.88,"3466,3467,5618,6466,6467,6468,6469,6470,7343,9208,9209ฯ",7/11/2026 3:30
not_found,LandsMaps ไม่พบโฉนด,10208,10_25_3467,10,25,3467,กรุงเทพมหานคร,บางพลัด,2,ห้องชุด/คอนโด,,,24.88,"3466,3467,5618,6466,6467,6468,6469,6470,7343,9208,9209ฯ",7/11/2026 3:30
not_found,LandsMaps ไม่พบโฉนด,10208,10_25_5618,10,25,5618,กรุงเทพมหานคร,บางพลัด,2,ห้องชุด/คอนโด,,,24.88,"3466,3467,5618,6466,6467,6468,6469,6470,7343,9208,9209ฯ",7/11/2026 3:30
not_found,LandsMaps ไม่พบโฉนด,10208,10_25_6466,10,25,6466,กรุงเทพมหานคร,บางพลัด,2,ห้องชุด/คอนโด,,,24.88,"3466,3467,5618,6466,6467,6468,6469,6470,7343,9208,9209ฯ",7/11/2026 3:30
not_found,LandsMaps ไม่พบโฉนด,10208,10_25_6467,10,25,6467,กรุงเทพมหานคร,บางพลัด,2,ห้องชุด/คอนโด,,,24.88,"3466,3467,5618,6466,6467,6468,6469,6470,7343,9208,9209ฯ",7/11/2026 3:30
not_found,LandsMaps ไม่พบโฉนด,10208,10_25_6468,10,25,6468,กรุงเทพมหานคร,บางพลัด,2,ห้องชุด/คอนโด,,,24.88,"3466,3467,5618,6466,6467,6468,6469,6470,7343,9208,9209ฯ",7/11/2026 3:30
not_found,LandsMaps ไม่พบโฉนด,10208,10_25_6469,10,25,6469,กรุงเทพมหานคร,บางพลัด,2,ห้องชุด/คอนโด,,,24.88,"3466,3467,5618,6466,6467,6468,6469,6470,7343,9208,9209ฯ",7/11/2026 3:30
not_found,LandsMaps ไม่พบโฉนด,10208,10_25_6470,10,25,6470,กรุงเทพมหานคร,บางพลัด,2,ห้องชุด/คอนโด,,,24.88,"3466,3467,5618,6466,6467,6468,6469,6470,7343,9208,9209ฯ",7/11/2026 3:30
not_found,LandsMaps ไม่พบโฉนด,10208,10_25_7343,10,25,7343,กรุงเทพมหานคร,บางพลัด,2,ห้องชุด/คอนโด,,,24.88,"3466,3467,5618,6466,6467,6468,6469,6470,7343,9208,9209ฯ",7/11/2026 3:30
not_found,LandsMaps ไม่พบโฉนด,10208,10_25_9208,10,25,9208,กรุงเทพมหานคร,บางพลัด,2,ห้องชุด/คอนโด,,,24.88,"3466,3467,5618,6466,6467,6468,6469,6470,7343,9208,9209ฯ",7/11/2026 3:30
not_found,LandsMaps ไม่พบโฉนด,10208,10_25_9209,10,25,9209,กรุงเทพมหานคร,บางพลัด,2,ห้องชุด/คอนโด,,,24.88,"3466,3467,5618,6466,6467,6468,6469,6470,7343,9208,9209ฯ",7/11/2026 3:30
not_found,LandsMaps ไม่พบโฉนด,10209,10_20_31912,10,20,31912,กรุงเทพมหานคร,บางกอกน้อย,3,ที่ดิน+สิ่งปลูกสร้าง,,,40,31912,7/11/2026 3:30
not_found,LandsMaps ไม่พบโฉนด,10210,10_48_9462,10,48,9462,กรุงเทพมหานคร,ทวีวัฒนา,3,ที่ดิน+สิ่งปลูกสร้าง,,,25.2,9462,7/11/2026 3:30
not_found,LandsMaps ไม่พบโฉนด,10211,10_25_14043,10,25,14043,กรุงเทพมหานคร,บางพลัด,2,ห้องชุด/คอนโด,,,19.55,14043,7/11/2026 3:30
not_found,LandsMaps ไม่พบโฉนด,10212,10_25_3435,10,25,3435,กรุงเทพมหานคร,บางพลัด,2,ห้องชุด/คอนโด,,,53.68,"3435,3436,5524,5525,14325-14331",7/11/2026 3:30
not_found,LandsMaps ไม่พบโฉนด,10212,10_25_3436,10,25,3436,กรุงเทพมหานคร,บางพลัด,2,ห้องชุด/คอนโด,,,53.68,"3435,3436,5524,5525,14325-14331",7/11/2026 3:30
not_found,LandsMaps ไม่พบโฉนด,10212,10_25_5524,10,25,5524,กรุงเทพมหานคร,บางพลัด,2,ห้องชุด/คอนโด,,,53.68,"3435,3436,5524,5525,14325-14331",7/11/2026 3:30
not_found,LandsMaps ไม่พบโฉนด,10212,10_25_5525,10,25,5525,กรุงเทพมหานคร,บางพลัด,2,ห้องชุด/คอนโด,,,53.68,"3435,3436,5524,5525,14325-14331",7/11/2026 3:30
not_found,LandsMaps ไม่พบโฉนด,10212,10_25_14325,10,25,14325,กรุงเทพมหานคร,บางพลัด,2,ห้องชุด/คอนโด,,,53.68,"3435,3436,5524,5525,14325-14331",7/11/2026 3:30
not_found,LandsMaps ไม่พบโฉนด,10212,10_25_14326,10,25,14326,กรุงเทพมหานคร,บางพลัด,2,ห้องชุด/คอนโด,,,53.68,"3435,3436,5524,5525,14325-14331",7/11/2026 3:30
not_found,LandsMaps ไม่พบโฉนด,10212,10_25_14327,10,25,14327,กรุงเทพมหานคร,บางพลัด,2,ห้องชุด/คอนโด,,,53.68,"3435,3436,5524,5525,14325-14331",7/11/2026 3:30
not_found,LandsMaps ไม่พบโฉนด,10212,10_25_14328,10,25,14328,กรุงเทพมหานคร,บางพลัด,2,ห้องชุด/คอนโด,,,53.68,"3435,3436,5524,5525,14325-14331",7/11/2026 3:30
not_found,LandsMaps ไม่พบโฉนด,10212,10_25_14329,10,25,14329,กรุงเทพมหานคร,บางพลัด,2,ห้องชุด/คอนโด,,,53.68,"3435,3436,5524,5525,14325-14331",7/11/2026 3:30
not_found,LandsMaps ไม่พบโฉนด,10212,10_25_14330,10,25,14330,กรุงเทพมหานคร,บางพลัด,2,ห้องชุด/คอนโด,,,53.68,"3435,3436,5524,5525,14325-14331",7/11/2026 3:30
not_found,LandsMaps ไม่พบโฉนด,10212,10_25_14331,10,25,14331,กรุงเทพมหานคร,บางพลัด,2,ห้องชุด/คอนโด,,,53.68,"3435,3436,5524,5525,14325-14331",7/11/2026 3:30
not_found,LandsMaps ไม่พบโฉนด,10213,10_20_2550,10,20,2550,กรุงเทพมหานคร,บางกอกน้อย,2,ห้องชุด/คอนโด,,,63.46,"255,044,864",7/11/2026 3:30
not_found,LandsMaps ไม่พบโฉนด,10213,10_20_44864,10,20,44864,กรุงเทพมหานคร,บางกอกน้อย,2,ห้องชุด/คอนโด,,,63.46,"255,044,864",7/11/2026 3:30
not_found,LandsMaps ไม่พบโฉนด,10214,10_23_18522,10,23,18522,กรุงเทพมหานคร,หนองแขม,3,ที่ดิน+สิ่งปลูกสร้าง,,,58.6,18522,7/11/2026 3:30
not_found,LandsMaps ไม่พบโฉนด,10215,10_25_4523,10,25,4523,กรุงเทพมหานคร,บางพลัด,3,ที่ดิน+สิ่งปลูกสร้าง,,,90,4523,7/11/2026 3:30
not_found,LandsMaps ไม่พบโฉนด,10216,10_48_3493,10,48,3493,กรุงเทพมหานคร,ทวีวัฒนา,3,ที่ดิน+สิ่งปลูกสร้าง,,2,89.5,3493,7/11/2026 3:30
not_found,LandsMaps ไม่พบโฉนด,10217,10_25_4826,10,25,4826,กรุงเทพมหานคร,บางพลัด,2,ห้องชุด/คอนโด,,,152.24,4826,7/11/2026 3:30
not_found,LandsMaps ไม่พบโฉนด,10219,10_32_245063,10,32,245063,กรุงเทพมหานคร,ประเวศ,2,ห้องชุด/คอนโด,,,25.48,"1569-1579,1601,1602,3497,245063,245064",7/11/2026 3:30
not_found,LandsMaps ไม่พบโฉนด,10219,10_32_245064,10,32,245064,กรุงเทพมหานคร,ประเวศ,2,ห้องชุด/คอนโด,,,25.48,"1569-1579,1601,1602,3497,245063,245064",7/11/2026 3:30
not_found,LandsMaps ไม่พบโฉนด,10220,10_47_2478,10,47,2478,กรุงเทพมหานคร,บางนา,2,ห้องชุด/คอนโด,,,40.86,"24,782,482,248,324,800,000,000,000,000,000",7/11/2026 3:30
not_found,LandsMaps ไม่พบโฉนด,10220,10_47_2482,10,47,2482,กรุงเทพมหานคร,บางนา,2,ห้องชุด/คอนโด,,,40.86,"24,782,482,248,324,800,000,000,000,000,000",7/11/2026 3:30
not_found,LandsMaps ไม่พบโฉนด,10220,10_47_2483,10,47,2483,กรุงเทพมหานคร,บางนา,2,ห้องชุด/คอนโด,,,40.86,"24,782,482,248,324,800,000,000,000,000,000",7/11/2026 3:30
not_found,LandsMaps ไม่พบโฉนด,10220,10_47_2484,10,47,2484,กรุงเทพมหานคร,บางนา,2,ห้องชุด/คอนโด,,,40.86,"24,782,482,248,324,800,000,000,000,000,000",7/11/2026 3:30
not_found,LandsMaps ไม่พบโฉนด,10220,10_47_2485,10,47,2485,กรุงเทพมหานคร,บางนา,2,ห้องชุด/คอนโด,,,40.86,"24,782,482,248,324,800,000,000,000,000,000",7/11/2026 3:30
not_found,LandsMaps ไม่พบโฉนด,10220,10_47_2486,10,47,2486,กรุงเทพมหานคร,บางนา,2,ห้องชุด/คอนโด,,,40.86,"24,782,482,248,324,800,000,000,000,000,000",7/11/2026 3:30
not_found,LandsMaps ไม่พบโฉนด,10220,10_47_2487,10,47,2487,กรุงเทพมหานคร,บางนา,2,ห้องชุด/คอนโด,,,40.86,"24,782,482,248,324,800,000,000,000,000,000",7/11/2026 3:30
not_found,LandsMaps ไม่พบโฉนด,10220,10_47_2489,10,47,2489,กรุงเทพมหานคร,บางนา,2,ห้องชุด/คอนโด,,,40.86,"24,782,482,248,324,800,000,000,000,000,000",7/11/2026 3:30
not_found,LandsMaps ไม่พบโฉนด,10221,10_47_2241,10,47,2241,กรุงเทพมหานคร,บางนา,2,ห้องชุด/คอนโด,,,35.64,"224,122,452,246,224,000,000,000",7/11/2026 3:30
not_found,LandsMaps ไม่พบโฉนด,10221,10_47_2245,10,47,2245,กรุงเทพมหานคร,บางนา,2,ห้องชุด/คอนโด,,,35.64,"224,122,452,246,224,000,000,000",7/11/2026 3:30
not_found,LandsMaps ไม่พบโฉนด,10221,10_47_2246,10,47,2246,กรุงเทพมหานคร,บางนา,2,ห้องชุด/คอนโด,,,35.64,"224,122,452,246,224,000,000,000",7/11/2026 3:30
not_found,LandsMaps ไม่พบโฉนด,10221,10_47_2247,10,47,2247,กรุงเทพมหานคร,บางนา,2,ห้องชุด/คอนโด,,,35.64,"224,122,452,246,224,000,000,000",7/11/2026 3:30
not_found,LandsMaps ไม่พบโฉนด,10221,10_47_2477,10,47,2477,กรุงเทพมหานคร,บางนา,2,ห้องชุด/คอนโด,,,35.64,"224,122,452,246,224,000,000,000",7/11/2026 3:30
not_found,LandsMaps ไม่พบโฉนด,10221,10_47_2912,10,47,2912,กรุงเทพมหานคร,บางนา,2,ห้องชุด/คอนโด,,,35.64,"224,122,452,246,224,000,000,000",7/11/2026 3:30
not_found,LandsMaps ไม่พบโฉนด,10222,10_32_245063,10,32,245063,กรุงเทพมหานคร,ประเวศ,2,ห้องชุด/คอนโด,,,25.48,"1569-1579,1601,1602,3497,245063,245064",7/11/2026 3:30
not_found,LandsMaps ไม่พบโฉนด,10222,10_32_245064,10,32,245064,กรุงเทพมหานคร,ประเวศ,2,ห้องชุด/คอนโด,,,25.48,"1569-1579,1601,1602,3497,245063,245064",7/11/2026 3:30
not_found,LandsMaps ไม่พบโฉนด,10223,10_34_15683,10,34,15683,กรุงเทพมหานคร,สวนหลวง,2,ห้องชุด/คอนโด,,,23.16,"156,831,568,415,685,000,000,000,000,000,000,000,000,000,000",7/11/2026 3:30
not_found,LandsMaps ไม่พบโฉนด,10223,10_34_15684,10,34,15684,กรุงเทพมหานคร,สวนหลวง,2,ห้องชุด/คอนโด,,,23.16,"156,831,568,415,685,000,000,000,000,000,000,000,000,000,000",7/11/2026 3:30
not_found,LandsMaps ไม่พบโฉนด,10223,10_34_15685,10,34,15685,กรุงเทพมหานคร,สวนหลวง,2,ห้องชุด/คอนโด,,,23.16,"156,831,568,415,685,000,000,000,000,000,000,000,000,000,000",7/11/2026 3:30
not_found,LandsMaps ไม่พบโฉนด,10223,10_34_15686,10,34,15686,กรุงเทพมหานคร,สวนหลวง,2,ห้องชุด/คอนโด,,,23.16,"156,831,568,415,685,000,000,000,000,000,000,000,000,000,000",7/11/2026 3:30
not_found,LandsMaps ไม่พบโฉนด,10223,10_34_15687,10,34,15687,กรุงเทพมหานคร,สวนหลวง,2,ห้องชุด/คอนโด,,,23.16,"156,831,568,415,685,000,000,000,000,000,000,000,000,000,000",7/11/2026 3:30
not_found,LandsMaps ไม่พบโฉนด,10223,10_34_15688,10,34,15688,กรุงเทพมหานคร,สวนหลวง,2,ห้องชุด/คอนโด,,,23.16,"156,831,568,415,685,000,000,000,000,000,000,000,000,000,000",7/11/2026 3:30
not_found,LandsMaps ไม่พบโฉนด,10223,10_34_15689,10,34,15689,กรุงเทพมหานคร,สวนหลวง,2,ห้องชุด/คอนโด,,,23.16,"156,831,568,415,685,000,000,000,000,000,000,000,000,000,000",7/11/2026 3:30
not_found,LandsMaps ไม่พบโฉนด,10223,10_34_15690,10,34,15690,กรุงเทพมหานคร,สวนหลวง,2,ห้องชุด/คอนโด,,,23.16,"156,831,568,415,685,000,000,000,000,000,000,000,000,000,000",7/11/2026 3:30
not_found,LandsMaps ไม่พบโฉนด,10223,10_34_15691,10,34,15691,กรุงเทพมหานคร,สวนหลวง,2,ห้องชุด/คอนโด,,,23.16,"156,831,568,415,685,000,000,000,000,000,000,000,000,000,000",7/11/2026 3:30
not_found,LandsMaps ไม่พบโฉนด,10224,10_32_33732,10,32,33732,กรุงเทพมหานคร,ประเวศ,3,ที่ดิน+สิ่งปลูกสร้าง,,,18.7,33732,7/11/2026 3:30
not_found,LandsMaps ไม่พบโฉนด,10225,10_34_8348,10,34,8348,กรุงเทพมหานคร,สวนหลวง,2,ห้องชุด/คอนโด,,,33.2,"834,883,678,200",7/11/2026 3:30
not_found,LandsMaps ไม่พบโฉนด,10225,10_34_8367,10,34,8367,กรุงเทพมหานคร,สวนหลวง,2,ห้องชุด/คอนโด,,,33.2,"834,883,678,200",7/11/2026 3:30
not_found,LandsMaps ไม่พบโฉนด,10225,10_34_8200,10,34,8200,กรุงเทพมหานคร,สวนหลวง,2,ห้องชุด/คอนโด,,,33.2,"834,883,678,200",7/11/2026 3:30
not_found,LandsMaps ไม่พบโฉนด,10226,10_09_246969,10,9,246969,กรุงเทพมหานคร,พระโขนง,3,ที่ดิน+สิ่งปลูกสร้าง,,,16.9,246969,7/11/2026 3:30
not_found,LandsMaps ไม่พบโฉนด,10227,10_09_206215,10,9,206215,กรุงเทพมหานคร,พระโขนง,3,ที่ดิน+สิ่งปลูกสร้าง,,,26,206215,7/11/2026 3:30
not_found,LandsMaps ไม่พบโฉนด,10228,10_09_19706,10,9,19706,กรุงเทพมหานคร,พระโขนง,2,ห้องชุด/คอนโด,,,28.05,19706,7/11/2026 3:30
not_found,LandsMaps ไม่พบโฉนด,10229,10_47_3454,10,47,3454,กรุงเทพมหานคร,บางนา,2,ห้องชุด/คอนโด,,,31.03,3454,7/11/2026 3:30
not_found,LandsMaps ไม่พบโฉนด,10230,10_47_471,10,47,471,กรุงเทพมหานคร,บางนา,2,ห้องชุด/คอนโด,,,26.49,"4,714,734,741,878",7/11/2026 3:30
not_found,LandsMaps ไม่พบโฉนด,10230,10_47_473,10,47,473,กรุงเทพมหานคร,บางนา,2,ห้องชุด/คอนโด,,,26.49,"4,714,734,741,878",7/11/2026 3:30
not_found,LandsMaps ไม่พบโฉนด,10230,10_47_474,10,47,474,กรุงเทพมหานคร,บางนา,2,ห้องชุด/คอนโด,,,26.49,"4,714,734,741,878",7/11/2026 3:30
not_found,LandsMaps ไม่พบโฉนด,10230,10_47_1878,10,47,1878,กรุงเทพมหานคร,บางนา,2,ห้องชุด/คอนโด,,,26.49,"4,714,734,741,878",7/11/2026 3:30
not_found,LandsMaps ไม่พบโฉนด,10231,10_47_3454,10,47,3454,กรุงเทพมหานคร,บางนา,2,ห้องชุด/คอนโด,,,25.11,3454,7/11/2026 3:30
not_found,LandsMaps ไม่พบโฉนด,10232,10_09_233102,10,9,233102,กรุงเทพมหานคร,พระโขนง,2,ห้องชุด/คอนโด,,,59.34,233102,7/11/2026 3:30
not_found,LandsMaps ไม่พบโฉนด,10233,10_47_3395,10,47,3395,กรุงเทพมหานคร,"บางนา ,พระโขนง",2,ห้องชุด/คอนโด,,,25.85,"339,521,352",7/11/2026 3:30
not_found,LandsMaps ไม่พบโฉนด,10233,10_47_21352,10,47,21352,กรุงเทพมหานคร,"บางนา ,พระโขนง",2,ห้องชุด/คอนโด,,,25.85,"339,521,352",7/11/2026 3:30
not_found,LandsMaps ไม่พบโฉนด,10234,10_47_2664,10,47,2664,กรุงเทพมหานคร,บางนา,2,ห้องชุด/คอนโด,,,46.69,2664,7/11/2026 3:30
not_found,LandsMaps ไม่พบโฉนด,10235,10_35_1769,10,35,1769,กรุงเทพมหานคร,จอมทอง,2,ห้องชุด/คอนโด,,,25.8,"176,917,752,682",7/11/2026 3:30
not_found,LandsMaps ไม่พบโฉนด,10235,10_35_1775,10,35,1775,กรุงเทพมหานคร,จอมทอง,2,ห้องชุด/คอนโด,,,25.8,"176,917,752,682",7/11/2026 3:30
not_found,LandsMaps ไม่พบโฉนด,10235,10_35_2682,10,35,2682,กรุงเทพมหานคร,จอมทอง,2,ห้องชุด/คอนโด,,,25.8,"176,917,752,682",7/11/2026 3:31
not_found,LandsMaps ไม่พบโฉนด,10236,10_09_115160,10,9,115160,กรุงเทพมหานคร,พระโขนง,2,ห้องชุด/คอนโด,,,29.91,115160,7/11/2026 3:31
not_found,LandsMaps ไม่พบโฉนด,10237,10_32_32470,10,32,32470,กรุงเทพมหานคร,ประเวศ,3,ที่ดิน+สิ่งปลูกสร้าง,,,18.1,32470,7/11/2026 3:31
not_found,LandsMaps ไม่พบโฉนด,10238,10_09_186149,10,9,186149,กรุงเทพมหานคร,พระโขนง,3,ที่ดิน+สิ่งปลูกสร้าง,,,17,186149,7/11/2026 3:31
not_found,LandsMaps ไม่พบโฉนด,10239,10_32_245063,10,32,245063,กรุงเทพมหานคร,ประเวศ,2,ห้องชุด/คอนโด,,,24.76,"1569-1579,1601,1602,3497,245063-245064",7/11/2026 3:31
not_found,LandsMaps ไม่พบโฉนด,10239,10_32_245064,10,32,245064,กรุงเทพมหานคร,ประเวศ,2,ห้องชุด/คอนโด,,,24.76,"1569-1579,1601,1602,3497,245063-245064",7/11/2026 3:31
not_found,LandsMaps ไม่พบโฉนด,10240,10_09_28544,10,9,28544,กรุงเทพมหานคร,พระโขนง,3,ที่ดิน+สิ่งปลูกสร้าง,,1,,28544,7/11/2026 3:31
not_found,LandsMaps ไม่พบโฉนด,10241,10_09_251418,10,9,251418,กรุงเทพมหานคร,พระโขนง,2,ห้องชุด/คอนโด,,,44.92,"251418,5142 (บางส่วน)",7/11/2026 3:31
not_found,LandsMaps ไม่พบโฉนด,10241,10_09_5142,10,9,5142,กรุงเทพมหานคร,พระโขนง,2,ห้องชุด/คอนโด,,,44.92,"251418,5142 (บางส่วน)",7/11/2026 3:31
not_found,LandsMaps ไม่พบโฉนด,10242,10_09_223655,10,9,223655,กรุงเทพมหานคร,พระโขนง,2,ห้องชุด/คอนโด,,,29.84,223655,7/11/2026 3:31
not_found,LandsMaps ไม่พบโฉนด,10243,10_09_201050,10,9,201050,กรุงเทพมหานคร,พระโขนง,1,ที่ดินเปล่า,,,30,201050,7/11/2026 3:31
not_found,LandsMaps ไม่พบโฉนด,10244,10_09_2420,10,9,2420,กรุงเทพมหานคร,พระโขนง,2,ห้องชุด/คอนโด,,,24.18,"2,420,249,173",7/11/2026 3:31
not_found,LandsMaps ไม่พบโฉนด,10244,10_09_249173,10,9,249173,กรุงเทพมหานคร,พระโขนง,2,ห้องชุด/คอนโด,,,24.18,"2,420,249,173",7/11/2026 3:31
not_found,LandsMaps ไม่พบโฉนด,10245,10_47_1789,10,47,1789,กรุงเทพมหานคร,บางนา,2,ห้องชุด/คอนโด,,,30.56,"1789,2249-2255,2258,2261-2265,2267",7/11/2026 3:31
not_found,LandsMaps ไม่พบโฉนด,10245,10_47_2249,10,47,2249,กรุงเทพมหานคร,บางนา,2,ห้องชุด/คอนโด,,,30.56,"1789,2249-2255,2258,2261-2265,2267",7/11/2026 3:31
not_found,LandsMaps ไม่พบโฉนด,10245,10_47_2250,10,47,2250,กรุงเทพมหานคร,บางนา,2,ห้องชุด/คอนโด,,,30.56,"1789,2249-2255,2258,2261-2265,2267",7/11/2026 3:31
not_found,LandsMaps ไม่พบโฉนด,10245,10_47_2251,10,47,2251,กรุงเทพมหานคร,บางนา,2,ห้องชุด/คอนโด,,,30.56,"1789,2249-2255,2258,2261-2265,2267",7/11/2026 3:31
not_found,LandsMaps ไม่พบโฉนด,10245,10_47_2252,10,47,2252,กรุงเทพมหานคร,บางนา,2,ห้องชุด/คอนโด,,,30.56,"1789,2249-2255,2258,2261-2265,2267",7/11/2026 3:31
not_found,LandsMaps ไม่พบโฉนด,10245,10_47_2253,10,47,2253,กรุงเทพมหานคร,บางนา,2,ห้องชุด/คอนโด,,,30.56,"1789,2249-2255,2258,2261-2265,2267",7/11/2026 3:31
not_found,LandsMaps ไม่พบโฉนด,10245,10_47_2254,10,47,2254,กรุงเทพมหานคร,บางนา,2,ห้องชุด/คอนโด,,,30.56,"1789,2249-2255,2258,2261-2265,2267",7/11/2026 3:31
not_found,LandsMaps ไม่พบโฉนด,10245,10_47_2255,10,47,2255,กรุงเทพมหานคร,บางนา,2,ห้องชุด/คอนโด,,,30.56,"1789,2249-2255,2258,2261-2265,2267",7/11/2026 3:31
not_found,LandsMaps ไม่พบโฉนด,10245,10_47_2258,10,47,2258,กรุงเทพมหานคร,บางนา,2,ห้องชุด/คอนโด,,,30.56,"1789,2249-2255,2258,2261-2265,2267",7/11/2026 3:31
not_found,LandsMaps ไม่พบโฉนด,10245,10_47_2261,10,47,2261,กรุงเทพมหานคร,บางนา,2,ห้องชุด/คอนโด,,,30.56,"1789,2249-2255,2258,2261-2265,2267",7/11/2026 3:31
not_found,LandsMaps ไม่พบโฉนด,10245,10_47_2262,10,47,2262,กรุงเทพมหานคร,บางนา,2,ห้องชุด/คอนโด,,,30.56,"1789,2249-2255,2258,2261-2265,2267",7/11/2026 3:31
not_found,LandsMaps ไม่พบโฉนด,10245,10_47_2263,10,47,2263,กรุงเทพมหานคร,บางนา,2,ห้องชุด/คอนโด,,,30.56,"1789,2249-2255,2258,2261-2265,2267",7/11/2026 3:31
not_found,LandsMaps ไม่พบโฉนด,10245,10_47_2264,10,47,2264,กรุงเทพมหานคร,บางนา,2,ห้องชุด/คอนโด,,,30.56,"1789,2249-2255,2258,2261-2265,2267",7/11/2026 3:31
not_found,LandsMaps ไม่พบโฉนด,10245,10_47_2265,10,47,2265,กรุงเทพมหานคร,บางนา,2,ห้องชุด/คอนโด,,,30.56,"1789,2249-2255,2258,2261-2265,2267",7/11/2026 3:31
not_found,LandsMaps ไม่พบโฉนด,10245,10_47_2267,10,47,2267,กรุงเทพมหานคร,บางนา,2,ห้องชุด/คอนโด,,,30.56,"1789,2249-2255,2258,2261-2265,2267",7/11/2026 3:31
not_found,LandsMaps ไม่พบโฉนด,10246,10_09_20716,10,9,20716,กรุงเทพมหานคร,พระโขนง,2,ห้องชุด/คอนโด,,,26.86,20716,7/11/2026 3:31
not_found,LandsMaps ไม่พบโฉนด,10247,10_32_42781,10,32,42781,กรุงเทพมหานคร,ประเวศ,3,ที่ดิน+สิ่งปลูกสร้าง,,,58.3,42781,7/11/2026 3:31
not_found,LandsMaps ไม่พบโฉนด,10249,10_09_2420,10,9,2420,กรุงเทพมหานคร,พระโขนง,2,ห้องชุด/คอนโด,,,24.22,"2,420,249,173",7/11/2026 3:31
not_found,LandsMaps ไม่พบโฉนด,10249,10_09_249173,10,9,249173,กรุงเทพมหานคร,พระโขนง,2,ห้องชุด/คอนโด,,,24.22,"2,420,249,173",7/11/2026 3:31
not_found,LandsMaps ไม่พบโฉนด,10250,10_47_1333,10,47,1333,กรุงเทพมหานคร,บางนา,2,ห้องชุด/คอนโด,,,29.46,"1333,1409 (บางส่วน),1532 (บางส่วน)",7/11/2026 3:31
not_found,LandsMaps ไม่พบโฉนด,10250,10_47_1409,10,47,1409,กรุงเทพมหานคร,บางนา,2,ห้องชุด/คอนโด,,,29.46,"1333,1409 (บางส่วน),1532 (บางส่วน)",7/11/2026 3:31
not_found,LandsMaps ไม่พบโฉนด,10250,10_47_1532,10,47,1532,กรุงเทพมหานคร,บางนา,2,ห้องชุด/คอนโด,,,29.46,"1333,1409 (บางส่วน),1532 (บางส่วน)",7/11/2026 3:31
not_found,LandsMaps ไม่พบโฉนด,10251,10_32_53211,10,32,53211,กรุงเทพมหานคร,ประเวศ,3,ที่ดิน+สิ่งปลูกสร้าง,,,16.7,53211,7/11/2026 3:31
not_found,LandsMaps ไม่พบโฉนด,10252,10_32_3140,10,32,3140,กรุงเทพมหานคร,ประเวศ,2,ห้องชุด/คอนโด,,,25.48,3140,7/11/2026 3:31
not_found,LandsMaps ไม่พบโฉนด,10253,10_32_46271,10,32,46271,กรุงเทพมหานคร,ประเวศ,3,ที่ดิน+สิ่งปลูกสร้าง,,,17.8,46271,7/11/2026 3:31
not_found,LandsMaps ไม่พบโฉนด,10254,10_34_19394,10,34,19394,กรุงเทพมหานคร,สวนหลวง,2,ห้องชุด/คอนโด,,,26.81,19394,7/11/2026 3:31
not_found,LandsMaps ไม่พบโฉนด,10255,10_32_28651,10,32,28651,กรุงเทพมหานคร,ประเวศ,2,ห้องชุด/คอนโด,,,26.8,28651,7/11/2026 3:31
not_found,LandsMaps ไม่พบโฉนด,10256,10_32_196542,10,32,196542,กรุงเทพมหานคร,ประเวศ(พระโขนง),2,ห้องชุด/คอนโด,,,24.34,196542,7/11/2026 3:31
not_found,LandsMaps ไม่พบโฉนด,10257,10_32_51322,10,32,51322,กรุงเทพมหานคร,ประเวศ,3,ที่ดิน+สิ่งปลูกสร้าง,,,21.3,51322,7/11/2026 3:31
not_found,LandsMaps ไม่พบโฉนด,10258,10_32_240315,10,32,240315,กรุงเทพมหานคร,ประเวศ,2,ห้องชุด/คอนโด,,,25.01,240315,7/11/2026 3:31
not_found,LandsMaps ไม่พบโฉนด,10259,10_32_245063,10,32,245063,กรุงเทพมหานคร,ประเวศ,2,ห้องชุด/คอนโด,,,25.48,"1569-1579,1601,1602,3497,245063,245064",7/11/2026 3:31
not_found,LandsMaps ไม่พบโฉนด,10259,10_32_245064,10,32,245064,กรุงเทพมหานคร,ประเวศ,2,ห้องชุด/คอนโด,,,25.48,"1569-1579,1601,1602,3497,245063,245064",7/11/2026 3:31
not_found,LandsMaps ไม่พบโฉนด,10260,10_32_245063,10,32,245063,กรุงเทพมหานคร,ประเวศ,2,ห้องชุด/คอนโด,,,25.48,"1569-1579,1601,1602,3497,245063,245064",7/11/2026 3:31
not_found,LandsMaps ไม่พบโฉนด,10260,10_32_245064,10,32,245064,กรุงเทพมหานคร,ประเวศ,2,ห้องชุด/คอนโด,,,25.48,"1569-1579,1601,1602,3497,245063,245064",7/11/2026 3:31
not_found,LandsMaps ไม่พบโฉนด,10261,10_09_158359,10,9,158359,กรุงเทพมหานคร,พระโขนง,3,ที่ดิน+สิ่งปลูกสร้าง,,,40,158359,7/11/2026 3:31
not_found,LandsMaps ไม่พบโฉนด,10262,10_34_10247,10,34,10247,กรุงเทพมหานคร,สวนหลวง,2,ห้องชุด/คอนโด,,,31.11,"1,024,710,248",7/11/2026 3:31
not_found,LandsMaps ไม่พบโฉนด,10262,10_34_10248,10,34,10248,กรุงเทพมหานคร,สวนหลวง,2,ห้องชุด/คอนโด,,,31.11,"1,024,710,248",7/11/2026 3:31
not_found,LandsMaps ไม่พบโฉนด,10263,10_47_1676,10,47,1676,กรุงเทพมหานคร,บางนา,2,ห้องชุด/คอนโด,,,43.04,1676,7/11/2026 3:31
not_found,LandsMaps ไม่พบโฉนด,10264,10_32_7671,10,32,7671,กรุงเทพมหานคร,ประเวศ,2,ห้องชุด/คอนโด,,,26.25,7671,7/11/2026 3:31
not_found,LandsMaps ไม่พบโฉนด,10265,10_32_17680,10,32,17680,กรุงเทพมหานคร,ประเวศ,3,ที่ดิน+สิ่งปลูกสร้าง,,,27,17680,7/11/2026 3:31
not_found,LandsMaps ไม่พบโฉนด,10266,10_32_17681,10,32,17681,กรุงเทพมหานคร,ประเวศ,3,ที่ดิน+สิ่งปลูกสร้าง,,,18,17681,7/11/2026 3:31
not_found,LandsMaps ไม่พบโฉนด,10267,10_34_15683,10,34,15683,กรุงเทพมหานคร,สวนหลวง,2,ห้องชุด/คอนโด,,,22.83,"156,831,568,415,685,000,000,000,000,000,000,000,000,000,000",7/11/2026 3:31
not_found,LandsMaps ไม่พบโฉนด,10267,10_34_15684,10,34,15684,กรุงเทพมหานคร,สวนหลวง,2,ห้องชุด/คอนโด,,,22.83,"156,831,568,415,685,000,000,000,000,000,000,000,000,000,000",7/11/2026 3:31
not_found,LandsMaps ไม่พบโฉนด,10267,10_34_15685,10,34,15685,กรุงเทพมหานคร,สวนหลวง,2,ห้องชุด/คอนโด,,,22.83,"156,831,568,415,685,000,000,000,000,000,000,000,000,000,000",7/11/2026 3:31
not_found,LandsMaps ไม่พบโฉนด,10267,10_34_15686,10,34,15686,กรุงเทพมหานคร,สวนหลวง,2,ห้องชุด/คอนโด,,,22.83,"156,831,568,415,685,000,000,000,000,000,000,000,000,000,000",7/11/2026 3:31
not_found,LandsMaps ไม่พบโฉนด,10267,10_34_15687,10,34,15687,กรุงเทพมหานคร,สวนหลวง,2,ห้องชุด/คอนโด,,,22.83,"156,831,568,415,685,000,000,000,000,000,000,000,000,000,000",7/11/2026 3:31
not_found,LandsMaps ไม่พบโฉนด,10267,10_34_15688,10,34,15688,กรุงเทพมหานคร,สวนหลวง,2,ห้องชุด/คอนโด,,,22.83,"156,831,568,415,685,000,000,000,000,000,000,000,000,000,000",7/11/2026 3:31
not_found,LandsMaps ไม่พบโฉนด,10267,10_34_15689,10,34,15689,กรุงเทพมหานคร,สวนหลวง,2,ห้องชุด/คอนโด,,,22.83,"156,831,568,415,685,000,000,000,000,000,000,000,000,000,000",7/11/2026 3:31
not_found,LandsMaps ไม่พบโฉนด,10267,10_34_15690,10,34,15690,กรุงเทพมหานคร,สวนหลวง,2,ห้องชุด/คอนโด,,,22.83,"156,831,568,415,685,000,000,000,000,000,000,000,000,000,000",7/11/2026 3:31
not_found,LandsMaps ไม่พบโฉนด,10267,10_34_15691,10,34,15691,กรุงเทพมหานคร,สวนหลวง,2,ห้องชุด/คอนโด,,,22.83,"156,831,568,415,685,000,000,000,000,000,000,000,000,000,000",7/11/2026 3:31
not_found,LandsMaps ไม่พบโฉนด,10268,10_32_55046,10,32,55046,กรุงเทพมหานคร,ประเวศ,3,ที่ดิน+สิ่งปลูกสร้าง,,,22.9,55046,7/11/2026 3:31
not_found,LandsMaps ไม่พบโฉนด,10269,10_32_37330,10,32,37330,กรุงเทพมหานคร,ประเวศ,2,ห้องชุด/คอนโด,,,36.74,"37330, 37331",7/11/2026 3:31
not_found,LandsMaps ไม่พบโฉนด,10269,10_32_37331,10,32,37331,กรุงเทพมหานคร,ประเวศ,2,ห้องชุด/คอนโด,,,36.74,"37330, 37331",7/11/2026 3:31
not_found,LandsMaps ไม่พบโฉนด,10270,10_34_94630,10,34,94630,กรุงเทพมหานคร,สวนหลวง,2,ห้องชุด/คอนโด,,,25.76,"94630,198358,240661-240667",7/11/2026 3:31
not_found,LandsMaps ไม่พบโฉนด,10270,10_34_198358,10,34,198358,กรุงเทพมหานคร,สวนหลวง,2,ห้องชุด/คอนโด,,,25.76,"94630,198358,240661-240667",7/11/2026 3:31
not_found,LandsMaps ไม่พบโฉนด,10270,10_34_240661,10,34,240661,กรุงเทพมหานคร,สวนหลวง,2,ห้องชุด/คอนโด,,,25.76,"94630,198358,240661-240667",7/11/2026 3:31
not_found,LandsMaps ไม่พบโฉนด,10270,10_34_240662,10,34,240662,กรุงเทพมหานคร,สวนหลวง,2,ห้องชุด/คอนโด,,,25.76,"94630,198358,240661-240667",7/11/2026 3:31
not_found,LandsMaps ไม่พบโฉนด,10270,10_34_240663,10,34,240663,กรุงเทพมหานคร,สวนหลวง,2,ห้องชุด/คอนโด,,,25.76,"94630,198358,240661-240667",7/11/2026 3:31
not_found,LandsMaps ไม่พบโฉนด,10270,10_34_240664,10,34,240664,กรุงเทพมหานคร,สวนหลวง,2,ห้องชุด/คอนโด,,,25.76,"94630,198358,240661-240667",7/11/2026 3:31
not_found,LandsMaps ไม่พบโฉนด,10270,10_34_240665,10,34,240665,กรุงเทพมหานคร,สวนหลวง,2,ห้องชุด/คอนโด,,,25.76,"94630,198358,240661-240667",7/11/2026 3:31
not_found,LandsMaps ไม่พบโฉนด,10270,10_34_240666,10,34,240666,กรุงเทพมหานคร,สวนหลวง,2,ห้องชุด/คอนโด,,,25.76,"94630,198358,240661-240667",7/11/2026 3:31
not_found,LandsMaps ไม่พบโฉนด,10270,10_34_240667,10,34,240667,กรุงเทพมหานคร,สวนหลวง,2,ห้องชุด/คอนโด,,,25.76,"94630,198358,240661-240667",7/11/2026 3:31
not_found,LandsMaps ไม่พบโฉนด,10271,10_32_245063,10,32,245063,กรุงเทพมหานคร,ประเวศ,2,ห้องชุด/คอนโด,,,25.48,"1569-1579,1601,1602,3497,245063,245064",7/11/2026 3:32
not_found,LandsMaps ไม่พบโฉนด,10271,10_32_245064,10,32,245064,กรุงเทพมหานคร,ประเวศ,2,ห้องชุด/คอนโด,,,25.48,"1569-1579,1601,1602,3497,245063,245064",7/11/2026 3:32
not_found,LandsMaps ไม่พบโฉนด,10272,10_09_251421,10,9,251421,กรุงเทพมหานคร,พระโขนง,2,ห้องชุด/คอนโด,,,32.84,"251421,5142 (บางส่วน)",7/11/2026 3:32
not_found,LandsMaps ไม่พบโฉนด,10272,10_09_5142,10,9,5142,กรุงเทพมหานคร,พระโขนง,2,ห้องชุด/คอนโด,,,32.84,"251421,5142 (บางส่วน)",7/11/2026 3:32
not_found,LandsMaps ไม่พบโฉนด,10273,10_09_236328,10,9,236328,กรุงเทพมหานคร,พระโขนง,2,ห้องชุด/คอนโด,,,25,"236328, 236329",7/11/2026 3:32
not_found,LandsMaps ไม่พบโฉนด,10273,10_09_236329,10,9,236329,กรุงเทพมหานคร,พระโขนง,2,ห้องชุด/คอนโด,,,25,"236328, 236329",7/11/2026 3:32
not_found,LandsMaps ไม่พบโฉนด,10274,10_32_61134,10,32,61134,กรุงเทพมหานคร,ประเวศ,2,ห้องชุด/คอนโด,,,54.12,"611,349,724,397,244",7/11/2026 3:32
not_found,LandsMaps ไม่พบโฉนด,10274,10_32_97243,10,32,97243,กรุงเทพมหานคร,ประเวศ,2,ห้องชุด/คอนโด,,,54.12,"611,349,724,397,244",7/11/2026 3:32
not_found,LandsMaps ไม่พบโฉนด,10274,10_32_97244,10,32,97244,กรุงเทพมหานคร,ประเวศ,2,ห้องชุด/คอนโด,,,54.12,"611,349,724,397,244",7/11/2026 3:32
not_found,LandsMaps ไม่พบโฉนด,10275,10_32_28616,10,32,28616,กรุงเทพมหานคร,ประเวศ,3,ที่ดิน+สิ่งปลูกสร้าง,,,26,28616,7/11/2026 3:32
not_found,LandsMaps ไม่พบโฉนด,10276,10_09_161347,10,9,161347,กรุงเทพมหานคร,พระโขนง,3,ที่ดิน+สิ่งปลูกสร้าง,,,99,161347,7/11/2026 3:32
not_found,LandsMaps ไม่พบโฉนด,10277,10_09_161348,10,9,161348,กรุงเทพมหานคร,พระโขนง,3,ที่ดิน+สิ่งปลูกสร้าง,,,97,161348,7/11/2026 3:32
not_found,LandsMaps ไม่พบโฉนด,10278,10_34_378,10,34,378,กรุงเทพมหานคร,สวนหลวง,3,ที่ดิน+สิ่งปลูกสร้าง,,,29,378,7/11/2026 3:32
not_found,LandsMaps ไม่พบโฉนด,10279,10_34_7249,10,34,7249,กรุงเทพมหานคร,สวนหลวง,2,ห้องชุด/คอนโด,,,38.3,7249,7/11/2026 3:32
not_found,LandsMaps ไม่พบโฉนด,10280,10_32_7672,10,32,7672,กรุงเทพมหานคร,ประเวศ,2,ห้องชุด/คอนโด,,,26.25,7672,7/11/2026 3:32
not_found,LandsMaps ไม่พบโฉนด,10281,10_32_19633,10,32,19633,กรุงเทพมหานคร,ประเวศ,3,ที่ดิน+สิ่งปลูกสร้าง,,,23.9,19633,7/11/2026 3:32
not_found,LandsMaps ไม่พบโฉนด,10282,10_32_245063,10,32,245063,กรุงเทพมหานคร,ประเวศ,2,ห้องชุด/คอนโด,,,25.48,"1569-1579,1601,1602,3497,245063,245064",7/11/2026 3:32
not_found,LandsMaps ไม่พบโฉนด,10282,10_32_245064,10,32,245064,กรุงเทพมหานคร,ประเวศ,2,ห้องชุด/คอนโด,,,25.48,"1569-1579,1601,1602,3497,245063,245064",7/11/2026 3:32
not_found,LandsMaps ไม่พบโฉนด,10283,10_09_232633,10,9,232633,กรุงเทพมหานคร,พระโขนง,3,ที่ดิน+สิ่งปลูกสร้าง,,,20,232633,7/11/2026 3:32
not_found,LandsMaps ไม่พบโฉนด,10284,10_32_51543,10,32,51543,กรุงเทพมหานคร,ประเวศ,3,ที่ดิน+สิ่งปลูกสร้าง,,,62.6,51543,7/11/2026 3:32
not_found,LandsMaps ไม่พบโฉนด,10285,10_32_245063,10,32,245063,กรุงเทพมหานคร,ประเวศ,2,ห้องชุด/คอนโด,,,25.48,"1569-1579,1601,1602,3497,245063,245064",7/11/2026 3:32
not_found,LandsMaps ไม่พบโฉนด,10285,10_32_245064,10,32,245064,กรุงเทพมหานคร,ประเวศ,2,ห้องชุด/คอนโด,,,25.48,"1569-1579,1601,1602,3497,245063,245064",7/11/2026 3:32
not_found,LandsMaps ไม่พบโฉนด,10286,10_09_49872,10,9,49872,กรุงเทพมหานคร,พระโขนง,3,ที่ดิน+สิ่งปลูกสร้าง,,,45,49872,7/11/2026 3:32
not_found,LandsMaps ไม่พบโฉนด,10287,10_34_789,10,34,789,กรุงเทพมหานคร,สวนหลวง,2,ห้องชุด/คอนโด,,,26.62,"7,892,152,621,527",7/11/2026 3:32
not_found,LandsMaps ไม่พบโฉนด,10287,10_34_21526,10,34,21526,กรุงเทพมหานคร,สวนหลวง,2,ห้องชุด/คอนโด,,,26.62,"7,892,152,621,527",7/11/2026 3:32
not_found,LandsMaps ไม่พบโฉนด,10287,10_34_21527,10,34,21527,กรุงเทพมหานคร,สวนหลวง,2,ห้องชุด/คอนโด,,,26.62,"7,892,152,621,527",7/11/2026 3:32
not_found,LandsMaps ไม่พบโฉนด,10288,10_09_10490,10,9,10490,กรุงเทพมหานคร,พระโขนง,2,ห้องชุด/คอนโด,,,29.895,10490,7/11/2026 3:32
not_found,LandsMaps ไม่พบโฉนด,10289,10_34_8194,10,34,8194,กรุงเทพมหานคร,สวนหลวง,2,ห้องชุด/คอนโด,,,29.16,8194,7/11/2026 3:32
not_found,LandsMaps ไม่พบโฉนด,10290,10_32_9440,10,32,9440,กรุงเทพมหานคร,ประเวศ,2,ห้องชุด/คอนโด,,,65.5,"9440-9445,9439",7/11/2026 3:32
not_found,LandsMaps ไม่พบโฉนด,10290,10_32_9441,10,32,9441,กรุงเทพมหานคร,ประเวศ,2,ห้องชุด/คอนโด,,,65.5,"9440-9445,9439",7/11/2026 3:32
not_found,LandsMaps ไม่พบโฉนด,10290,10_32_9442,10,32,9442,กรุงเทพมหานคร,ประเวศ,2,ห้องชุด/คอนโด,,,65.5,"9440-9445,9439",7/11/2026 3:32
not_found,LandsMaps ไม่พบโฉนด,10290,10_32_9443,10,32,9443,กรุงเทพมหานคร,ประเวศ,2,ห้องชุด/คอนโด,,,65.5,"9440-9445,9439",7/11/2026 3:32
not_found,LandsMaps ไม่พบโฉนด,10290,10_32_9444,10,32,9444,กรุงเทพมหานคร,ประเวศ,2,ห้องชุด/คอนโด,,,65.5,"9440-9445,9439",7/11/2026 3:32
not_found,LandsMaps ไม่พบโฉนด,10290,10_32_9445,10,32,9445,กรุงเทพมหานคร,ประเวศ,2,ห้องชุด/คอนโด,,,65.5,"9440-9445,9439",7/11/2026 3:32
not_found,LandsMaps ไม่พบโฉนด,10290,10_32_9439,10,32,9439,กรุงเทพมหานคร,ประเวศ,2,ห้องชุด/คอนโด,,,65.5,"9440-9445,9439",7/11/2026 3:32
not_found,LandsMaps ไม่พบโฉนด,10291,10_32_53353,10,32,53353,กรุงเทพมหานคร,ประเวศ,3,ที่ดิน+สิ่งปลูกสร้าง,,,17.3,53353,7/11/2026 3:32
not_found,LandsMaps ไม่พบโฉนด,10292,10_34_18223,10,34,18223,กรุงเทพมหานคร,สวนหลวง,2,ห้องชุด/คอนโด,,,33.98,"18,223,184,071,840,800,000",7/11/2026 3:32
not_found,LandsMaps ไม่พบโฉนด,10292,10_34_18407,10,34,18407,กรุงเทพมหานคร,สวนหลวง,2,ห้องชุด/คอนโด,,,33.98,"18,223,184,071,840,800,000",7/11/2026 3:32
not_found,LandsMaps ไม่พบโฉนด,10292,10_34_18408,10,34,18408,กรุงเทพมหานคร,สวนหลวง,2,ห้องชุด/คอนโด,,,33.98,"18,223,184,071,840,800,000",7/11/2026 3:32
not_found,LandsMaps ไม่พบโฉนด,10292,10_34_31729,10,34,31729,กรุงเทพมหานคร,สวนหลวง,2,ห้องชุด/คอนโด,,,33.98,"18,223,184,071,840,800,000",7/11/2026 3:32
not_found,LandsMaps ไม่พบโฉนด,10293,10_32_33731,10,32,33731,กรุงเทพมหานคร,ประเวศ,3,ที่ดิน+สิ่งปลูกสร้าง,,,18.7,33731,7/11/2026 3:32
not_found,LandsMaps ไม่พบโฉนด,10294,10_34_5374,10,34,5374,กรุงเทพมหานคร,สวนหลวง,2,ห้องชุด/คอนโด,,,35.44,5374,7/11/2026 3:32
not_found,LandsMaps ไม่พบโฉนด,10395,10_34_11925,10,34,11925,กรุงเทพมหานคร,สวนหลวง,2,ห้องชุด/คอนโด,,,22.54,"1,192,516,341,163,420,000,000,000",7/11/2026 3:32
not_found,LandsMaps ไม่พบโฉนด,10395,10_34_16341,10,34,16341,กรุงเทพมหานคร,สวนหลวง,2,ห้องชุด/คอนโด,,,22.54,"1,192,516,341,163,420,000,000,000",7/11/2026 3:32
not_found,LandsMaps ไม่พบโฉนด,10395,10_34_16342,10,34,16342,กรุงเทพมหานคร,สวนหลวง,2,ห้องชุด/คอนโด,,,22.54,"1,192,516,341,163,420,000,000,000",7/11/2026 3:32
not_found,LandsMaps ไม่พบโฉนด,10395,10_34_16343,10,34,16343,กรุงเทพมหานคร,สวนหลวง,2,ห้องชุด/คอนโด,,,22.54,"1,192,516,341,163,420,000,000,000",7/11/2026 3:32
not_found,LandsMaps ไม่พบโฉนด,10395,10_34_16344,10,34,16344,กรุงเทพมหานคร,สวนหลวง,2,ห้องชุด/คอนโด,,,22.54,"1,192,516,341,163,420,000,000,000",7/11/2026 3:32
not_found,LandsMaps ไม่พบโฉนด,10396,10_32_33696,10,32,33696,กรุงเทพมหานคร,ประเวศ,2,ห้องชุด/คอนโด,,,27.02,"3,369,657,985,593,160,000,000,000",7/11/2026 3:32
not_found,LandsMaps ไม่พบโฉนด,10396,10_32_57985,10,32,57985,กรุงเทพมหานคร,ประเวศ,2,ห้องชุด/คอนโด,,,27.02,"3,369,657,985,593,160,000,000,000",7/11/2026 3:32
not_found,LandsMaps ไม่พบโฉนด,10396,10_32_59316,10,32,59316,กรุงเทพมหานคร,ประเวศ,2,ห้องชุด/คอนโด,,,27.02,"3,369,657,985,593,160,000,000,000",7/11/2026 3:32
not_found,LandsMaps ไม่พบโฉนด,10396,10_32_41078,10,32,41078,กรุงเทพมหานคร,ประเวศ,2,ห้องชุด/คอนโด,,,27.02,"3,369,657,985,593,160,000,000,000",7/11/2026 3:32
not_found,LandsMaps ไม่พบโฉนด,10396,10_32_57986,10,32,57986,กรุงเทพมหานคร,ประเวศ,2,ห้องชุด/คอนโด,,,27.02,"3,369,657,985,593,160,000,000,000",7/11/2026 3:32
not_found,LandsMaps ไม่พบโฉนด,10397,10_09_86237,10,9,86237,กรุงเทพมหานคร,พระโขนง,3,ที่ดิน+สิ่งปลูกสร้าง,,,40,86237,7/11/2026 3:32
not_found,LandsMaps ไม่พบโฉนด,10398,10_09_2420,10,9,2420,กรุงเทพมหานคร,พระโขนง,2,ห้องชุด/คอนโด,,,26.46,"2,420,249,173",7/11/2026 3:32
not_found,LandsMaps ไม่พบโฉนด,10398,10_09_249173,10,9,249173,กรุงเทพมหานคร,พระโขนง,2,ห้องชุด/คอนโด,,,26.46,"2,420,249,173",7/11/2026 3:32
not_found,LandsMaps ไม่พบโฉนด,10399,10_09_1484,10,9,1484,กรุงเทพมหานคร,พระโขนง,2,ห้องชุด/คอนโด,,,34.82,"1484,39102-39104,39147-39149",7/11/2026 3:32
not_found,LandsMaps ไม่พบโฉนด,10399,10_09_39102,10,9,39102,กรุงเทพมหานคร,พระโขนง,2,ห้องชุด/คอนโด,,,34.82,"1484,39102-39104,39147-39149",7/11/2026 3:32
not_found,LandsMaps ไม่พบโฉนด,10399,10_09_39103,10,9,39103,กรุงเทพมหานคร,พระโขนง,2,ห้องชุด/คอนโด,,,34.82,"1484,39102-39104,39147-39149",7/11/2026 3:32
not_found,LandsMaps ไม่พบโฉนด,10399,10_09_39104,10,9,39104,กรุงเทพมหานคร,พระโขนง,2,ห้องชุด/คอนโด,,,34.82,"1484,39102-39104,39147-39149",7/11/2026 3:32
not_found,LandsMaps ไม่พบโฉนด,10399,10_09_39147,10,9,39147,กรุงเทพมหานคร,พระโขนง,2,ห้องชุด/คอนโด,,,34.82,"1484,39102-39104,39147-39149",7/11/2026 3:32
not_found,LandsMaps ไม่พบโฉนด,10399,10_09_39148,10,9,39148,กรุงเทพมหานคร,พระโขนง,2,ห้องชุด/คอนโด,,,34.82,"1484,39102-39104,39147-39149",7/11/2026 3:32
not_found,LandsMaps ไม่พบโฉนด,10399,10_09_39149,10,9,39149,กรุงเทพมหานคร,พระโขนง,2,ห้องชุด/คอนโด,,,34.82,"1484,39102-39104,39147-39149",7/11/2026 3:32
not_found,LandsMaps ไม่พบโฉนด,10400,10_32_16033,10,32,16033,กรุงเทพมหานคร,ประเวศ,3,ที่ดิน+สิ่งปลูกสร้าง,,,57.2,16033,7/11/2026 3:32
not_found,LandsMaps ไม่พบโฉนด,10401,10_34_7249,10,34,7249,กรุงเทพมหานคร,สวนหลวง,2,ห้องชุด/คอนโด,,,29.68,7249,7/11/2026 3:32
not_found,LandsMaps ไม่พบโฉนด,10402,10_09_33643,10,9,33643,กรุงเทพมหานคร,พระโขนง,2,ห้องชุด/คอนโด,,,30.19,"336,433,364,433,645",7/11/2026 3:32
not_found,LandsMaps ไม่พบโฉนด,10402,10_09_33644,10,9,33644,กรุงเทพมหานคร,พระโขนง,2,ห้องชุด/คอนโด,,,30.19,"336,433,364,433,645",7/11/2026 3:32
not_found,LandsMaps ไม่พบโฉนด,10402,10_09_33645,10,9,33645,กรุงเทพมหานคร,พระโขนง,2,ห้องชุด/คอนโด,,,30.19,"336,433,364,433,645",7/11/2026 3:32
not_found,LandsMaps ไม่พบโฉนด,10403,10_09_238444,10,9,238444,กรุงเทพมหานคร,พระโขนง,3,ที่ดิน+สิ่งปลูกสร้าง,,,26.5,238444,7/11/2026 3:32
not_found,LandsMaps ไม่พบโฉนด,10404,10_09_238443,10,9,238443,กรุงเทพมหานคร,พระโขนง,3,ที่ดิน+สิ่งปลูกสร้าง,,,26.2,238443,7/11/2026 3:32
not_found,LandsMaps ไม่พบโฉนด,10405,10_32_2120,10,32,2120,กรุงเทพมหานคร,ประเวศ,3,ที่ดิน+สิ่งปลูกสร้าง,,,16,2120,7/11/2026 3:32
not_found,LandsMaps ไม่พบโฉนด,10406,10_47_940,10,47,940,กรุงเทพมหานคร,บางนา,2,ห้องชุด/คอนโด,,,34.39,940,7/11/2026 3:32
not_found,LandsMaps ไม่พบโฉนด,10407,10_34_141247,10,34,141247,กรุงเทพมหานคร,สวนหลวง (พระโขนง),2,ห้องชุด/คอนโด,,,25.54,"141,247,141,248,141,000,000,000,000,000",7/11/2026 3:32
not_found,LandsMaps ไม่พบโฉนด,10407,10_34_141248,10,34,141248,กรุงเทพมหานคร,สวนหลวง (พระโขนง),2,ห้องชุด/คอนโด,,,25.54,"141,247,141,248,141,000,000,000,000,000",7/11/2026 3:32
not_found,LandsMaps ไม่พบโฉนด,10407,10_34_141249,10,34,141249,กรุงเทพมหานคร,สวนหลวง (พระโขนง),2,ห้องชุด/คอนโด,,,25.54,"141,247,141,248,141,000,000,000,000,000",7/11/2026 3:32
not_found,LandsMaps ไม่พบโฉนด,10407,10_34_141250,10,34,141250,กรุงเทพมหานคร,สวนหลวง (พระโขนง),2,ห้องชุด/คอนโด,,,25.54,"141,247,141,248,141,000,000,000,000,000",7/11/2026 3:32
not_found,LandsMaps ไม่พบโฉนด,10407,10_34_141251,10,34,141251,กรุงเทพมหานคร,สวนหลวง (พระโขนง),2,ห้องชุด/คอนโด,,,25.54,"141,247,141,248,141,000,000,000,000,000",7/11/2026 3:32
not_found,LandsMaps ไม่พบโฉนด,10408,10_32_41077,10,32,41077,กรุงเทพมหานคร,ประเวศ,2,ห้องชุด/คอนโด,,,22.54,41077,7/11/2026 3:32
not_found,LandsMaps ไม่พบโฉนด,10409,10_09_251421,10,9,251421,กรุงเทพมหานคร,พระโขนง,2,ห้องชุด/คอนโด,,,41.65,"251421,5142 (บางส่วน)",7/11/2026 3:32
not_found,LandsMaps ไม่พบโฉนด,10409,10_09_5142,10,9,5142,กรุงเทพมหานคร,พระโขนง,2,ห้องชุด/คอนโด,,,41.65,"251421,5142 (บางส่วน)",7/11/2026 3:32
not_found,LandsMaps ไม่พบโฉนด,10410,10_09_160458,10,9,160458,กรุงเทพมหานคร,พระโขนง,3,ที่ดิน+สิ่งปลูกสร้าง,,,18,160458,7/11/2026 3:32
not_found,LandsMaps ไม่พบโฉนด,10411,10_09_126024,10,9,126024,กรุงเทพมหานคร,พระโขนง,3,ที่ดิน+สิ่งปลูกสร้าง,,,43,126024,7/11/2026 3:32
not_found,LandsMaps ไม่พบโฉนด,10412,10_09_126025,10,9,126025,กรุงเทพมหานคร,พระโขนง,3,ที่ดิน+สิ่งปลูกสร้าง,,,43,126025,7/11/2026 3:32
not_found,LandsMaps ไม่พบโฉนด,10413,10_09_8315,10,9,8315,กรุงเทพมหานคร,พระโขนง,1,ที่ดินเปล่า,,,99,8315,7/11/2026 3:33
not_found,LandsMaps ไม่พบโฉนด,10414,10_47_2664,10,47,2664,กรุงเทพมหานคร,บางนา,2,ห้องชุด/คอนโด,,,26.73,2664,7/11/2026 3:33
not_found,LandsMaps ไม่พบโฉนด,10415,10_32_65085,10,32,65085,กรุงเทพมหานคร,ประเวศ,2,ห้องชุด/คอนโด,,,25.41,"6,508,565,086",7/11/2026 3:33
not_found,LandsMaps ไม่พบโฉนด,10415,10_32_65086,10,32,65086,กรุงเทพมหานคร,ประเวศ,2,ห้องชุด/คอนโด,,,25.41,"6,508,565,086",7/11/2026 3:33
not_found,LandsMaps ไม่พบโฉนด,10416,10_09_186302,10,9,186302,กรุงเทพมหานคร,พระโขนง,3,ที่ดิน+สิ่งปลูกสร้าง,,,17,186302,7/11/2026 3:33
not_found,LandsMaps ไม่พบโฉนด,10417,10_34_8776,10,34,8776,กรุงเทพมหานคร,สวนหลวง,2,ห้องชุด/คอนโด,,,26.47,"877,616,337,163,381,000,000,000",7/11/2026 3:33
not_found,LandsMaps ไม่พบโฉนด,10417,10_34_16337,10,34,16337,กรุงเทพมหานคร,สวนหลวง,2,ห้องชุด/คอนโด,,,26.47,"877,616,337,163,381,000,000,000",7/11/2026 3:33
not_found,LandsMaps ไม่พบโฉนด,10417,10_34_16338,10,34,16338,กรุงเทพมหานคร,สวนหลวง,2,ห้องชุด/คอนโด,,,26.47,"877,616,337,163,381,000,000,000",7/11/2026 3:33
not_found,LandsMaps ไม่พบโฉนด,10417,10_34_16339,10,34,16339,กรุงเทพมหานคร,สวนหลวง,2,ห้องชุด/คอนโด,,,26.47,"877,616,337,163,381,000,000,000",7/11/2026 3:33
not_found,LandsMaps ไม่พบโฉนด,10417,10_34_16340,10,34,16340,กรุงเทพมหานคร,สวนหลวง,2,ห้องชุด/คอนโด,,,26.47,"877,616,337,163,381,000,000,000",7/11/2026 3:33
not_found,LandsMaps ไม่พบโฉนด,10418,10_09_2420,10,9,2420,กรุงเทพมหานคร,พระโขนง,2,ห้องชุด/คอนโด,,,26.23,"2,420,249,173",7/11/2026 3:33
not_found,LandsMaps ไม่พบโฉนด,10418,10_09_249173,10,9,249173,กรุงเทพมหานคร,พระโขนง,2,ห้องชุด/คอนโด,,,26.23,"2,420,249,173",7/11/2026 3:33
not_found,LandsMaps ไม่พบโฉนด,10419,10_34_15683,10,34,15683,กรุงเทพมหานคร,สวนหลวง,2,ห้องชุด/คอนโด,,,28.34,"156,831,568,415,685,000,000,000,000,000,000,000,000,000,000",7/11/2026 3:33
not_found,LandsMaps ไม่พบโฉนด,10419,10_34_15684,10,34,15684,กรุงเทพมหานคร,สวนหลวง,2,ห้องชุด/คอนโด,,,28.34,"156,831,568,415,685,000,000,000,000,000,000,000,000,000,000",7/11/2026 3:33
not_found,LandsMaps ไม่พบโฉนด,10419,10_34_15685,10,34,15685,กรุงเทพมหานคร,สวนหลวง,2,ห้องชุด/คอนโด,,,28.34,"156,831,568,415,685,000,000,000,000,000,000,000,000,000,000",7/11/2026 3:33
not_found,LandsMaps ไม่พบโฉนด,10419,10_34_15686,10,34,15686,กรุงเทพมหานคร,สวนหลวง,2,ห้องชุด/คอนโด,,,28.34,"156,831,568,415,685,000,000,000,000,000,000,000,000,000,000",7/11/2026 3:33
not_found,LandsMaps ไม่พบโฉนด,10419,10_34_15687,10,34,15687,กรุงเทพมหานคร,สวนหลวง,2,ห้องชุด/คอนโด,,,28.34,"156,831,568,415,685,000,000,000,000,000,000,000,000,000,000",7/11/2026 3:33
not_found,LandsMaps ไม่พบโฉนด,10419,10_34_15688,10,34,15688,กรุงเทพมหานคร,สวนหลวง,2,ห้องชุด/คอนโด,,,28.34,"156,831,568,415,685,000,000,000,000,000,000,000,000,000,000",7/11/2026 3:33
not_found,LandsMaps ไม่พบโฉนด,10419,10_34_15689,10,34,15689,กรุงเทพมหานคร,สวนหลวง,2,ห้องชุด/คอนโด,,,28.34,"156,831,568,415,685,000,000,000,000,000,000,000,000,000,000",7/11/2026 3:33
not_found,LandsMaps ไม่พบโฉนด,10419,10_34_15690,10,34,15690,กรุงเทพมหานคร,สวนหลวง,2,ห้องชุด/คอนโด,,,28.34,"156,831,568,415,685,000,000,000,000,000,000,000,000,000,000",7/11/2026 3:33
not_found,LandsMaps ไม่พบโฉนด,10419,10_34_15691,10,34,15691,กรุงเทพมหานคร,สวนหลวง,2,ห้องชุด/คอนโด,,,28.34,"156,831,568,415,685,000,000,000,000,000,000,000,000,000,000",7/11/2026 3:33
not_found,LandsMaps ไม่พบโฉนด,10420,10_47_1880,10,47,1880,กรุงเทพมหานคร,บางนา,2,ห้องชุด/คอนโด,,,31.07,"18,801,881",7/11/2026 3:33
not_found,LandsMaps ไม่พบโฉนด,10420,10_47_1881,10,47,1881,กรุงเทพมหานคร,บางนา,2,ห้องชุด/คอนโด,,,31.07,"18,801,881",7/11/2026 3:33
not_found,LandsMaps ไม่พบโฉนด,10421,10_34_5180,10,34,5180,กรุงเทพมหานคร,สวนหลวง,2,ห้องชุด/คอนโด,,,27.67,5180,7/11/2026 3:33
not_found,LandsMaps ไม่พบโฉนด,10422,10_34_5376,10,34,5376,กรุงเทพมหานคร,สวนหลวง,2,ห้องชุด/คอนโด,,,34.95,"53,765,500",7/11/2026 3:33
not_found,LandsMaps ไม่พบโฉนด,10422,10_34_5500,10,34,5500,กรุงเทพมหานคร,สวนหลวง,2,ห้องชุด/คอนโด,,,34.95,"53,765,500",7/11/2026 3:33
not_found,LandsMaps ไม่พบโฉนด,10423,10_32_65087,10,32,65087,กรุงเทพมหานคร,ประเวศ,2,ห้องชุด/คอนโด,,,25.79,"65,087,650,886,510,000,000",7/11/2026 3:33
not_found,LandsMaps ไม่พบโฉนด,10423,10_32_65088,10,32,65088,กรุงเทพมหานคร,ประเวศ,2,ห้องชุด/คอนโด,,,25.79,"65,087,650,886,510,000,000",7/11/2026 3:33
not_found,LandsMaps ไม่พบโฉนด,10423,10_32_65100,10,32,65100,กรุงเทพมหานคร,ประเวศ,2,ห้องชุด/คอนโด,,,25.79,"65,087,650,886,510,000,000",7/11/2026 3:33
not_found,LandsMaps ไม่พบโฉนด,10423,10_32_65101,10,32,65101,กรุงเทพมหานคร,ประเวศ,2,ห้องชุด/คอนโด,,,25.79,"65,087,650,886,510,000,000",7/11/2026 3:33
not_found,LandsMaps ไม่พบโฉนด,10424,10_09_41080,10,9,41080,กรุงเทพมหานคร,พระโขนง,2,ห้องชุด/คอนโด,,,31.43,"410,804,108,141,082",7/11/2026 3:33
not_found,LandsMaps ไม่พบโฉนด,10424,10_09_41081,10,9,41081,กรุงเทพมหานคร,พระโขนง,2,ห้องชุด/คอนโด,,,31.43,"410,804,108,141,082",7/11/2026 3:33
not_found,LandsMaps ไม่พบโฉนด,10424,10_09_41082,10,9,41082,กรุงเทพมหานคร,พระโขนง,2,ห้องชุด/คอนโด,,,31.43,"410,804,108,141,082",7/11/2026 3:33
not_found,LandsMaps ไม่พบโฉนด,10425,10_32_65087,10,32,65087,กรุงเทพมหานคร,ประเวศ,2,ห้องชุด/คอนโด,,,25.79,"65,087,650,886,510,000,000",7/11/2026 3:33
not_found,LandsMaps ไม่พบโฉนด,10425,10_32_65088,10,32,65088,กรุงเทพมหานคร,ประเวศ,2,ห้องชุด/คอนโด,,,25.79,"65,087,650,886,510,000,000",7/11/2026 3:33
not_found,LandsMaps ไม่พบโฉนด,10425,10_32_65100,10,32,65100,กรุงเทพมหานคร,ประเวศ,2,ห้องชุด/คอนโด,,,25.79,"65,087,650,886,510,000,000",7/11/2026 3:33
not_found,LandsMaps ไม่พบโฉนด,10425,10_32_65101,10,32,65101,กรุงเทพมหานคร,ประเวศ,2,ห้องชุด/คอนโด,,,25.79,"65,087,650,886,510,000,000",7/11/2026 3:33
not_found,LandsMaps ไม่พบโฉนด,10426,10_34_4498,10,34,4498,กรุงเทพมหานคร,สวนหลวง,3,ที่ดิน+สิ่งปลูกสร้าง,,,53.5,4498,7/11/2026 3:33
not_found,LandsMaps ไม่พบโฉนด,10427,10_32_245063,10,32,245063,กรุงเทพมหานคร,ประเวศ,2,ห้องชุด/คอนโด,,,25.48,"1569-1579,1601,1602,3497,245063,245064",7/11/2026 3:33
not_found,LandsMaps ไม่พบโฉนด,10427,10_32_245064,10,32,245064,กรุงเทพมหานคร,ประเวศ,2,ห้องชุด/คอนโด,,,25.48,"1569-1579,1601,1602,3497,245063,245064",7/11/2026 3:33
not_found,LandsMaps ไม่พบโฉนด,10428,10_34_4426,10,34,4426,กรุงเทพมหานคร,สวนหลวง,3,ที่ดิน+สิ่งปลูกสร้าง,,,20.2,4426,7/11/2026 3:33
not_found,LandsMaps ไม่พบโฉนด,10429,10_32_50445,10,32,50445,กรุงเทพมหานคร,ประเวศ,3,ที่ดิน+สิ่งปลูกสร้าง,,,71.3,50445,7/11/2026 3:33
not_found,LandsMaps ไม่พบโฉนด,10430,10_32_237088,10,32,237088,กรุงเทพมหานคร,ประเวศ(พระโขนง),3,ที่ดิน+สิ่งปลูกสร้าง,,,35,237088,7/11/2026 3:33
not_found,LandsMaps ไม่พบโฉนด,10431,10_47_1789,10,47,1789,กรุงเทพมหานคร,บางนา,2,ห้องชุด/คอนโด,,,21.91,"1789,2249-2255,2258,2261-2265,2267",7/11/2026 3:33
not_found,LandsMaps ไม่พบโฉนด,10431,10_47_2249,10,47,2249,กรุงเทพมหานคร,บางนา,2,ห้องชุด/คอนโด,,,21.91,"1789,2249-2255,2258,2261-2265,2267",7/11/2026 3:33
not_found,LandsMaps ไม่พบโฉนด,10431,10_47_2250,10,47,2250,กรุงเทพมหานคร,บางนา,2,ห้องชุด/คอนโด,,,21.91,"1789,2249-2255,2258,2261-2265,2267",7/11/2026 3:33
not_found,LandsMaps ไม่พบโฉนด,10431,10_47_2251,10,47,2251,กรุงเทพมหานคร,บางนา,2,ห้องชุด/คอนโด,,,21.91,"1789,2249-2255,2258,2261-2265,2267",7/11/2026 3:33
not_found,LandsMaps ไม่พบโฉนด,10431,10_47_2252,10,47,2252,กรุงเทพมหานคร,บางนา,2,ห้องชุด/คอนโด,,,21.91,"1789,2249-2255,2258,2261-2265,2267",7/11/2026 3:33
not_found,LandsMaps ไม่พบโฉนด,10431,10_47_2253,10,47,2253,กรุงเทพมหานคร,บางนา,2,ห้องชุด/คอนโด,,,21.91,"1789,2249-2255,2258,2261-2265,2267",7/11/2026 3:33
not_found,LandsMaps ไม่พบโฉนด,10431,10_47_2254,10,47,2254,กรุงเทพมหานคร,บางนา,2,ห้องชุด/คอนโด,,,21.91,"1789,2249-2255,2258,2261-2265,2267",7/11/2026 3:33
not_found,LandsMaps ไม่พบโฉนด,10431,10_47_2255,10,47,2255,กรุงเทพมหานคร,บางนา,2,ห้องชุด/คอนโด,,,21.91,"1789,2249-2255,2258,2261-2265,2267",7/11/2026 3:33
not_found,LandsMaps ไม่พบโฉนด,10431,10_47_2258,10,47,2258,กรุงเทพมหานคร,บางนา,2,ห้องชุด/คอนโด,,,21.91,"1789,2249-2255,2258,2261-2265,2267",7/11/2026 3:33
not_found,LandsMaps ไม่พบโฉนด,10431,10_47_2261,10,47,2261,กรุงเทพมหานคร,บางนา,2,ห้องชุด/คอนโด,,,21.91,"1789,2249-2255,2258,2261-2265,2267",7/11/2026 3:33
not_found,LandsMaps ไม่พบโฉนด,10431,10_47_2262,10,47,2262,กรุงเทพมหานคร,บางนา,2,ห้องชุด/คอนโด,,,21.91,"1789,2249-2255,2258,2261-2265,2267",7/11/2026 3:33
not_found,LandsMaps ไม่พบโฉนด,10431,10_47_2263,10,47,2263,กรุงเทพมหานคร,บางนา,2,ห้องชุด/คอนโด,,,21.91,"1789,2249-2255,2258,2261-2265,2267",7/11/2026 3:33
not_found,LandsMaps ไม่พบโฉนด,10431,10_47_2264,10,47,2264,กรุงเทพมหานคร,บางนา,2,ห้องชุด/คอนโด,,,21.91,"1789,2249-2255,2258,2261-2265,2267",7/11/2026 3:33
not_found,LandsMaps ไม่พบโฉนด,10431,10_47_2265,10,47,2265,กรุงเทพมหานคร,บางนา,2,ห้องชุด/คอนโด,,,21.91,"1789,2249-2255,2258,2261-2265,2267",7/11/2026 3:33
not_found,LandsMaps ไม่พบโฉนด,10431,10_47_2267,10,47,2267,กรุงเทพมหานคร,บางนา,2,ห้องชุด/คอนโด,,,21.91,"1789,2249-2255,2258,2261-2265,2267",7/11/2026 3:33
not_found,LandsMaps ไม่พบโฉนด,10432,10_47_1789,10,47,1789,กรุงเทพมหานคร,บางนา,2,ห้องชุด/คอนโด,,,22.58,"1789,2249-2255,2258,2261-2265,2267",7/11/2026 3:33
not_found,LandsMaps ไม่พบโฉนด,10432,10_47_2249,10,47,2249,กรุงเทพมหานคร,บางนา,2,ห้องชุด/คอนโด,,,22.58,"1789,2249-2255,2258,2261-2265,2267",7/11/2026 3:33
not_found,LandsMaps ไม่พบโฉนด,10432,10_47_2250,10,47,2250,กรุงเทพมหานคร,บางนา,2,ห้องชุด/คอนโด,,,22.58,"1789,2249-2255,2258,2261-2265,2267",7/11/2026 3:33
not_found,LandsMaps ไม่พบโฉนด,10432,10_47_2251,10,47,2251,กรุงเทพมหานคร,บางนา,2,ห้องชุด/คอนโด,,,22.58,"1789,2249-2255,2258,2261-2265,2267",7/11/2026 3:33
not_found,LandsMaps ไม่พบโฉนด,10432,10_47_2252,10,47,2252,กรุงเทพมหานคร,บางนา,2,ห้องชุด/คอนโด,,,22.58,"1789,2249-2255,2258,2261-2265,2267",7/11/2026 3:33
not_found,LandsMaps ไม่พบโฉนด,10432,10_47_2253,10,47,2253,กรุงเทพมหานคร,บางนา,2,ห้องชุด/คอนโด,,,22.58,"1789,2249-2255,2258,2261-2265,2267",7/11/2026 3:33
not_found,LandsMaps ไม่พบโฉนด,10432,10_47_2254,10,47,2254,กรุงเทพมหานคร,บางนา,2,ห้องชุด/คอนโด,,,22.58,"1789,2249-2255,2258,2261-2265,2267",7/11/2026 3:33
not_found,LandsMaps ไม่พบโฉนด,10432,10_47_2255,10,47,2255,กรุงเทพมหานคร,บางนา,2,ห้องชุด/คอนโด,,,22.58,"1789,2249-2255,2258,2261-2265,2267",7/11/2026 3:33
not_found,LandsMaps ไม่พบโฉนด,10432,10_47_2258,10,47,2258,กรุงเทพมหานคร,บางนา,2,ห้องชุด/คอนโด,,,22.58,"1789,2249-2255,2258,2261-2265,2267",7/11/2026 3:33
not_found,LandsMaps ไม่พบโฉนด,10432,10_47_2261,10,47,2261,กรุงเทพมหานคร,บางนา,2,ห้องชุด/คอนโด,,,22.58,"1789,2249-2255,2258,2261-2265,2267",7/11/2026 3:33
not_found,LandsMaps ไม่พบโฉนด,10432,10_47_2262,10,47,2262,กรุงเทพมหานคร,บางนา,2,ห้องชุด/คอนโด,,,22.58,"1789,2249-2255,2258,2261-2265,2267",7/11/2026 3:33
not_found,LandsMaps ไม่พบโฉนด,10432,10_47_2263,10,47,2263,กรุงเทพมหานคร,บางนา,2,ห้องชุด/คอนโด,,,22.58,"1789,2249-2255,2258,2261-2265,2267",7/11/2026 3:33
not_found,LandsMaps ไม่พบโฉนด,10432,10_47_2264,10,47,2264,กรุงเทพมหานคร,บางนา,2,ห้องชุด/คอนโด,,,22.58,"1789,2249-2255,2258,2261-2265,2267",7/11/2026 3:33
not_found,LandsMaps ไม่พบโฉนด,10432,10_47_2265,10,47,2265,กรุงเทพมหานคร,บางนา,2,ห้องชุด/คอนโด,,,22.58,"1789,2249-2255,2258,2261-2265,2267",7/11/2026 3:33
not_found,LandsMaps ไม่พบโฉนด,10432,10_47_2267,10,47,2267,กรุงเทพมหานคร,บางนา,2,ห้องชุด/คอนโด,,,22.58,"1789,2249-2255,2258,2261-2265,2267",7/11/2026 3:33
not_found,LandsMaps ไม่พบโฉนด,10433,10_47_3289,10,47,3289,กรุงเทพมหานคร,บางนา,2,ห้องชุด/คอนโด,,,41.08,3289,7/11/2026 3:33
not_found,LandsMaps ไม่พบโฉนด,10434,10_32_40698,10,32,40698,กรุงเทพมหานคร,ประเวศ,3,ที่ดิน+สิ่งปลูกสร้าง,,1,14.1,40698,7/11/2026 3:33
not_found,LandsMaps ไม่พบโฉนด,10435,10_09_249172,10,9,249172,กรุงเทพมหานคร,พระโขนง,2,ห้องชุด/คอนโด,,,21.96,249172,7/11/2026 3:33
not_found,LandsMaps ไม่พบโฉนด,10436,10_32_196544,10,32,196544,กรุงเทพมหานคร,ประเวศ,2,ห้องชุด/คอนโด,,,24.34,196544,7/11/2026 3:33
not_found,LandsMaps ไม่พบโฉนด,10437,10_09_2420,10,9,2420,กรุงเทพมหานคร,พระโขนง,2,ห้องชุด/คอนโด,,,26.53,"2,420,249,173",7/11/2026 3:33
not_found,LandsMaps ไม่พบโฉนด,10437,10_09_249173,10,9,249173,กรุงเทพมหานคร,พระโขนง,2,ห้องชุด/คอนโด,,,26.53,"2,420,249,173",7/11/2026 3:33
not_found,LandsMaps ไม่พบโฉนด,10438,10_09_249172,10,9,249172,กรุงเทพมหานคร,พระโขนง,2,ห้องชุด/คอนโด,,,21.96,249172,7/11/2026 3:33
not_found,LandsMaps ไม่พบโฉนด,10439,10_09_16996,10,9,16996,กรุงเทพมหานคร,พระโขนง,2,ห้องชุด/คอนโด,,,24.12,"16996.16997,56480",7/11/2026 3:33
not_found,LandsMaps ไม่พบโฉนด,10439,10_09_16997,10,9,16997,กรุงเทพมหานคร,พระโขนง,2,ห้องชุด/คอนโด,,,24.12,"16996.16997,56480",7/11/2026 3:33
not_found,LandsMaps ไม่พบโฉนด,10439,10_09_56480,10,9,56480,กรุงเทพมหานคร,พระโขนง,2,ห้องชุด/คอนโด,,,24.12,"16996.16997,56480",7/11/2026 3:33
not_found,LandsMaps ไม่พบโฉนด,10440,10_32_196542,10,32,196542,กรุงเทพมหานคร,ประเวศ (พระโขนง),2,ห้องชุด/คอนโด,,,24.34,196542,7/11/2026 3:33
not_found,LandsMaps ไม่พบโฉนด,10441,10_47_26935,10,47,26935,กรุงเทพมหานคร,บางนา,2,ห้องชุด/คอนโด,,,23.12,26935,7/11/2026 3:33
not_found,LandsMaps ไม่พบโฉนด,10442,10_09_115160,10,9,115160,กรุงเทพมหานคร,พระโขนง,2,ห้องชุด/คอนโด,,,28.99,115160,7/11/2026 3:34
not_found,LandsMaps ไม่พบโฉนด,10443,10_09_127569,10,9,127569,กรุงเทพมหานคร,พระโขนง,2,ห้องชุด/คอนโด,,,26.39,127569,7/11/2026 3:34
not_found,LandsMaps ไม่พบโฉนด,10444,10_06_60090,10,6,60090,กรุงเทพมหานคร,บางกะปิ,2,ห้องชุด/คอนโด,,,28.8,60090,7/11/2026 3:34
not_found,LandsMaps ไม่พบโฉนด,10445,10_09_41828,10,9,41828,กรุงเทพมหานคร,พระโขนง,3,ที่ดิน+สิ่งปลูกสร้าง,,,59,41828,7/11/2026 3:34
not_found,LandsMaps ไม่พบโฉนด,10446,10_32_1597,10,32,1597,กรุงเทพมหานคร,ประเวศ,2,ห้องชุด/คอนโด,,,24.62,"1,597,159,815,991,600",7/11/2026 3:34
not_found,LandsMaps ไม่พบโฉนด,10446,10_32_1598,10,32,1598,กรุงเทพมหานคร,ประเวศ,2,ห้องชุด/คอนโด,,,24.62,"1,597,159,815,991,600",7/11/2026 3:34
not_found,LandsMaps ไม่พบโฉนด,10446,10_32_1599,10,32,1599,กรุงเทพมหานคร,ประเวศ,2,ห้องชุด/คอนโด,,,24.62,"1,597,159,815,991,600",7/11/2026 3:34
not_found,LandsMaps ไม่พบโฉนด,10446,10_32_1600,10,32,1600,กรุงเทพมหานคร,ประเวศ,2,ห้องชุด/คอนโด,,,24.62,"1,597,159,815,991,600",7/11/2026 3:34
not_found,LandsMaps ไม่พบโฉนด,10447,10_34_5385,10,34,5385,กรุงเทพมหานคร,สวนหลวง,2,ห้องชุด/คอนโด,,,37.91,5385,7/11/2026 3:34
not_found,LandsMaps ไม่พบโฉนด,10448,10_47_1760,10,47,1760,กรุงเทพมหานคร,บางนา,2,ห้องชุด/คอนโด,,,22.8,1760,7/11/2026 3:34
not_found,LandsMaps ไม่พบโฉนด,10449,10_47_1126,10,47,1126,กรุงเทพมหานคร,บางนา,3,ที่ดิน+สิ่งปลูกสร้าง,,,79.5,1126,7/11/2026 3:34
not_found,LandsMaps ไม่พบโฉนด,10450,10_32_56274,10,32,56274,กรุงเทพมหานคร,ประเวศ,3,ที่ดิน+สิ่งปลูกสร้าง,,,96.3,56274,7/11/2026 3:34
not_found,LandsMaps ไม่พบโฉนด,10451,10_32_245063,10,32,245063,กรุงเทพมหานคร,ประเวศ,2,ห้องชุด/คอนโด,,,29.18,"1569-1579,1601,1602,3497,245063,245064",7/11/2026 3:34
not_found,LandsMaps ไม่พบโฉนด,10451,10_32_245064,10,32,245064,กรุงเทพมหานคร,ประเวศ,2,ห้องชุด/คอนโด,,,29.18,"1569-1579,1601,1602,3497,245063,245064",7/11/2026 3:34
not_found,LandsMaps ไม่พบโฉนด,10452,10_09_1483,10,9,1483,กรุงเทพมหานคร,พระโขนง,2,ห้องชุด/คอนโด,,,28.12,"1,483,390,993,910,030,000,000,000,000,000,000",7/11/2026 3:34
not_found,LandsMaps ไม่พบโฉนด,10452,10_09_39099,10,9,39099,กรุงเทพมหานคร,พระโขนง,2,ห้องชุด/คอนโด,,,28.12,"1,483,390,993,910,030,000,000,000,000,000,000",7/11/2026 3:34
not_found,LandsMaps ไม่พบโฉนด,10452,10_09_39100,10,9,39100,กรุงเทพมหานคร,พระโขนง,2,ห้องชุด/คอนโด,,,28.12,"1,483,390,993,910,030,000,000,000,000,000,000",7/11/2026 3:34
not_found,LandsMaps ไม่พบโฉนด,10452,10_09_39101,10,9,39101,กรุงเทพมหานคร,พระโขนง,2,ห้องชุด/คอนโด,,,28.12,"1,483,390,993,910,030,000,000,000,000,000,000",7/11/2026 3:34
not_found,LandsMaps ไม่พบโฉนด,10452,10_09_39150,10,9,39150,กรุงเทพมหานคร,พระโขนง,2,ห้องชุด/คอนโด,,,28.12,"1,483,390,993,910,030,000,000,000,000,000,000",7/11/2026 3:34
not_found,LandsMaps ไม่พบโฉนด,10452,10_09_39151,10,9,39151,กรุงเทพมหานคร,พระโขนง,2,ห้องชุด/คอนโด,,,28.12,"1,483,390,993,910,030,000,000,000,000,000,000",7/11/2026 3:34
not_found,LandsMaps ไม่พบโฉนด,10452,10_09_39152,10,9,39152,กรุงเทพมหานคร,พระโขนง,2,ห้องชุด/คอนโด,,,28.12,"1,483,390,993,910,030,000,000,000,000,000,000",7/11/2026 3:34
not_found,LandsMaps ไม่พบโฉนด,10453,10_32_11120,10,32,11120,กรุงเทพมหานคร,ประเวศ,2,ห้องชุด/คอนโด,,,25.8,11120,7/11/2026 3:34
not_found,LandsMaps ไม่พบโฉนด,10454,10_32_11120,10,32,11120,กรุงเทพมหานคร,ประเวศ,2,ห้องชุด/คอนโด,,,25.5,11120,7/11/2026 3:34
not_found,LandsMaps ไม่พบโฉนด,10455,10_09_249998,10,9,249998,กรุงเทพมหานคร,พระโขนง,2,ห้องชุด/คอนโด,,,31.91,"249998, 250001 (บางส่วน)",7/11/2026 3:34
not_found,LandsMaps ไม่พบโฉนด,10455,10_09_250001,10,9,250001,กรุงเทพมหานคร,พระโขนง,2,ห้องชุด/คอนโด,,,31.91,"249998, 250001 (บางส่วน)",7/11/2026 3:34
not_found,LandsMaps ไม่พบโฉนด,10456,10_32_41077,10,32,41077,กรุงเทพมหานคร,ประเวศ,2,ห้องชุด/คอนโด,,,26.12,41077,7/11/2026 3:34
not_found,LandsMaps ไม่พบโฉนด,10458,10_34_5374,10,34,5374,กรุงเทพมหานคร,สวนหลวง,2,ห้องชุด/คอนโด,,,28.54,5374,7/11/2026 3:34
not_found,LandsMaps ไม่พบโฉนด,10459,10_32_245063,10,32,245063,กรุงเทพมหานคร,ประเวศ,2,ห้องชุด/คอนโด,,,25.85,"1569-1579,1601,1602,3497,245063,245064",7/11/2026 3:34
not_found,LandsMaps ไม่พบโฉนด,10459,10_32_245064,10,32,245064,กรุงเทพมหานคร,ประเวศ,2,ห้องชุด/คอนโด,,,25.85,"1569-1579,1601,1602,3497,245063,245064",7/11/2026 3:34
not_found,LandsMaps ไม่พบโฉนด,10460,10_32_18624,10,32,18624,กรุงเทพมหานคร,ประเวศ,2,ห้องชุด/คอนโด,,,27.5,18624,7/11/2026 3:34
not_found,LandsMaps ไม่พบโฉนด,10461,10_32_33697,10,32,33697,กรุงเทพมหานคร,ประเวศ,2,ห้องชุด/คอนโด,,,28.38,33697,7/11/2026 3:34
not_found,LandsMaps ไม่พบโฉนด,10462,10_09_20056,10,9,20056,กรุงเทพมหานคร,พระโขนง,2,ห้องชุด/คอนโด,,,33.47,"2,005,620,057",7/11/2026 3:34
not_found,LandsMaps ไม่พบโฉนด,10462,10_09_20057,10,9,20057,กรุงเทพมหานคร,พระโขนง,2,ห้องชุด/คอนโด,,,33.47,"2,005,620,057",7/11/2026 3:34
not_found,LandsMaps ไม่พบโฉนด,10463,10_09_250210,10,9,250210,กรุงเทพมหานคร,พระโขนง,3,ที่ดิน+สิ่งปลูกสร้าง,,,76,250210,7/11/2026 3:34
not_found,LandsMaps ไม่พบโฉนด,10464,10_22_171,10,22,171,กรุงเทพมหานคร,ภาษีเจริญ,2,ห้องชุด/คอนโด,,,25.31,171,7/11/2026 3:34
not_found,LandsMaps ไม่พบโฉนด,10465,10_22_171,10,22,171,กรุงเทพมหานคร,ภาษีเจริญ,2,ห้องชุด/คอนโด,,,25.28,171,7/11/2026 3:34
not_found,LandsMaps ไม่พบโฉนด,10466,10_34_2170,10,34,2170,กรุงเทพมหานคร,สวนหลวง,2,ห้องชุด/คอนโด,,,65.76,"2,170,323,439,313,730",7/11/2026 3:34
not_found,LandsMaps ไม่พบโฉนด,10466,10_34_3234,10,34,3234,กรุงเทพมหานคร,สวนหลวง,2,ห้องชุด/คอนโด,,,65.76,"2,170,323,439,313,730",7/11/2026 3:34
not_found,LandsMaps ไม่พบโฉนด,10466,10_34_3931,10,34,3931,กรุงเทพมหานคร,สวนหลวง,2,ห้องชุด/คอนโด,,,65.76,"2,170,323,439,313,730",7/11/2026 3:34
not_found,LandsMaps ไม่พบโฉนด,10466,10_34_3738,10,34,3738,กรุงเทพมหานคร,สวนหลวง,2,ห้องชุด/คอนโด,,,65.76,"2,170,323,439,313,730",7/11/2026 3:34
not_found,LandsMaps ไม่พบโฉนด,10467,10_32_41077,10,32,41077,กรุงเทพมหานคร,ประเวศ,2,ห้องชุด/คอนโด,,,22.54,41077,7/11/2026 3:34
not_found,LandsMaps ไม่พบโฉนด,10468,10_32_26386,10,32,26386,กรุงเทพมหานคร,ประเวศ,3,ที่ดิน+สิ่งปลูกสร้าง,,,27.5,26386,7/11/2026 3:34
not_found,LandsMaps ไม่พบโฉนด,10469,10_34_11925,10,34,11925,กรุงเทพมหานคร,สวนหลวง,2,ห้องชุด/คอนโด,,,26.28,"1,192,516,341,163,420,000,000,000",7/11/2026 3:34
not_found,LandsMaps ไม่พบโฉนด,10469,10_34_16341,10,34,16341,กรุงเทพมหานคร,สวนหลวง,2,ห้องชุด/คอนโด,,,26.28,"1,192,516,341,163,420,000,000,000",7/11/2026 3:34
not_found,LandsMaps ไม่พบโฉนด,10469,10_34_16342,10,34,16342,กรุงเทพมหานคร,สวนหลวง,2,ห้องชุด/คอนโด,,,26.28,"1,192,516,341,163,420,000,000,000",7/11/2026 3:34
not_found,LandsMaps ไม่พบโฉนด,10469,10_34_16343,10,34,16343,กรุงเทพมหานคร,สวนหลวง,2,ห้องชุด/คอนโด,,,26.28,"1,192,516,341,163,420,000,000,000",7/11/2026 3:34
not_found,LandsMaps ไม่พบโฉนด,10469,10_34_16344,10,34,16344,กรุงเทพมหานคร,สวนหลวง,2,ห้องชุด/คอนโด,,,26.28,"1,192,516,341,163,420,000,000,000",7/11/2026 3:34
not_found,LandsMaps ไม่พบโฉนด,10470,10_09_89605,10,9,89605,กรุงเทพมหานคร,พระโขนง,2,ห้องชุด/คอนโด,,,30.1,"8,960,589,606,177,180",7/11/2026 3:34
not_found,LandsMaps ไม่พบโฉนด,10470,10_09_89606,10,9,89606,กรุงเทพมหานคร,พระโขนง,2,ห้องชุด/คอนโด,,,30.1,"8,960,589,606,177,180",7/11/2026 3:34
not_found,LandsMaps ไม่พบโฉนด,10470,10_09_177187,10,9,177187,กรุงเทพมหานคร,พระโขนง,2,ห้องชุด/คอนโด,,,30.1,"8,960,589,606,177,180",7/11/2026 3:34
not_found,LandsMaps ไม่พบโฉนด,10471,10_47_1884,10,47,1884,กรุงเทพมหานคร,บางนา,2,ห้องชุด/คอนโด,,,33.02,"18,841,885",7/11/2026 3:34
not_found,LandsMaps ไม่พบโฉนด,10471,10_47_1885,10,47,1885,กรุงเทพมหานคร,บางนา,2,ห้องชุด/คอนโด,,,33.02,"18,841,885",7/11/2026 3:34
not_found,LandsMaps ไม่พบโฉนด,10472,10_09_2420,10,9,2420,กรุงเทพมหานคร,พระโขนง,2,ห้องชุด/คอนโด,,,24.22,"2420, 249173",7/11/2026 3:34
not_found,LandsMaps ไม่พบโฉนด,10472,10_09_249173,10,9,249173,กรุงเทพมหานคร,พระโขนง,2,ห้องชุด/คอนโด,,,24.22,"2420, 249173",7/11/2026 3:34
not_found,LandsMaps ไม่พบโฉนด,10473,10_47_1903,10,47,1903,กรุงเทพมหานคร,บางนา,2,ห้องชุด/คอนโด,,,33.91,1903,7/11/2026 3:34
not_found,LandsMaps ไม่พบโฉนด,10474,10_32_245063,10,32,245063,กรุงเทพมหานคร,ประเวศ,2,ห้องชุด/คอนโด,,,28.92,"1569-1579,1601,1602,3497,245063,245064",7/11/2026 3:34
not_found,LandsMaps ไม่พบโฉนด,10474,10_32_245064,10,32,245064,กรุงเทพมหานคร,ประเวศ,2,ห้องชุด/คอนโด,,,28.92,"1569-1579,1601,1602,3497,245063,245064",7/11/2026 3:34
not_found,LandsMaps ไม่พบโฉนด,10475,10_47_3289,10,47,3289,กรุงเทพมหานคร,บางนา,2,ห้องชุด/คอนโด,,,35.09,3289,7/11/2026 3:34
not_found,LandsMaps ไม่พบโฉนด,10476,10_09_251418,10,9,251418,กรุงเทพมหานคร,พระโขนง,2,ห้องชุด/คอนโด,,,35.22,"251418,5142 (บางส่วน)",7/11/2026 3:34
not_found,LandsMaps ไม่พบโฉนด,10476,10_09_5142,10,9,5142,กรุงเทพมหานคร,พระโขนง,2,ห้องชุด/คอนโด,,,35.22,"251418,5142 (บางส่วน)",7/11/2026 3:34
not_found,LandsMaps ไม่พบโฉนด,10477,10_32_54664,10,32,54664,กรุงเทพมหานคร,ประเวศ,3,ที่ดิน+สิ่งปลูกสร้าง,,,16.7,54664,7/11/2026 3:34
not_found,LandsMaps ไม่พบโฉนด,10478,10_32_10201,10,32,10201,กรุงเทพมหานคร,ประเวศ,3,ที่ดิน+สิ่งปลูกสร้าง,,,18.7,10201,7/11/2026 3:34
not_found,LandsMaps ไม่พบโฉนด,10479,10_32_245063,10,32,245063,กรุงเทพมหานคร,ประเวศ,2,ห้องชุด/คอนโด,,,25.48,"1569-1579,1601,1602,3497,245063,245064",7/11/2026 3:34
not_found,LandsMaps ไม่พบโฉนด,10479,10_32_245064,10,32,245064,กรุงเทพมหานคร,ประเวศ,2,ห้องชุด/คอนโด,,,25.48,"1569-1579,1601,1602,3497,245063,245064",7/11/2026 3:34
not_found,LandsMaps ไม่พบโฉนด,10480,10_34_5543,10,34,5543,กรุงเทพมหานคร,สวนหลวง,2,ห้องชุด/คอนโด,,,32.44,5543,7/11/2026 3:34
not_found,LandsMaps ไม่พบโฉนด,10481,10_34_2617,10,34,2617,กรุงเทพมหานคร,สวนหลวง,2,ห้องชุด/คอนโด,,,37.07,"2617-2624,7341-7348,237778,237779",7/11/2026 3:34
not_found,LandsMaps ไม่พบโฉนด,10481,10_34_2618,10,34,2618,กรุงเทพมหานคร,สวนหลวง,2,ห้องชุด/คอนโด,,,37.07,"2617-2624,7341-7348,237778,237779",7/11/2026 3:34
not_found,LandsMaps ไม่พบโฉนด,10481,10_34_2619,10,34,2619,กรุงเทพมหานคร,สวนหลวง,2,ห้องชุด/คอนโด,,,37.07,"2617-2624,7341-7348,237778,237779",7/11/2026 3:34
not_found,LandsMaps ไม่พบโฉนด,10481,10_34_2620,10,34,2620,กรุงเทพมหานคร,สวนหลวง,2,ห้องชุด/คอนโด,,,37.07,"2617-2624,7341-7348,237778,237779",7/11/2026 3:34
not_found,LandsMaps ไม่พบโฉนด,10481,10_34_2621,10,34,2621,กรุงเทพมหานคร,สวนหลวง,2,ห้องชุด/คอนโด,,,37.07,"2617-2624,7341-7348,237778,237779",7/11/2026 3:34
not_found,LandsMaps ไม่พบโฉนด,10481,10_34_2622,10,34,2622,กรุงเทพมหานคร,สวนหลวง,2,ห้องชุด/คอนโด,,,37.07,"2617-2624,7341-7348,237778,237779",7/11/2026 3:34
not_found,LandsMaps ไม่พบโฉนด,10481,10_34_2623,10,34,2623,กรุงเทพมหานคร,สวนหลวง,2,ห้องชุด/คอนโด,,,37.07,"2617-2624,7341-7348,237778,237779",7/11/2026 3:34
not_found,LandsMaps ไม่พบโฉนด,10481,10_34_2624,10,34,2624,กรุงเทพมหานคร,สวนหลวง,2,ห้องชุด/คอนโด,,,37.07,"2617-2624,7341-7348,237778,237779",7/11/2026 3:34
not_found,LandsMaps ไม่พบโฉนด,10481,10_34_7341,10,34,7341,กรุงเทพมหานคร,สวนหลวง,2,ห้องชุด/คอนโด,,,37.07,"2617-2624,7341-7348,237778,237779",7/11/2026 3:34
not_found,LandsMaps ไม่พบโฉนด,10481,10_34_7342,10,34,7342,กรุงเทพมหานคร,สวนหลวง,2,ห้องชุด/คอนโด,,,37.07,"2617-2624,7341-7348,237778,237779",7/11/2026 3:35
not_found,LandsMaps ไม่พบโฉนด,10481,10_34_7343,10,34,7343,กรุงเทพมหานคร,สวนหลวง,2,ห้องชุด/คอนโด,,,37.07,"2617-2624,7341-7348,237778,237779",7/11/2026 3:35
not_found,LandsMaps ไม่พบโฉนด,10481,10_34_7344,10,34,7344,กรุงเทพมหานคร,สวนหลวง,2,ห้องชุด/คอนโด,,,37.07,"2617-2624,7341-7348,237778,237779",7/11/2026 3:35
not_found,LandsMaps ไม่พบโฉนด,10481,10_34_7345,10,34,7345,กรุงเทพมหานคร,สวนหลวง,2,ห้องชุด/คอนโด,,,37.07,"2617-2624,7341-7348,237778,237779",7/11/2026 3:35
not_found,LandsMaps ไม่พบโฉนด,10481,10_34_7346,10,34,7346,กรุงเทพมหานคร,สวนหลวง,2,ห้องชุด/คอนโด,,,37.07,"2617-2624,7341-7348,237778,237779",7/11/2026 3:35
not_found,LandsMaps ไม่พบโฉนด,10481,10_34_7347,10,34,7347,กรุงเทพมหานคร,สวนหลวง,2,ห้องชุด/คอนโด,,,37.07,"2617-2624,7341-7348,237778,237779",7/11/2026 3:35
not_found,LandsMaps ไม่พบโฉนด,10481,10_34_7348,10,34,7348,กรุงเทพมหานคร,สวนหลวง,2,ห้องชุด/คอนโด,,,37.07,"2617-2624,7341-7348,237778,237779",7/11/2026 3:35
not_found,LandsMaps ไม่พบโฉนด,10481,10_34_237778,10,34,237778,กรุงเทพมหานคร,สวนหลวง,2,ห้องชุด/คอนโด,,,37.07,"2617-2624,7341-7348,237778,237779",7/11/2026 3:35
not_found,LandsMaps ไม่พบโฉนด,10481,10_34_237779,10,34,237779,กรุงเทพมหานคร,สวนหลวง,2,ห้องชุด/คอนโด,,,37.07,"2617-2624,7341-7348,237778,237779",7/11/2026 3:35
not_found,LandsMaps ไม่พบโฉนด,10482,10_09_231757,10,9,231757,กรุงเทพมหานคร,พระโขนง,3,ที่ดิน+สิ่งปลูกสร้าง,,,21,231757,7/11/2026 3:35
not_found,LandsMaps ไม่พบโฉนด,10483,10_32_245063,10,32,245063,กรุงเทพมหานคร,ประเวศ,2,ห้องชุด/คอนโด,,,25.48,"1569-1579,1601,1602,3497,245063,245064",7/11/2026 3:35
not_found,LandsMaps ไม่พบโฉนด,10483,10_32_245064,10,32,245064,กรุงเทพมหานคร,ประเวศ,2,ห้องชุด/คอนโด,,,25.48,"1569-1579,1601,1602,3497,245063,245064",7/11/2026 3:35
not_found,LandsMaps ไม่พบโฉนด,10484,10_09_236332,10,9,236332,กรุงเทพมหานคร,พระโขนง,2,ห้องชุด/คอนโด,,,25,"236,332,236,333,236,000",7/11/2026 3:35
not_found,LandsMaps ไม่พบโฉนด,10484,10_09_236333,10,9,236333,กรุงเทพมหานคร,พระโขนง,2,ห้องชุด/คอนโด,,,25,"236,332,236,333,236,000",7/11/2026 3:35
not_found,LandsMaps ไม่พบโฉนด,10484,10_09_236334,10,9,236334,กรุงเทพมหานคร,พระโขนง,2,ห้องชุด/คอนโด,,,25,"236,332,236,333,236,000",7/11/2026 3:35
not_found,LandsMaps ไม่พบโฉนด,10485,10_34_11217,10,34,11217,กรุงเทพมหานคร,สวนหลวง,3,ที่ดิน+สิ่งปลูกสร้าง,,,18.7,11217,7/11/2026 3:35
not_found,LandsMaps ไม่พบโฉนด,10486,10_09_26531,10,9,26531,กรุงเทพมหานคร,พระโขนง,2,ห้องชุด/คอนโด,,,25.46,"2,653,126,532",7/11/2026 3:35
not_found,LandsMaps ไม่พบโฉนด,10486,10_09_26532,10,9,26532,กรุงเทพมหานคร,พระโขนง,2,ห้องชุด/คอนโด,,,25.46,"2,653,126,532",7/11/2026 3:35
not_found,LandsMaps ไม่พบโฉนด,10487,10_32_245063,10,32,245063,กรุงเทพมหานคร,ประเวศ,2,ห้องชุด/คอนโด,,,25.48,"1569-1579,1601-1602, 3497,245063-245064",7/11/2026 3:35
not_found,LandsMaps ไม่พบโฉนด,10487,10_32_245064,10,32,245064,กรุงเทพมหานคร,ประเวศ,2,ห้องชุด/คอนโด,,,25.48,"1569-1579,1601-1602, 3497,245063-245064",7/11/2026 3:35
not_found,LandsMaps ไม่พบโฉนด,10488,10_09_10653,10,9,10653,กรุงเทพมหานคร,พระโขนง,2,ห้องชุด/คอนโด,,,22.76,"10,653,106,544,097,400,000,000,000,000,000,000,000,000,000",7/11/2026 3:35
not_found,LandsMaps ไม่พบโฉนด,10488,10_09_10654,10,9,10654,กรุงเทพมหานคร,พระโขนง,2,ห้องชุด/คอนโด,,,22.76,"10,653,106,544,097,400,000,000,000,000,000,000,000,000,000",7/11/2026 3:35
not_found,LandsMaps ไม่พบโฉนด,10488,10_09_40974,10,9,40974,กรุงเทพมหานคร,พระโขนง,2,ห้องชุด/คอนโด,,,22.76,"10,653,106,544,097,400,000,000,000,000,000,000,000,000,000",7/11/2026 3:35
not_found,LandsMaps ไม่พบโฉนด,10488,10_09_40975,10,9,40975,กรุงเทพมหานคร,พระโขนง,2,ห้องชุด/คอนโด,,,22.76,"10,653,106,544,097,400,000,000,000,000,000,000,000,000,000",7/11/2026 3:35
not_found,LandsMaps ไม่พบโฉนด,10488,10_09_188114,10,9,188114,กรุงเทพมหานคร,พระโขนง,2,ห้องชุด/คอนโด,,,22.76,"10,653,106,544,097,400,000,000,000,000,000,000,000,000,000",7/11/2026 3:35
not_found,LandsMaps ไม่พบโฉนด,10488,10_09_188115,10,9,188115,กรุงเทพมหานคร,พระโขนง,2,ห้องชุด/คอนโด,,,22.76,"10,653,106,544,097,400,000,000,000,000,000,000,000,000,000",7/11/2026 3:35
not_found,LandsMaps ไม่พบโฉนด,10488,10_09_240931,10,9,240931,กรุงเทพมหานคร,พระโขนง,2,ห้องชุด/คอนโด,,,22.76,"10,653,106,544,097,400,000,000,000,000,000,000,000,000,000",7/11/2026 3:35
not_found,LandsMaps ไม่พบโฉนด,10488,10_09_240932,10,9,240932,กรุงเทพมหานคร,พระโขนง,2,ห้องชุด/คอนโด,,,22.76,"10,653,106,544,097,400,000,000,000,000,000,000,000,000,000",7/11/2026 3:35
not_found,LandsMaps ไม่พบโฉนด,10489,10_32_24076,10,32,24076,กรุงเทพมหานคร,ประเวศ,2,ห้องชุด/คอนโด,,,36.98,24076,7/11/2026 3:35
not_found,LandsMaps ไม่พบโฉนด,10490,10_32_196542,10,32,196542,กรุงเทพมหานคร,ประเวศ,2,ห้องชุด/คอนโด,,,24.34,196542,7/11/2026 3:35
not_found,LandsMaps ไม่พบโฉนด,10491,10_09_229726,10,9,229726,กรุงเทพมหานคร,พระโขนง,3,ที่ดิน+สิ่งปลูกสร้าง,,,36,229726,7/11/2026 3:35
not_found,LandsMaps ไม่พบโฉนด,10492,10_09_144346,10,9,144346,กรุงเทพมหานคร,พระโขนง,3,ที่ดิน+สิ่งปลูกสร้าง,,,66,144346,7/11/2026 3:35
not_found,LandsMaps ไม่พบโฉนด,10493,10_32_245063,10,32,245063,กรุงเทพมหานคร,ประเวศ,2,ห้องชุด/คอนโด,,,25.48,"1569-1579,1601,1602,3497,245063,245064",7/11/2026 3:35
not_found,LandsMaps ไม่พบโฉนด,10493,10_32_245064,10,32,245064,กรุงเทพมหานคร,ประเวศ,2,ห้องชุด/คอนโด,,,25.48,"1569-1579,1601,1602,3497,245063,245064",7/11/2026 3:35
not_found,LandsMaps ไม่พบโฉนด,10494,10_09_186821,10,9,186821,กรุงเทพมหานคร,พระโขนง,3,ที่ดิน+สิ่งปลูกสร้าง,,,16,186821,7/11/2026 3:35
not_found,LandsMaps ไม่พบโฉนด,10495,10_09_19675,10,9,19675,กรุงเทพมหานคร,พระโขนง,2,ห้องชุด/คอนโด,,,33.5,19675,7/11/2026 3:35
not_found,LandsMaps ไม่พบโฉนด,10496,10_47_2411,10,47,2411,กรุงเทพมหานคร,บางนา,2,ห้องชุด/คอนโด,,,39.19,2411,7/11/2026 3:35
not_found,LandsMaps ไม่พบโฉนด,10497,10_47_3395,10,47,3395,กรุงเทพมหานคร,บางนา,2,ห้องชุด/คอนโด,,,25.79,"3395, 21352",7/11/2026 3:35
not_found,LandsMaps ไม่พบโฉนด,10497,10_47_21352,10,47,21352,กรุงเทพมหานคร,บางนา,2,ห้องชุด/คอนโด,,,25.79,"3395, 21352",7/11/2026 3:35
not_found,LandsMaps ไม่พบโฉนด,10498,10_32_54713,10,32,54713,กรุงเทพมหานคร,ประเวศ,3,ที่ดิน+สิ่งปลูกสร้าง,,,16.8,54713,7/11/2026 3:35
not_found,LandsMaps ไม่พบโฉนด,10499,10_32_41309,10,32,41309,กรุงเทพมหานคร,ประเวศ,2,ห้องชุด/คอนโด,,,22.54,"41,309,413,104,131,100,000",7/11/2026 3:35
not_found,LandsMaps ไม่พบโฉนด,10499,10_32_41310,10,32,41310,กรุงเทพมหานคร,ประเวศ,2,ห้องชุด/คอนโด,,,22.54,"41,309,413,104,131,100,000",7/11/2026 3:35
not_found,LandsMaps ไม่พบโฉนด,10499,10_32_41311,10,32,41311,กรุงเทพมหานคร,ประเวศ,2,ห้องชุด/คอนโด,,,22.54,"41,309,413,104,131,100,000",7/11/2026 3:35
not_found,LandsMaps ไม่พบโฉนด,10499,10_32_41312,10,32,41312,กรุงเทพมหานคร,ประเวศ,2,ห้องชุด/คอนโด,,,22.54,"41,309,413,104,131,100,000",7/11/2026 3:35
not_found,LandsMaps ไม่พบโฉนด,10500,10_34_5988,10,34,5988,กรุงเทพมหานคร,สวนหลวง,2,ห้องชุด/คอนโด,,,45.55,5988,7/11/2026 3:35
not_found,LandsMaps ไม่พบโฉนด,10501,10_09_113329,10,9,113329,กรุงเทพมหานคร,พระโขนง,1,ที่ดินเปล่า,,,62,113329,7/11/2026 3:35
not_found,LandsMaps ไม่พบโฉนด,10502,10_47_3456,10,47,3456,กรุงเทพมหานคร,บางนา,2,ห้องชุด/คอนโด,,,25.08,3456,7/11/2026 3:35
not_found,LandsMaps ไม่พบโฉนด,10503,10_32_245063,10,32,245063,กรุงเทพมหานคร,ประเวศ,2,ห้องชุด/คอนโด,,,25.48,"1569-79,1601-02,3497,245063,245064",7/11/2026 3:35
not_found,LandsMaps ไม่พบโฉนด,10503,10_32_245064,10,32,245064,กรุงเทพมหานคร,ประเวศ,2,ห้องชุด/คอนโด,,,25.48,"1569-79,1601-02,3497,245063,245064",7/11/2026 3:35
not_found,LandsMaps ไม่พบโฉนด,10504,10_09_170380,10,9,170380,กรุงเทพมหานคร,พระโขนง,3,ที่ดิน+สิ่งปลูกสร้าง,,,42,170380,7/11/2026 3:35
not_found,LandsMaps ไม่พบโฉนด,10505,10_34_13742,10,34,13742,กรุงเทพมหานคร,สวนหลวง,2,ห้องชุด/คอนโด,,,26.05,13742,7/11/2026 3:35
not_found,LandsMaps ไม่พบโฉนด,10506,10_34_11306,10,34,11306,กรุงเทพมหานคร,สวนหลวง,3,ที่ดิน+สิ่งปลูกสร้าง,,,17.5,11306,7/11/2026 3:35
not_found,LandsMaps ไม่พบโฉนด,10507,10_32_37330,10,32,37330,กรุงเทพมหานคร,ประเวศ,2,ห้องชุด/คอนโด,,,44.14,"3,733,037,331",7/11/2026 3:35
not_found,LandsMaps ไม่พบโฉนด,10507,10_32_37331,10,32,37331,กรุงเทพมหานคร,ประเวศ,2,ห้องชุด/คอนโด,,,44.14,"3,733,037,331",7/11/2026 3:35
not_found,LandsMaps ไม่พบโฉนด,10508,10_32_60145,10,32,60145,กรุงเทพมหานคร,ประเวศ,1,ที่ดินเปล่า,,,87,60145,7/11/2026 3:35
not_found,LandsMaps ไม่พบโฉนด,10509,10_34_5987,10,34,5987,กรุงเทพมหานคร,สวนหลวง,2,ห้องชุด/คอนโด,,,26.22,5987,7/11/2026 3:35
not_found,LandsMaps ไม่พบโฉนด,10510,10_47_3450,10,47,3450,กรุงเทพมหานคร,บางนา,2,ห้องชุด/คอนโด,,,26.62,3450,7/11/2026 3:35
not_found,LandsMaps ไม่พบโฉนด,10511,10_34_8776,10,34,8776,กรุงเทพมหานคร,สวนหลวง,2,ห้องชุด/คอนโด,,,26.34,"8776, 16337, 16338, 16339, 16340",7/11/2026 3:35
not_found,LandsMaps ไม่พบโฉนด,10511,10_34_16337,10,34,16337,กรุงเทพมหานคร,สวนหลวง,2,ห้องชุด/คอนโด,,,26.34,"8776, 16337, 16338, 16339, 16340",7/11/2026 3:35
not_found,LandsMaps ไม่พบโฉนด,10511,10_34_16338,10,34,16338,กรุงเทพมหานคร,สวนหลวง,2,ห้องชุด/คอนโด,,,26.34,"8776, 16337, 16338, 16339, 16340",7/11/2026 3:35
not_found,LandsMaps ไม่พบโฉนด,10511,10_34_16339,10,34,16339,กรุงเทพมหานคร,สวนหลวง,2,ห้องชุด/คอนโด,,,26.34,"8776, 16337, 16338, 16339, 16340",7/11/2026 3:35
not_found,LandsMaps ไม่พบโฉนด,10511,10_34_16340,10,34,16340,กรุงเทพมหานคร,สวนหลวง,2,ห้องชุด/คอนโด,,,26.34,"8776, 16337, 16338, 16339, 16340",7/11/2026 3:35
not_found,LandsMaps ไม่พบโฉนด,10512,10_34_8776,10,34,8776,กรุงเทพมหานคร,สวนหลวง,2,ห้องชุด/คอนโด,,,26.12,"8776, 16337, 16338, 16339, 16340",7/11/2026 3:35
not_found,LandsMaps ไม่พบโฉนด,10512,10_34_16337,10,34,16337,กรุงเทพมหานคร,สวนหลวง,2,ห้องชุด/คอนโด,,,26.12,"8776, 16337, 16338, 16339, 16340",7/11/2026 3:35
not_found,LandsMaps ไม่พบโฉนด,10512,10_34_16338,10,34,16338,กรุงเทพมหานคร,สวนหลวง,2,ห้องชุด/คอนโด,,,26.12,"8776, 16337, 16338, 16339, 16340",7/11/2026 3:35
not_found,LandsMaps ไม่พบโฉนด,10512,10_34_16339,10,34,16339,กรุงเทพมหานคร,สวนหลวง,2,ห้องชุด/คอนโด,,,26.12,"8776, 16337, 16338, 16339, 16340",7/11/2026 3:35
not_found,LandsMaps ไม่พบโฉนด,10512,10_34_16340,10,34,16340,กรุงเทพมหานคร,สวนหลวง,2,ห้องชุด/คอนโด,,,26.12,"8776, 16337, 16338, 16339, 16340",7/11/2026 3:35
not_found,LandsMaps ไม่พบโฉนด,10513,10_47_1772,10,47,1772,กรุงเทพมหานคร,บางนา,2,ห้องชุด/คอนโด,,,35.18,"1772, 2276",7/11/2026 3:35
not_found,LandsMaps ไม่พบโฉนด,10513,10_47_2276,10,47,2276,กรุงเทพมหานคร,บางนา,2,ห้องชุด/คอนโด,,,35.18,"1772, 2276",7/11/2026 3:35
not_found,LandsMaps ไม่พบโฉนด,10514,10_32_33178,10,32,33178,กรุงเทพมหานคร,ประเวศ,3,ที่ดิน+สิ่งปลูกสร้าง,,,18.2,33178,7/11/2026 3:35
not_found,LandsMaps ไม่พบโฉนด,10515,10_32_245063,10,32,245063,กรุงเทพมหานคร,ประเวศ,2,ห้องชุด/คอนโด,,,25.48,"1569-1579, 1601-2, 3497, 245063-4",7/11/2026 3:35
not_found,LandsMaps ไม่พบโฉนด,10515,10_32_245064,10,32,245064,กรุงเทพมหานคร,ประเวศ,2,ห้องชุด/คอนโด,,,25.48,"1569-1579, 1601-2, 3497, 245063-4",7/11/2026 3:35
not_found,LandsMaps ไม่พบโฉนด,10516,10_34_8776,10,34,8776,กรุงเทพมหานคร,สวนหลวง,2,ห้องชุด/คอนโด,,,26.12,"877,616,337,163,381,000,000,000",7/11/2026 3:35
not_found,LandsMaps ไม่พบโฉนด,10516,10_34_16337,10,34,16337,กรุงเทพมหานคร,สวนหลวง,2,ห้องชุด/คอนโด,,,26.12,"877,616,337,163,381,000,000,000",7/11/2026 3:36
not_found,LandsMaps ไม่พบโฉนด,10516,10_34_16338,10,34,16338,กรุงเทพมหานคร,สวนหลวง,2,ห้องชุด/คอนโด,,,26.12,"877,616,337,163,381,000,000,000",7/11/2026 3:36
not_found,LandsMaps ไม่พบโฉนด,10516,10_34_16339,10,34,16339,กรุงเทพมหานคร,สวนหลวง,2,ห้องชุด/คอนโด,,,26.12,"877,616,337,163,381,000,000,000",7/11/2026 3:36
not_found,LandsMaps ไม่พบโฉนด,10516,10_34_16340,10,34,16340,กรุงเทพมหานคร,สวนหลวง,2,ห้องชุด/คอนโด,,,26.12,"877,616,337,163,381,000,000,000",7/11/2026 3:36
not_found,LandsMaps ไม่พบโฉนด,10517,10_32_245063,10,32,245063,กรุงเทพมหานคร,ประเวศ,2,ห้องชุด/คอนโด,,,25.48,"1569-79,1601-02,3497,245063,245064",7/11/2026 3:36
not_found,LandsMaps ไม่พบโฉนด,10517,10_32_245064,10,32,245064,กรุงเทพมหานคร,ประเวศ,2,ห้องชุด/คอนโด,,,25.48,"1569-79,1601-02,3497,245063,245064",7/11/2026 3:36
not_found,LandsMaps ไม่พบโฉนด,10518,10_32_53259,10,32,53259,กรุงเทพมหานคร,ประเวศ,3,ที่ดิน+สิ่งปลูกสร้าง,,,19,53259,7/11/2026 3:36
not_found,LandsMaps ไม่พบโฉนด,10519,10_34_11152,10,34,11152,กรุงเทพมหานคร,สวนหลวง,3,ที่ดิน+สิ่งปลูกสร้าง,,,40.2,11152,7/11/2026 3:36
not_found,LandsMaps ไม่พบโฉนด,10520,10_09_249172,10,9,249172,กรุงเทพมหานคร,พระโขนง,2,ห้องชุด/คอนโด,,,30.45,249172,7/11/2026 3:36
not_found,LandsMaps ไม่พบโฉนด,10521,10_47_2664,10,47,2664,กรุงเทพมหานคร,บางนา,2,ห้องชุด/คอนโด,,,32.75,2664,7/11/2026 3:36
not_found,LandsMaps ไม่พบโฉนด,10522,10_32_82635,10,32,82635,กรุงเทพมหานคร,ประเวศ,2,ห้องชุด/คอนโด,,,30.71,82635,7/11/2026 3:36
not_found,LandsMaps ไม่พบโฉนด,10523,10_47_5327,10,47,5327,กรุงเทพมหานคร,บางนา,3,ที่ดิน+สิ่งปลูกสร้าง,,,13,5327,7/11/2026 3:36
not_found,LandsMaps ไม่พบโฉนด,10525,10_32_16860,10,32,16860,กรุงเทพมหานคร,ประเวศ,3,ที่ดิน+สิ่งปลูกสร้าง,,3,76,16860,7/11/2026 3:36
not_found,LandsMaps ไม่พบโฉนด,10527,10_32_1800,10,32,1800,กรุงเทพมหานคร,ประเวศ,2,ห้องชุด/คอนโด,,,25.16,"1800, 6240-6249, 1799",7/11/2026 3:36
not_found,LandsMaps ไม่พบโฉนด,10527,10_32_6240,10,32,6240,กรุงเทพมหานคร,ประเวศ,2,ห้องชุด/คอนโด,,,25.16,"1800, 6240-6249, 1799",7/11/2026 3:36
not_found,LandsMaps ไม่พบโฉนด,10527,10_32_6241,10,32,6241,กรุงเทพมหานคร,ประเวศ,2,ห้องชุด/คอนโด,,,25.16,"1800, 6240-6249, 1799",7/11/2026 3:36
not_found,LandsMaps ไม่พบโฉนด,10527,10_32_6242,10,32,6242,กรุงเทพมหานคร,ประเวศ,2,ห้องชุด/คอนโด,,,25.16,"1800, 6240-6249, 1799",7/11/2026 3:36
not_found,LandsMaps ไม่พบโฉนด,10527,10_32_6243,10,32,6243,กรุงเทพมหานคร,ประเวศ,2,ห้องชุด/คอนโด,,,25.16,"1800, 6240-6249, 1799",7/11/2026 3:36
not_found,LandsMaps ไม่พบโฉนด,10527,10_32_6244,10,32,6244,กรุงเทพมหานคร,ประเวศ,2,ห้องชุด/คอนโด,,,25.16,"1800, 6240-6249, 1799",7/11/2026 3:36
not_found,LandsMaps ไม่พบโฉนด,10527,10_32_6245,10,32,6245,กรุงเทพมหานคร,ประเวศ,2,ห้องชุด/คอนโด,,,25.16,"1800, 6240-6249, 1799",7/11/2026 3:36
not_found,LandsMaps ไม่พบโฉนด,10527,10_32_6246,10,32,6246,กรุงเทพมหานคร,ประเวศ,2,ห้องชุด/คอนโด,,,25.16,"1800, 6240-6249, 1799",7/11/2026 3:36
not_found,LandsMaps ไม่พบโฉนด,10527,10_32_6247,10,32,6247,กรุงเทพมหานคร,ประเวศ,2,ห้องชุด/คอนโด,,,25.16,"1800, 6240-6249, 1799",7/11/2026 3:36
not_found,LandsMaps ไม่พบโฉนด,10527,10_32_6248,10,32,6248,กรุงเทพมหานคร,ประเวศ,2,ห้องชุด/คอนโด,,,25.16,"1800, 6240-6249, 1799",7/11/2026 3:36
not_found,LandsMaps ไม่พบโฉนด,10527,10_32_6249,10,32,6249,กรุงเทพมหานคร,ประเวศ,2,ห้องชุด/คอนโด,,,25.16,"1800, 6240-6249, 1799",7/11/2026 3:36
not_found,LandsMaps ไม่พบโฉนด,10527,10_32_1799,10,32,1799,กรุงเทพมหานคร,ประเวศ,2,ห้องชุด/คอนโด,,,25.16,"1800, 6240-6249, 1799",7/11/2026 3:36
not_found,LandsMaps ไม่พบโฉนด,10528,10_34_11925,10,34,11925,กรุงเทพมหานคร,สวนหลวง,2,ห้องชุด/คอนโด,,,22.86,"1,192,516,341,163,420,000,000,000",7/11/2026 3:36
not_found,LandsMaps ไม่พบโฉนด,10528,10_34_16341,10,34,16341,กรุงเทพมหานคร,สวนหลวง,2,ห้องชุด/คอนโด,,,22.86,"1,192,516,341,163,420,000,000,000",7/11/2026 3:36
not_found,LandsMaps ไม่พบโฉนด,10528,10_34_16342,10,34,16342,กรุงเทพมหานคร,สวนหลวง,2,ห้องชุด/คอนโด,,,22.86,"1,192,516,341,163,420,000,000,000",7/11/2026 3:36
not_found,LandsMaps ไม่พบโฉนด,10528,10_34_16343,10,34,16343,กรุงเทพมหานคร,สวนหลวง,2,ห้องชุด/คอนโด,,,22.86,"1,192,516,341,163,420,000,000,000",7/11/2026 3:36
not_found,LandsMaps ไม่พบโฉนด,10528,10_34_16344,10,34,16344,กรุงเทพมหานคร,สวนหลวง,2,ห้องชุด/คอนโด,,,22.86,"1,192,516,341,163,420,000,000,000",7/11/2026 3:36
not_found,LandsMaps ไม่พบโฉนด,10530,10_09_248014,10,9,248014,กรุงเทพมหานคร,พระโขนง,2,ห้องชุด/คอนโด,,,59.75,248014,7/11/2026 3:36
not_found,LandsMaps ไม่พบโฉนด,10531,10_34_18204,10,34,18204,กรุงเทพมหานคร,สวนหลวง,3,ที่ดิน+สิ่งปลูกสร้าง,,,20,18204,7/11/2026 3:36
not_found,LandsMaps ไม่พบโฉนด,10532,10_32_23865,10,32,23865,กรุงเทพมหานคร,ประเวศ,3,ที่ดิน+สิ่งปลูกสร้าง,,,21.6,23865,7/11/2026 3:36
not_found,LandsMaps ไม่พบโฉนด,10533,10_09_115225,10,9,115225,กรุงเทพมหานคร,พระโขนง,2,ห้องชุด/คอนโด,,,60.1,"115,225,226,401,226,000,000,000,000,000",7/11/2026 3:36
not_found,LandsMaps ไม่พบโฉนด,10533,10_09_226401,10,9,226401,กรุงเทพมหานคร,พระโขนง,2,ห้องชุด/คอนโด,,,60.1,"115,225,226,401,226,000,000,000,000,000",7/11/2026 3:36
not_found,LandsMaps ไม่พบโฉนด,10533,10_09_226402,10,9,226402,กรุงเทพมหานคร,พระโขนง,2,ห้องชุด/คอนโด,,,60.1,"115,225,226,401,226,000,000,000,000,000",7/11/2026 3:36
not_found,LandsMaps ไม่พบโฉนด,10533,10_09_226403,10,9,226403,กรุงเทพมหานคร,พระโขนง,2,ห้องชุด/คอนโด,,,60.1,"115,225,226,401,226,000,000,000,000,000",7/11/2026 3:36
not_found,LandsMaps ไม่พบโฉนด,10533,10_09_226404,10,9,226404,กรุงเทพมหานคร,พระโขนง,2,ห้องชุด/คอนโด,,,60.1,"115,225,226,401,226,000,000,000,000,000",7/11/2026 3:36
not_found,LandsMaps ไม่พบโฉนด,10534,10_47_3395,10,47,3395,กรุงเทพมหานคร,บางนา,2,ห้องชุด/คอนโด,,,44.33,"339,521,352",7/11/2026 3:36
not_found,LandsMaps ไม่พบโฉนด,10534,10_47_21352,10,47,21352,กรุงเทพมหานคร,บางนา,2,ห้องชุด/คอนโด,,,44.33,"339,521,352",7/11/2026 3:36
not_found,LandsMaps ไม่พบโฉนด,10535,10_34_19320,10,34,19320,กรุงเทพมหานคร,สวนหลวง,2,ห้องชุด/คอนโด,,,26.58,"19320,19321(บางส่วน)",7/11/2026 3:36
not_found,LandsMaps ไม่พบโฉนด,10535,10_34_19321,10,34,19321,กรุงเทพมหานคร,สวนหลวง,2,ห้องชุด/คอนโด,,,26.58,"19320,19321(บางส่วน)",7/11/2026 3:36
not_found,LandsMaps ไม่พบโฉนด,10536,10_09_10653,10,9,10653,กรุงเทพมหานคร,พระโขนง,2,ห้องชุด/คอนโด,,,26.29,"10,653,106,544,097,400,000,000,000,000,000,000,000,000,000",7/11/2026 3:36
not_found,LandsMaps ไม่พบโฉนด,10536,10_09_10654,10,9,10654,กรุงเทพมหานคร,พระโขนง,2,ห้องชุด/คอนโด,,,26.29,"10,653,106,544,097,400,000,000,000,000,000,000,000,000,000",7/11/2026 3:36
not_found,LandsMaps ไม่พบโฉนด,10536,10_09_40974,10,9,40974,กรุงเทพมหานคร,พระโขนง,2,ห้องชุด/คอนโด,,,26.29,"10,653,106,544,097,400,000,000,000,000,000,000,000,000,000",7/11/2026 3:36
not_found,LandsMaps ไม่พบโฉนด,10536,10_09_40975,10,9,40975,กรุงเทพมหานคร,พระโขนง,2,ห้องชุด/คอนโด,,,26.29,"10,653,106,544,097,400,000,000,000,000,000,000,000,000,000",7/11/2026 3:36
not_found,LandsMaps ไม่พบโฉนด,10536,10_09_188114,10,9,188114,กรุงเทพมหานคร,พระโขนง,2,ห้องชุด/คอนโด,,,26.29,"10,653,106,544,097,400,000,000,000,000,000,000,000,000,000",7/11/2026 3:36
not_found,LandsMaps ไม่พบโฉนด,10536,10_09_188115,10,9,188115,กรุงเทพมหานคร,พระโขนง,2,ห้องชุด/คอนโด,,,26.29,"10,653,106,544,097,400,000,000,000,000,000,000,000,000,000",7/11/2026 3:36
not_found,LandsMaps ไม่พบโฉนด,10536,10_09_240931,10,9,240931,กรุงเทพมหานคร,พระโขนง,2,ห้องชุด/คอนโด,,,26.29,"10,653,106,544,097,400,000,000,000,000,000,000,000,000,000",7/11/2026 3:36
not_found,LandsMaps ไม่พบโฉนด,10536,10_09_240932,10,9,240932,กรุงเทพมหานคร,พระโขนง,2,ห้องชุด/คอนโด,,,26.29,"10,653,106,544,097,400,000,000,000,000,000,000,000,000,000",7/11/2026 3:36
not_found,LandsMaps ไม่พบโฉนด,10537,10_47_1884,10,47,1884,กรุงเทพมหานคร,บางนา,2,ห้องชุด/คอนโด,,,28.84,"1884 , 1885",7/11/2026 3:36
not_found,LandsMaps ไม่พบโฉนด,10537,10_47_1885,10,47,1885,กรุงเทพมหานคร,บางนา,2,ห้องชุด/คอนโด,,,28.84,"1884 , 1885",7/11/2026 3:36
not_found,LandsMaps ไม่พบโฉนด,10538,10_09_251419,10,9,251419,กรุงเทพมหานคร,พระโขนง,2,ห้องชุด/คอนโด,,,43.11,"251419,5142 (บางส่วน)",7/11/2026 3:36
not_found,LandsMaps ไม่พบโฉนด,10538,10_09_5142,10,9,5142,กรุงเทพมหานคร,พระโขนง,2,ห้องชุด/คอนโด,,,43.11,"251419,5142 (บางส่วน)",7/11/2026 3:36
not_found,LandsMaps ไม่พบโฉนด,10539,10_47_2479,10,47,2479,กรุงเทพมหานคร,บางนา,2,ห้องชุด/คอนโด,,,30.39,2479,7/11/2026 3:36
not_found,LandsMaps ไม่พบโฉนด,10540,10_32_245063,10,32,245063,กรุงเทพมหานคร,ประเวศ,2,ห้องชุด/คอนโด,,,25.48,"1569-1579,1601,1602,3497,245063,245064",7/11/2026 3:36
not_found,LandsMaps ไม่พบโฉนด,10540,10_32_245064,10,32,245064,กรุงเทพมหานคร,ประเวศ,2,ห้องชุด/คอนโด,,,25.48,"1569-1579,1601,1602,3497,245063,245064",7/11/2026 3:36
not_found,LandsMaps ไม่พบโฉนด,10542,10_09_231786,10,9,231786,กรุงเทพมหานคร,พระโขนง,3,ที่ดิน+สิ่งปลูกสร้าง,,,81,231786,7/11/2026 3:36
not_found,LandsMaps ไม่พบโฉนด,10543,10_34_789,10,34,789,กรุงเทพมหานคร,สวนหลวง,2,ห้องชุด/คอนโด,,,31.06,"7,892,152,621,527",7/11/2026 3:36
not_found,LandsMaps ไม่พบโฉนด,10543,10_34_21526,10,34,21526,กรุงเทพมหานคร,สวนหลวง,2,ห้องชุด/คอนโด,,,31.06,"7,892,152,621,527",7/11/2026 3:36
not_found,LandsMaps ไม่พบโฉนด,10543,10_34_21527,10,34,21527,กรุงเทพมหานคร,สวนหลวง,2,ห้องชุด/คอนโด,,,31.06,"7,892,152,621,527",7/11/2026 3:36
not_found,LandsMaps ไม่พบโฉนด,10544,10_09_24720,10,9,24720,กรุงเทพมหานคร,พระโขนง,2,ห้องชุด/คอนโด,,,48.83,24720,7/11/2026 3:36
not_found,LandsMaps ไม่พบโฉนด,10545,10_34_15683,10,34,15683,กรุงเทพมหานคร,สวนหลวง,2,ห้องชุด/คอนโด,,,27.61,"156,831,568,415,685,000,000,000,000,000,000,000,000,000,000",7/11/2026 3:36
not_found,LandsMaps ไม่พบโฉนด,10545,10_34_15684,10,34,15684,กรุงเทพมหานคร,สวนหลวง,2,ห้องชุด/คอนโด,,,27.61,"156,831,568,415,685,000,000,000,000,000,000,000,000,000,000",7/11/2026 3:36
not_found,LandsMaps ไม่พบโฉนด,10545,10_34_15685,10,34,15685,กรุงเทพมหานคร,สวนหลวง,2,ห้องชุด/คอนโด,,,27.61,"156,831,568,415,685,000,000,000,000,000,000,000,000,000,000",7/11/2026 3:36
not_found,LandsMaps ไม่พบโฉนด,10545,10_34_15686,10,34,15686,กรุงเทพมหานคร,สวนหลวง,2,ห้องชุด/คอนโด,,,27.61,"156,831,568,415,685,000,000,000,000,000,000,000,000,000,000",7/11/2026 3:36
not_found,LandsMaps ไม่พบโฉนด,10545,10_34_15687,10,34,15687,กรุงเทพมหานคร,สวนหลวง,2,ห้องชุด/คอนโด,,,27.61,"156,831,568,415,685,000,000,000,000,000,000,000,000,000,000",7/11/2026 3:36
not_found,LandsMaps ไม่พบโฉนด,10545,10_34_15688,10,34,15688,กรุงเทพมหานคร,สวนหลวง,2,ห้องชุด/คอนโด,,,27.61,"156,831,568,415,685,000,000,000,000,000,000,000,000,000,000",7/11/2026 3:36
not_found,LandsMaps ไม่พบโฉนด,10545,10_34_15689,10,34,15689,กรุงเทพมหานคร,สวนหลวง,2,ห้องชุด/คอนโด,,,27.61,"156,831,568,415,685,000,000,000,000,000,000,000,000,000,000",7/11/2026 3:36
not_found,LandsMaps ไม่พบโฉนด,10545,10_34_15690,10,34,15690,กรุงเทพมหานคร,สวนหลวง,2,ห้องชุด/คอนโด,,,27.61,"156,831,568,415,685,000,000,000,000,000,000,000,000,000,000",7/11/2026 3:36
not_found,LandsMaps ไม่พบโฉนด,10545,10_34_15691,10,34,15691,กรุงเทพมหานคร,สวนหลวง,2,ห้องชุด/คอนโด,,,27.61,"156,831,568,415,685,000,000,000,000,000,000,000,000,000,000",7/11/2026 3:36
not_found,LandsMaps ไม่พบโฉนด,10546,10_47_1880,10,47,1880,กรุงเทพมหานคร,บางนา,2,ห้องชุด/คอนโด,,,31.07,"18,801,881",7/11/2026 3:36
not_found,LandsMaps ไม่พบโฉนด,10546,10_47_1881,10,47,1881,กรุงเทพมหานคร,บางนา,2,ห้องชุด/คอนโด,,,31.07,"18,801,881",7/11/2026 3:36
not_found,LandsMaps ไม่พบโฉนด,10547,10_32_245063,10,32,245063,กรุงเทพมหานคร,ประเวศ,2,ห้องชุด/คอนโด,,,25.48,"1569-1579,1601,1602,3497,245063,245064",7/11/2026 3:37
not_found,LandsMaps ไม่พบโฉนด,10547,10_32_245064,10,32,245064,กรุงเทพมหานคร,ประเวศ,2,ห้องชุด/คอนโด,,,25.48,"1569-1579,1601,1602,3497,245063,245064",7/11/2026 3:37
not_found,LandsMaps ไม่พบโฉนด,10548,10_32_23635,10,32,23635,กรุงเทพมหานคร,ประเวศ,3,ที่ดิน+สิ่งปลูกสร้าง,,,35.2,23635,7/11/2026 3:37
not_found,LandsMaps ไม่พบโฉนด,10549,10_32_196543,10,32,196543,กรุงเทพมหานคร,ประเวศ,2,ห้องชุด/คอนโด,,,24.6,196543,7/11/2026 3:37
not_found,LandsMaps ไม่พบโฉนด,10550,10_09_236335,10,9,236335,กรุงเทพมหานคร,พระโขนง,2,ห้องชุด/คอนโด,,,24.51,"236335 , 236336",7/11/2026 3:37
not_found,LandsMaps ไม่พบโฉนด,10550,10_09_236336,10,9,236336,กรุงเทพมหานคร,พระโขนง,2,ห้องชุด/คอนโด,,,24.51,"236335 , 236336",7/11/2026 3:37
not_found,LandsMaps ไม่พบโฉนด,10551,10_09_12330,10,9,12330,กรุงเทพมหานคร,พระโขนง,2,ห้องชุด/คอนโด,,,34.97,12330,7/11/2026 3:37
not_found,LandsMaps ไม่พบโฉนด,10552,10_32_40123,10,32,40123,กรุงเทพมหานคร,ประเวศ,3,ที่ดิน+สิ่งปลูกสร้าง,,,28.3,40123,7/11/2026 3:37
not_found,LandsMaps ไม่พบโฉนด,10553,10_34_5374,10,34,5374,กรุงเทพมหานคร,สวนหลวง,2,ห้องชุด/คอนโด,,,27,5374,7/11/2026 3:37
not_found,LandsMaps ไม่พบโฉนด,10554,10_32_29283,10,32,29283,กรุงเทพมหานคร,ประเวศ,3,ที่ดิน+สิ่งปลูกสร้าง,,,49.3,29283,7/11/2026 3:37
not_found,LandsMaps ไม่พบโฉนด,10555,10_32_245063,10,32,245063,กรุงเทพมหานคร,ประเวศ,2,ห้องชุด/คอนโด,,,24.76,"1569-1579,1601,1602,3497,245063,245064",7/11/2026 3:37
not_found,LandsMaps ไม่พบโฉนด,10555,10_32_245064,10,32,245064,กรุงเทพมหานคร,ประเวศ,2,ห้องชุด/คอนโด,,,24.76,"1569-1579,1601,1602,3497,245063,245064",7/11/2026 3:37
not_found,LandsMaps ไม่พบโฉนด,10556,10_32_245063,10,32,245063,กรุงเทพมหานคร,ประเวศ,2,ห้องชุด/คอนโด,,,25.48,"1569-1579,1601,1602,3497,245063,245064",7/11/2026 3:37
not_found,LandsMaps ไม่พบโฉนด,10556,10_32_245064,10,32,245064,กรุงเทพมหานคร,ประเวศ,2,ห้องชุด/คอนโด,,,25.48,"1569-1579,1601,1602,3497,245063,245064",7/11/2026 3:37
not_found,LandsMaps ไม่พบโฉนด,10557,10_32_52161,10,32,52161,กรุงเทพมหานคร,ประเวศ,3,ที่ดิน+สิ่งปลูกสร้าง,,,16.9,52161,7/11/2026 3:37
not_found,LandsMaps ไม่พบโฉนด,10558,10_34_17569,10,34,17569,กรุงเทพมหานคร,สวนหลวง,3,ที่ดิน+สิ่งปลูกสร้าง,,,52.1,17569,7/11/2026 3:37
not_found,LandsMaps ไม่พบโฉนด,10559,10_47_2241,10,47,2241,กรุงเทพมหานคร,บางนา,2,ห้องชุด/คอนโด,,,34.79,"224,122,452,246,224,000,000,000",7/11/2026 3:37
not_found,LandsMaps ไม่พบโฉนด,10559,10_47_2245,10,47,2245,กรุงเทพมหานคร,บางนา,2,ห้องชุด/คอนโด,,,34.79,"224,122,452,246,224,000,000,000",7/11/2026 3:37
not_found,LandsMaps ไม่พบโฉนด,10559,10_47_2246,10,47,2246,กรุงเทพมหานคร,บางนา,2,ห้องชุด/คอนโด,,,34.79,"224,122,452,246,224,000,000,000",7/11/2026 3:37
not_found,LandsMaps ไม่พบโฉนด,10559,10_47_2247,10,47,2247,กรุงเทพมหานคร,บางนา,2,ห้องชุด/คอนโด,,,34.79,"224,122,452,246,224,000,000,000",7/11/2026 3:37
not_found,LandsMaps ไม่พบโฉนด,10559,10_47_2277,10,47,2277,กรุงเทพมหานคร,บางนา,2,ห้องชุด/คอนโด,,,34.79,"224,122,452,246,224,000,000,000",7/11/2026 3:37
not_found,LandsMaps ไม่พบโฉนด,10559,10_47_2912,10,47,2912,กรุงเทพมหานคร,บางนา,2,ห้องชุด/คอนโด,,,34.79,"224,122,452,246,224,000,000,000",7/11/2026 3:37
not_found,LandsMaps ไม่พบโฉนด,10560,10_47_1884,10,47,1884,กรุงเทพมหานคร,บางนา,2,ห้องชุด/คอนโด,,,33.02,"18,841,885",7/11/2026 3:37
not_found,LandsMaps ไม่พบโฉนด,10560,10_47_1885,10,47,1885,กรุงเทพมหานคร,บางนา,2,ห้องชุด/คอนโด,,,33.02,"18,841,885",7/11/2026 3:37
not_found,LandsMaps ไม่พบโฉนด,10561,10_32_245063,10,32,245063,กรุงเทพมหานคร,ประเวศ,2,ห้องชุด/คอนโด,,,25.85,"1569 - 1579,1601-1602,3497, 245063-245064",7/11/2026 3:37
not_found,LandsMaps ไม่พบโฉนด,10561,10_32_245064,10,32,245064,กรุงเทพมหานคร,ประเวศ,2,ห้องชุด/คอนโด,,,25.85,"1569 - 1579,1601-1602,3497, 245063-245064",7/11/2026 3:37
not_found,LandsMaps ไม่พบโฉนด,10562,10_34_18047,10,34,18047,กรุงเทพมหานคร,สวนหลวง,3,ที่ดิน+สิ่งปลูกสร้าง,,,18.2,18047,7/11/2026 3:37
not_found,LandsMaps ไม่พบโฉนด,10563,10_09_251420,10,9,251420,กรุงเทพมหานคร,พระโขนง,2,ห้องชุด/คอนโด,,,41.05,"251420,5142 (บางส่วน)",7/11/2026 3:37
not_found,LandsMaps ไม่พบโฉนด,10563,10_09_5142,10,9,5142,กรุงเทพมหานคร,พระโขนง,2,ห้องชุด/คอนโด,,,41.05,"251420,5142 (บางส่วน)",7/11/2026 3:37
not_found,LandsMaps ไม่พบโฉนด,10564,10_09_249172,10,9,249172,กรุงเทพมหานคร,พระโขนง,2,ห้องชุด/คอนโด,,,21.96,249172,7/11/2026 3:37
not_found,LandsMaps ไม่พบโฉนด,10565,10_32_41309,10,32,41309,กรุงเทพมหานคร,ประเวศ,2,ห้องชุด/คอนโด,,,23.08,"41,309,413,104,131,100,000",7/11/2026 3:37
not_found,LandsMaps ไม่พบโฉนด,10565,10_32_41310,10,32,41310,กรุงเทพมหานคร,ประเวศ,2,ห้องชุด/คอนโด,,,23.08,"41,309,413,104,131,100,000",7/11/2026 3:37
not_found,LandsMaps ไม่พบโฉนด,10565,10_32_41311,10,32,41311,กรุงเทพมหานคร,ประเวศ,2,ห้องชุด/คอนโด,,,23.08,"41,309,413,104,131,100,000",7/11/2026 3:37
not_found,LandsMaps ไม่พบโฉนด,10565,10_32_41312,10,32,41312,กรุงเทพมหานคร,ประเวศ,2,ห้องชุด/คอนโด,,,23.08,"41,309,413,104,131,100,000",7/11/2026 3:37
not_found,LandsMaps ไม่พบโฉนด,10566,10_09_26896,10,9,26896,กรุงเทพมหานคร,พระโขนง,2,ห้องชุด/คอนโด,,,27.5,"26896 ,92690",7/11/2026 3:37
not_found,LandsMaps ไม่พบโฉนด,10566,10_09_92690,10,9,92690,กรุงเทพมหานคร,พระโขนง,2,ห้องชุด/คอนโด,,,27.5,"26896 ,92690",7/11/2026 3:37
not_found,LandsMaps ไม่พบโฉนด,10567,10_32_1597,10,32,1597,กรุงเทพมหานคร,ประเวศ,2,ห้องชุด/คอนโด,,,24.62,"1,597,159,815,991,600",7/11/2026 3:37
not_found,LandsMaps ไม่พบโฉนด,10567,10_32_1598,10,32,1598,กรุงเทพมหานคร,ประเวศ,2,ห้องชุด/คอนโด,,,24.62,"1,597,159,815,991,600",7/11/2026 3:37
not_found,LandsMaps ไม่พบโฉนด,10567,10_32_1599,10,32,1599,กรุงเทพมหานคร,ประเวศ,2,ห้องชุด/คอนโด,,,24.62,"1,597,159,815,991,600",7/11/2026 3:37
not_found,LandsMaps ไม่พบโฉนด,10567,10_32_1600,10,32,1600,กรุงเทพมหานคร,ประเวศ,2,ห้องชุด/คอนโด,,,24.62,"1,597,159,815,991,600",7/11/2026 3:37
not_found,LandsMaps ไม่พบโฉนด,10568,10_32_44839,10,32,44839,กรุงเทพมหานคร,ประเวศ,3,ที่ดิน+สิ่งปลูกสร้าง,,,63.8,44839,7/11/2026 3:37
not_found,LandsMaps ไม่พบโฉนด,10569,10_34_5374,10,34,5374,กรุงเทพมหานคร,สวนหลวง,2,ห้องชุด/คอนโด,,,28.54,5374,7/11/2026 3:37
not_found,LandsMaps ไม่พบโฉนด,10570,10_47_2968,10,47,2968,กรุงเทพมหานคร,บางนา,2,ห้องชุด/คอนโด,,,30.17,2968,7/11/2026 3:37
not_found,LandsMaps ไม่พบโฉนด,10571,10_09_1886,10,9,1886,กรุงเทพมหานคร,พระโขนง,2,ห้องชุด/คอนโด,,,23,1886,7/11/2026 3:37
not_found,LandsMaps ไม่พบโฉนด,10572,10_09_10077,10,9,10077,กรุงเทพมหานคร,พระโขนง,2,ห้องชุด/คอนโด,,,35.23,"10077, 252473-252480",7/11/2026 3:37
not_found,LandsMaps ไม่พบโฉนด,10572,10_09_252473,10,9,252473,กรุงเทพมหานคร,พระโขนง,2,ห้องชุด/คอนโด,,,35.23,"10077, 252473-252480",7/11/2026 3:37
not_found,LandsMaps ไม่พบโฉนด,10572,10_09_252474,10,9,252474,กรุงเทพมหานคร,พระโขนง,2,ห้องชุด/คอนโด,,,35.23,"10077, 252473-252480",7/11/2026 3:37
not_found,LandsMaps ไม่พบโฉนด,10572,10_09_252475,10,9,252475,กรุงเทพมหานคร,พระโขนง,2,ห้องชุด/คอนโด,,,35.23,"10077, 252473-252480",7/11/2026 3:37
not_found,LandsMaps ไม่พบโฉนด,10572,10_09_252476,10,9,252476,กรุงเทพมหานคร,พระโขนง,2,ห้องชุด/คอนโด,,,35.23,"10077, 252473-252480",7/11/2026 3:37
not_found,LandsMaps ไม่พบโฉนด,10572,10_09_252477,10,9,252477,กรุงเทพมหานคร,พระโขนง,2,ห้องชุด/คอนโด,,,35.23,"10077, 252473-252480",7/11/2026 3:37
not_found,LandsMaps ไม่พบโฉนด,10572,10_09_252478,10,9,252478,กรุงเทพมหานคร,พระโขนง,2,ห้องชุด/คอนโด,,,35.23,"10077, 252473-252480",7/11/2026 3:37
not_found,LandsMaps ไม่พบโฉนด,10572,10_09_252479,10,9,252479,กรุงเทพมหานคร,พระโขนง,2,ห้องชุด/คอนโด,,,35.23,"10077, 252473-252480",7/11/2026 3:37
not_found,LandsMaps ไม่พบโฉนด,10572,10_09_252480,10,9,252480,กรุงเทพมหานคร,พระโขนง,2,ห้องชุด/คอนโด,,,35.23,"10077, 252473-252480",7/11/2026 3:37
not_found,LandsMaps ไม่พบโฉนด,10573,10_32_57775,10,32,57775,กรุงเทพมหานคร,ประเวศ,2,ห้องชุด/คอนโด,,,30.95,57775,7/11/2026 3:37
not_found,LandsMaps ไม่พบโฉนด,10574,10_34_5374,10,34,5374,กรุงเทพมหานคร,สวนหลวง,2,ห้องชุด/คอนโด,,,28.54,5374,7/11/2026 3:37
not_found,LandsMaps ไม่พบโฉนด,10575,10_47_1903,10,47,1903,กรุงเทพมหานคร,บางนา,2,ห้องชุด/คอนโด,,,31.53,1903,7/11/2026 3:37
not_found,LandsMaps ไม่พบโฉนด,10576,10_47_2910,10,47,2910,กรุงเทพมหานคร,บางนา,2,ห้องชุด/คอนโด,,,26.77,"2910, 499 (บางส่วน)",7/11/2026 3:37
not_found,LandsMaps ไม่พบโฉนด,10576,10_47_499,10,47,499,กรุงเทพมหานคร,บางนา,2,ห้องชุด/คอนโด,,,26.77,"2910, 499 (บางส่วน)",7/11/2026 3:37
not_found,LandsMaps ไม่พบโฉนด,10577,10_32_59513,10,32,59513,กรุงเทพมหานคร,ประเวศ,2,ห้องชุด/คอนโด,,,23.46,59513,7/11/2026 3:37
not_found,LandsMaps ไม่พบโฉนด,10578,10_32_24936,10,32,24936,กรุงเทพมหานคร,ประเวศ,3,ที่ดิน+สิ่งปลูกสร้าง,,,22,24936,7/11/2026 3:37
not_found,LandsMaps ไม่พบโฉนด,10579,10_32_13184,10,32,13184,กรุงเทพมหานคร,ประเวศ,3,ที่ดิน+สิ่งปลูกสร้าง,,,80.3,13184,7/11/2026 3:37
not_found,LandsMaps ไม่พบโฉนด,10580,10_09_249172,10,9,249172,กรุงเทพมหานคร,พระโขนง,2,ห้องชุด/คอนโด,,,22.2,249172,7/11/2026 3:37
not_found,LandsMaps ไม่พบโฉนด,10581,10_47_2411,10,47,2411,กรุงเทพมหานคร,บางนา,2,ห้องชุด/คอนโด,,,23.51,2411,7/11/2026 3:37
not_found,LandsMaps ไม่พบโฉนด,10582,10_32_247004,10,32,247004,กรุงเทพมหานคร,ประเวศ,3,ที่ดิน+สิ่งปลูกสร้าง,,,46,247004,7/11/2026 3:37
not_found,LandsMaps ไม่พบโฉนด,10583,10_32_247005,10,32,247005,กรุงเทพมหานคร,ประเวศ,3,ที่ดิน+สิ่งปลูกสร้าง,,,26,247005,7/11/2026 3:37
not_found,LandsMaps ไม่พบโฉนด,10584,10_09_35090,10,9,35090,กรุงเทพมหานคร,พระโขนง,2,ห้องชุด/คอนโด,,,28.02,35090,7/11/2026 3:37
not_found,LandsMaps ไม่พบโฉนด,10585,10_32_245063,10,32,245063,กรุงเทพมหานคร,ประเวศ,2,ห้องชุด/คอนโด,,,25.48,"1569,1570-1579,1601,1602,3497,245063,245064",7/11/2026 3:37
not_found,LandsMaps ไม่พบโฉนด,10585,10_32_245064,10,32,245064,กรุงเทพมหานคร,ประเวศ,2,ห้องชุด/คอนโด,,,25.48,"1569,1570-1579,1601,1602,3497,245063,245064",7/11/2026 3:37
not_found,LandsMaps ไม่พบโฉนด,10586,10_09_144605,10,9,144605,กรุงเทพมหานคร,พระโขนง,1,ที่ดินเปล่า,,,15,144605,7/11/2026 3:37
not_found,LandsMaps ไม่พบโฉนด,10587,10_34_28823,10,34,28823,กรุงเทพมหานคร,สวนหลวง,2,ห้องชุด/คอนโด,,,25.68,"28,823,288,242,882,500,000",7/11/2026 3:37
not_found,LandsMaps ไม่พบโฉนด,10587,10_34_28824,10,34,28824,กรุงเทพมหานคร,สวนหลวง,2,ห้องชุด/คอนโด,,,25.68,"28,823,288,242,882,500,000",7/11/2026 3:37
not_found,LandsMaps ไม่พบโฉนด,10587,10_34_28825,10,34,28825,กรุงเทพมหานคร,สวนหลวง,2,ห้องชุด/คอนโด,,,25.68,"28,823,288,242,882,500,000",7/11/2026 3:37
not_found,LandsMaps ไม่พบโฉนด,10587,10_34_28826,10,34,28826,กรุงเทพมหานคร,สวนหลวง,2,ห้องชุด/คอนโด,,,25.68,"28,823,288,242,882,500,000",7/11/2026 3:37
not_found,LandsMaps ไม่พบโฉนด,10588,10_47_1884,10,47,1884,กรุงเทพมหานคร,บางนา,2,ห้องชุด/คอนโด,,,33.02,"18,841,885",7/11/2026 3:37
not_found,LandsMaps ไม่พบโฉนด,10588,10_47_1885,10,47,1885,กรุงเทพมหานคร,บางนา,2,ห้องชุด/คอนโด,,,33.02,"18,841,885",7/11/2026 3:37
not_found,LandsMaps ไม่พบโฉนด,10589,10_47_2911,10,47,2911,กรุงเทพมหานคร,บางนา,2,ห้องชุด/คอนโด,,,23.83,"2911,499 (บางส่วน)",7/11/2026 3:38
not_found,LandsMaps ไม่พบโฉนด,10589,10_47_499,10,47,499,กรุงเทพมหานคร,บางนา,2,ห้องชุด/คอนโด,,,23.83,"2911,499 (บางส่วน)",7/11/2026 3:38
not_found,LandsMaps ไม่พบโฉนด,10590,10_32_41077,10,32,41077,กรุงเทพมหานคร,ประเวศ,2,ห้องชุด/คอนโด,,,22.7,41077,7/11/2026 3:38
not_found,LandsMaps ไม่พบโฉนด,10591,10_09_249995,10,9,249995,กรุงเทพมหานคร,พระโขนง,2,ห้องชุด/คอนโด,,,82.05,249995,7/11/2026 3:38
not_found,LandsMaps ไม่พบโฉนด,10592,10_47_1903,10,47,1903,กรุงเทพมหานคร,บางนา,2,ห้องชุด/คอนโด,,,31.92,1903,7/11/2026 3:38
not_found,LandsMaps ไม่พบโฉนด,10593,10_34_18613,10,34,18613,กรุงเทพมหานคร,สวนหลวง,3,ที่ดิน+สิ่งปลูกสร้าง,,,20,18613,7/11/2026 3:38
not_found,LandsMaps ไม่พบโฉนด,10594,10_09_126575,10,9,126575,กรุงเทพมหานคร,พระโขนง,2,ห้องชุด/คอนโด,,,58.422,126575,7/11/2026 3:38
not_found,LandsMaps ไม่พบโฉนด,10595,10_09_237614,10,9,237614,กรุงเทพมหานคร,พระโขนง,3,ที่ดิน+สิ่งปลูกสร้าง,,,25.1,237614,7/11/2026 3:38
not_found,LandsMaps ไม่พบโฉนด,10596,10_47_2411,10,47,2411,กรุงเทพมหานคร,บางนา,2,ห้องชุด/คอนโด,,,23.5,2411,7/11/2026 3:38
not_found,LandsMaps ไม่พบโฉนด,10597,10_32_429,10,32,429,กรุงเทพมหานคร,ประเวศ,2,ห้องชุด/คอนโด,,,57.54,429,7/11/2026 3:38
not_found,LandsMaps ไม่พบโฉนด,10598,10_09_51469,10,9,51469,กรุงเทพมหานคร,พระโขนง,2,ห้องชุด/คอนโด,,,29.94,"5,146,949,717",7/11/2026 3:38
not_found,LandsMaps ไม่พบโฉนด,10598,10_09_49717,10,9,49717,กรุงเทพมหานคร,พระโขนง,2,ห้องชุด/คอนโด,,,29.94,"5,146,949,717",7/11/2026 3:38
not_found,LandsMaps ไม่พบโฉนด,10599,10_34_27835,10,34,27835,กรุงเทพมหานคร,สวนหลวง,3,ที่ดิน+สิ่งปลูกสร้าง,,,42.6,27835,7/11/2026 3:38
not_found,LandsMaps ไม่พบโฉนด,10600,10_34_15683,10,34,15683,กรุงเทพมหานคร,สวนหลวง,2,ห้องชุด/คอนโด,,,21.43,"156,831,568,415,685,000,000,000,000,000,000,000,000,000,000",7/11/2026 3:38
not_found,LandsMaps ไม่พบโฉนด,10600,10_34_15684,10,34,15684,กรุงเทพมหานคร,สวนหลวง,2,ห้องชุด/คอนโด,,,21.43,"156,831,568,415,685,000,000,000,000,000,000,000,000,000,000",7/11/2026 3:38
not_found,LandsMaps ไม่พบโฉนด,10600,10_34_15685,10,34,15685,กรุงเทพมหานคร,สวนหลวง,2,ห้องชุด/คอนโด,,,21.43,"156,831,568,415,685,000,000,000,000,000,000,000,000,000,000",7/11/2026 3:38
not_found,LandsMaps ไม่พบโฉนด,10600,10_34_15686,10,34,15686,กรุงเทพมหานคร,สวนหลวง,2,ห้องชุด/คอนโด,,,21.43,"156,831,568,415,685,000,000,000,000,000,000,000,000,000,000",7/11/2026 3:38
not_found,LandsMaps ไม่พบโฉนด,10600,10_34_15687,10,34,15687,กรุงเทพมหานคร,สวนหลวง,2,ห้องชุด/คอนโด,,,21.43,"156,831,568,415,685,000,000,000,000,000,000,000,000,000,000",7/11/2026 3:38
not_found,LandsMaps ไม่พบโฉนด,10600,10_34_15688,10,34,15688,กรุงเทพมหานคร,สวนหลวง,2,ห้องชุด/คอนโด,,,21.43,"156,831,568,415,685,000,000,000,000,000,000,000,000,000,000",7/11/2026 3:38
not_found,LandsMaps ไม่พบโฉนด,10600,10_34_15689,10,34,15689,กรุงเทพมหานคร,สวนหลวง,2,ห้องชุด/คอนโด,,,21.43,"156,831,568,415,685,000,000,000,000,000,000,000,000,000,000",7/11/2026 3:38
not_found,LandsMaps ไม่พบโฉนด,10600,10_34_15690,10,34,15690,กรุงเทพมหานคร,สวนหลวง,2,ห้องชุด/คอนโด,,,21.43,"156,831,568,415,685,000,000,000,000,000,000,000,000,000,000",7/11/2026 3:38
not_found,LandsMaps ไม่พบโฉนด,10600,10_34_15691,10,34,15691,กรุงเทพมหานคร,สวนหลวง,2,ห้องชุด/คอนโด,,,21.43,"156,831,568,415,685,000,000,000,000,000,000,000,000,000,000",7/11/2026 3:38
not_found,LandsMaps ไม่พบโฉนด,10601,10_09_2241,10,9,2241,กรุงเทพมหานคร,พระโขนง,2,ห้องชุด/คอนโด,,,32.35,"224,112,612",7/11/2026 3:38
not_found,LandsMaps ไม่พบโฉนด,10601,10_09_12612,10,9,12612,กรุงเทพมหานคร,พระโขนง,2,ห้องชุด/คอนโด,,,32.35,"224,112,612",7/11/2026 3:38
not_found,LandsMaps ไม่พบโฉนด,10602,10_32_245063,10,32,245063,กรุงเทพมหานคร,ประเวศ,2,ห้องชุด/คอนโด,,,25.48,"1569-1579,1601,1602,3497,245063,245064",7/11/2026 3:38
not_found,LandsMaps ไม่พบโฉนด,10602,10_32_245064,10,32,245064,กรุงเทพมหานคร,ประเวศ,2,ห้องชุด/คอนโด,,,25.48,"1569-1579,1601,1602,3497,245063,245064",7/11/2026 3:38
not_found,LandsMaps ไม่พบโฉนด,10603,10_32_245063,10,32,245063,กรุงเทพมหานคร,ประเวศ,2,ห้องชุด/คอนโด,,,25.48,"1569-1579,1601,1602,3497,245063,245064",7/11/2026 3:38
not_found,LandsMaps ไม่พบโฉนด,10603,10_32_245064,10,32,245064,กรุงเทพมหานคร,ประเวศ,2,ห้องชุด/คอนโด,,,25.48,"1569-1579,1601,1602,3497,245063,245064",7/11/2026 3:38
not_found,LandsMaps ไม่พบโฉนด,10604,10_32_245063,10,32,245063,กรุงเทพมหานคร,ประเวศ,2,ห้องชุด/คอนโด,,,28.92,"1569-1579,1601-1602,3497,245063,245064",7/11/2026 3:38
not_found,LandsMaps ไม่พบโฉนด,10604,10_32_245064,10,32,245064,กรุงเทพมหานคร,ประเวศ,2,ห้องชุด/คอนโด,,,28.92,"1569-1579,1601-1602,3497,245063,245064",7/11/2026 3:38
not_found,LandsMaps ไม่พบโฉนด,10605,10_09_233102,10,9,233102,กรุงเทพมหานคร,พระโขนง,2,ห้องชุด/คอนโด,,,33.83,233102,7/11/2026 3:38
not_found,LandsMaps ไม่พบโฉนด,10606,10_34_5386,10,34,5386,กรุงเทพมหานคร,สวนหลวง,2,ห้องชุด/คอนโด,,,31.32,5386,7/11/2026 3:38
not_found,LandsMaps ไม่พบโฉนด,10607,10_09_157787,10,9,157787,กรุงเทพมหานคร,พระโขนง,3,ที่ดิน+สิ่งปลูกสร้าง,,,29,157787,7/11/2026 3:38
not_found,LandsMaps ไม่พบโฉนด,10608,10_32_245063,10,32,245063,กรุงเทพมหานคร,ประเวศ,2,ห้องชุด/คอนโด,,,25.48,"1569-1579,1601,1602,3497,245063,245064",7/11/2026 3:38
not_found,LandsMaps ไม่พบโฉนด,10608,10_32_245064,10,32,245064,กรุงเทพมหานคร,ประเวศ,2,ห้องชุด/คอนโด,,,25.48,"1569-1579,1601,1602,3497,245063,245064",7/11/2026 3:38
not_found,LandsMaps ไม่พบโฉนด,10609,10_32_245063,10,32,245063,กรุงเทพมหานคร,ประเวศ,2,ห้องชุด/คอนโด,,,25.48,"1569-1579,1601,1602,3497,245063,245064",7/11/2026 3:38
not_found,LandsMaps ไม่พบโฉนด,10609,10_32_245064,10,32,245064,กรุงเทพมหานคร,ประเวศ,2,ห้องชุด/คอนโด,,,25.48,"1569-1579,1601,1602,3497,245063,245064",7/11/2026 3:38
not_found,LandsMaps ไม่พบโฉนด,10610,10_32_53211,10,32,53211,กรุงเทพมหานคร,ประเวศ,3,ที่ดิน+สิ่งปลูกสร้าง,,,16.7,53211,7/11/2026 3:38
not_found,LandsMaps ไม่พบโฉนด,10611,10_47_3289,10,47,3289,กรุงเทพมหานคร,บางนา,2,ห้องชุด/คอนโด,,,53.34,3289,7/11/2026 3:38
not_found,LandsMaps ไม่พบโฉนด,10612,10_32_209955,10,32,209955,กรุงเทพมหานคร,ประเวศ,2,ห้องชุด/คอนโด,,,24.34,209955,7/11/2026 3:38
not_found,LandsMaps ไม่พบโฉนด,10613,10_47_1760,10,47,1760,กรุงเทพมหานคร,บางนา,2,ห้องชุด/คอนโด,,,22.8,1760,7/11/2026 3:38
not_found,LandsMaps ไม่พบโฉนด,10614,10_32_245063,10,32,245063,กรุงเทพมหานคร,ประเวศ,2,ห้องชุด/คอนโด,,,25.48,"1569,1570-1579,1601,1602,3497,245063-245064",7/11/2026 3:38
not_found,LandsMaps ไม่พบโฉนด,10614,10_32_245064,10,32,245064,กรุงเทพมหานคร,ประเวศ,2,ห้องชุด/คอนโด,,,25.48,"1569,1570-1579,1601,1602,3497,245063-245064",7/11/2026 3:38
not_found,LandsMaps ไม่พบโฉนด,10615,10_32_33422,10,32,33422,กรุงเทพมหานคร,ประเวศ,3,ที่ดิน+สิ่งปลูกสร้าง,,,57.4,33422,7/11/2026 3:38
not_found,LandsMaps ไม่พบโฉนด,10616,10_09_1886,10,9,1886,กรุงเทพมหานคร,พระโขนง,2,ห้องชุด/คอนโด,,,23,1886,7/11/2026 3:38
not_found,LandsMaps ไม่พบโฉนด,10617,10_47_1880,10,47,1880,กรุงเทพมหานคร,บางนา,2,ห้องชุด/คอนโด,,,31.07,"18,801,881",7/11/2026 3:38
not_found,LandsMaps ไม่พบโฉนด,10617,10_47_1881,10,47,1881,กรุงเทพมหานคร,บางนา,2,ห้องชุด/คอนโด,,,31.07,"18,801,881",7/11/2026 3:38
not_found,LandsMaps ไม่พบโฉนด,10618,10_32_62452,10,32,62452,กรุงเทพมหานคร,ประเวศ,2,ห้องชุด/คอนโด,,,40.5,"6,245,262,453",7/11/2026 3:38
not_found,LandsMaps ไม่พบโฉนด,10618,10_32_62453,10,32,62453,กรุงเทพมหานคร,ประเวศ,2,ห้องชุด/คอนโด,,,40.5,"6,245,262,453",7/11/2026 3:38
not_found,LandsMaps ไม่พบโฉนด,10619,10_47_1884,10,47,1884,กรุงเทพมหานคร,บางนา,2,ห้องชุด/คอนโด,,,28.84,"18,841,885",7/11/2026 3:38
not_found,LandsMaps ไม่พบโฉนด,10619,10_47_1885,10,47,1885,กรุงเทพมหานคร,บางนา,2,ห้องชุด/คอนโด,,,28.84,"18,841,885",7/11/2026 3:38
not_found,LandsMaps ไม่พบโฉนด,10620,10_09_18241,10,9,18241,กรุงเทพมหานคร,พระโขนง,2,ห้องชุด/คอนโด,,,24.04,"182,411,824,218,243",7/11/2026 3:38
not_found,LandsMaps ไม่พบโฉนด,10620,10_09_18242,10,9,18242,กรุงเทพมหานคร,พระโขนง,2,ห้องชุด/คอนโด,,,24.04,"182,411,824,218,243",7/11/2026 3:38
not_found,LandsMaps ไม่พบโฉนด,10620,10_09_18243,10,9,18243,กรุงเทพมหานคร,พระโขนง,2,ห้องชุด/คอนโด,,,24.04,"182,411,824,218,243",7/11/2026 3:38
not_found,LandsMaps ไม่พบโฉนด,10621,10_32_54765,10,32,54765,กรุงเทพมหานคร,ประเวศ,3,ที่ดิน+สิ่งปลูกสร้าง,,,20.8,54765,7/11/2026 3:38
not_found,LandsMaps ไม่พบโฉนด,10622,10_32_245063,10,32,245063,กรุงเทพมหานคร,ประเวศ,2,ห้องชุด/คอนโด,,,25.85,"1569-1579,1601,1602,3497,245063,245064",7/11/2026 3:38
not_found,LandsMaps ไม่พบโฉนด,10622,10_32_245064,10,32,245064,กรุงเทพมหานคร,ประเวศ,2,ห้องชุด/คอนโด,,,25.85,"1569-1579,1601,1602,3497,245063,245064",7/11/2026 3:38
not_found,LandsMaps ไม่พบโฉนด,10623,10_32_41077,10,32,41077,กรุงเทพมหานคร,ประเวศ,2,ห้องชุด/คอนโด,,,26.12,41077,7/11/2026 3:38
not_found,LandsMaps ไม่พบโฉนด,10624,10_09_2420,10,9,2420,กรุงเทพมหานคร,พระโขนง,2,ห้องชุด/คอนโด,,,26.53,"2,420,249,173",7/11/2026 3:38
not_found,LandsMaps ไม่พบโฉนด,10624,10_09_249173,10,9,249173,กรุงเทพมหานคร,พระโขนง,2,ห้องชุด/คอนโด,,,26.53,"2,420,249,173",7/11/2026 3:38
not_found,LandsMaps ไม่พบโฉนด,10625,10_32_245063,10,32,245063,กรุงเทพมหานคร,ประเวศ,2,ห้องชุด/คอนโด,,,27.98,"1569,1570-1579,1601,1602,3497,245063,245064",7/11/2026 3:38
not_found,LandsMaps ไม่พบโฉนด,10625,10_32_245064,10,32,245064,กรุงเทพมหานคร,ประเวศ,2,ห้องชุด/คอนโด,,,27.98,"1569,1570-1579,1601,1602,3497,245063,245064",7/11/2026 3:38
not_found,LandsMaps ไม่พบโฉนด,10626,10_34_3233,10,34,3233,กรุงเทพมหานคร,สวนหลวง,2,ห้องชุด/คอนโด,,,58.47,3233,7/11/2026 3:38
not_found,LandsMaps ไม่พบโฉนด,10627,10_32_41077,10,32,41077,กรุงเทพมหานคร,ประเวศ,2,ห้องชุด/คอนโด,,,25.97,41077,7/11/2026 3:39
not_found,LandsMaps ไม่พบโฉนด,10628,10_32_31063,10,32,31063,กรุงเทพมหานคร,ประเวศ,3,ที่ดิน+สิ่งปลูกสร้าง,,,55.2,31063,7/11/2026 3:39
not_found,LandsMaps ไม่พบโฉนด,10629,10_34_18223,10,34,18223,กรุงเทพมหานคร,สวนหลวง,2,ห้องชุด/คอนโด,,,28.66,"18,223,184,071,840,800,000",7/11/2026 3:39
not_found,LandsMaps ไม่พบโฉนด,10629,10_34_18407,10,34,18407,กรุงเทพมหานคร,สวนหลวง,2,ห้องชุด/คอนโด,,,28.66,"18,223,184,071,840,800,000",7/11/2026 3:39
not_found,LandsMaps ไม่พบโฉนด,10629,10_34_18408,10,34,18408,กรุงเทพมหานคร,สวนหลวง,2,ห้องชุด/คอนโด,,,28.66,"18,223,184,071,840,800,000",7/11/2026 3:39
not_found,LandsMaps ไม่พบโฉนด,10629,10_34_31729,10,34,31729,กรุงเทพมหานคร,สวนหลวง,2,ห้องชุด/คอนโด,,,28.66,"18,223,184,071,840,800,000",7/11/2026 3:39
not_found,LandsMaps ไม่พบโฉนด,10630,10_32_11122,10,32,11122,กรุงเทพมหานคร,ประเวศ,2,ห้องชุด/คอนโด,,,25.8,11122,7/11/2026 3:39
not_found,LandsMaps ไม่พบโฉนด,10631,10_34_15683,10,34,15683,กรุงเทพมหานคร,สวนหลวง,2,ห้องชุด/คอนโด,,,29.24,"156,831,568,415,685,000,000,000,000,000,000,000,000,000,000",7/11/2026 3:39
not_found,LandsMaps ไม่พบโฉนด,10631,10_34_15684,10,34,15684,กรุงเทพมหานคร,สวนหลวง,2,ห้องชุด/คอนโด,,,29.24,"156,831,568,415,685,000,000,000,000,000,000,000,000,000,000",7/11/2026 3:39
not_found,LandsMaps ไม่พบโฉนด,10631,10_34_15685,10,34,15685,กรุงเทพมหานคร,สวนหลวง,2,ห้องชุด/คอนโด,,,29.24,"156,831,568,415,685,000,000,000,000,000,000,000,000,000,000",7/11/2026 3:39
not_found,LandsMaps ไม่พบโฉนด,10631,10_34_15686,10,34,15686,กรุงเทพมหานคร,สวนหลวง,2,ห้องชุด/คอนโด,,,29.24,"156,831,568,415,685,000,000,000,000,000,000,000,000,000,000",7/11/2026 3:39
not_found,LandsMaps ไม่พบโฉนด,10631,10_34_15687,10,34,15687,กรุงเทพมหานคร,สวนหลวง,2,ห้องชุด/คอนโด,,,29.24,"156,831,568,415,685,000,000,000,000,000,000,000,000,000,000",7/11/2026 3:39
not_found,LandsMaps ไม่พบโฉนด,10631,10_34_15688,10,34,15688,กรุงเทพมหานคร,สวนหลวง,2,ห้องชุด/คอนโด,,,29.24,"156,831,568,415,685,000,000,000,000,000,000,000,000,000,000",7/11/2026 3:39
not_found,LandsMaps ไม่พบโฉนด,10631,10_34_15689,10,34,15689,กรุงเทพมหานคร,สวนหลวง,2,ห้องชุด/คอนโด,,,29.24,"156,831,568,415,685,000,000,000,000,000,000,000,000,000,000",7/11/2026 3:39
not_found,LandsMaps ไม่พบโฉนด,10631,10_34_15690,10,34,15690,กรุงเทพมหานคร,สวนหลวง,2,ห้องชุด/คอนโด,,,29.24,"156,831,568,415,685,000,000,000,000,000,000,000,000,000,000",7/11/2026 3:39
not_found,LandsMaps ไม่พบโฉนด,10631,10_34_15691,10,34,15691,กรุงเทพมหานคร,สวนหลวง,2,ห้องชุด/คอนโด,,,29.24,"156,831,568,415,685,000,000,000,000,000,000,000,000,000,000",7/11/2026 3:39
not_found,LandsMaps ไม่พบโฉนด,10632,10_09_245617,10,9,245617,กรุงเทพมหานคร,พระโขนง,3,ที่ดิน+สิ่งปลูกสร้าง,,,25,245617,7/11/2026 3:39
not_found,LandsMaps ไม่พบโฉนด,10633,10_32_245063,10,32,245063,กรุงเทพมหานคร,ประเวศ,2,ห้องชุด/คอนโด,,,25.48,"1569-1579,1601-1602,3497,245063-245064",7/11/2026 3:39
not_found,LandsMaps ไม่พบโฉนด,10633,10_32_245064,10,32,245064,กรุงเทพมหานคร,ประเวศ,2,ห้องชุด/คอนโด,,,25.48,"1569-1579,1601-1602,3497,245063-245064",7/11/2026 3:39
not_found,LandsMaps ไม่พบโฉนด,10634,10_34_5374,10,34,5374,กรุงเทพมหานคร,สวนหลวง,2,ห้องชุด/คอนโด,,,28.54,5374,7/11/2026 3:39
not_found,LandsMaps ไม่พบโฉนด,10635,10_32_45969,10,32,45969,กรุงเทพมหานคร,ประเวศ,3,ที่ดิน+สิ่งปลูกสร้าง,,,28.4,45969,7/11/2026 3:39
not_found,LandsMaps ไม่พบโฉนด,10636,10_32_38801,10,32,38801,กรุงเทพมหานคร,ประเวศ(พระโขนง),3,ที่ดิน+สิ่งปลูกสร้าง,,,35,38801,7/11/2026 3:39
not_found,LandsMaps ไม่พบโฉนด,10637,10_09_38802,10,9,38802,กรุงเทพมหานคร,พระโขนง,3,ที่ดิน+สิ่งปลูกสร้าง,,2,21,38802,7/11/2026 3:39
not_found,LandsMaps ไม่พบโฉนด,10638,10_32_245063,10,32,245063,กรุงเทพมหานคร,ประเวศ,2,ห้องชุด/คอนโด,,,25.48,"1569-1579,1601,1602,3497,245063,245064",7/11/2026 3:39
not_found,LandsMaps ไม่พบโฉนด,10638,10_32_245064,10,32,245064,กรุงเทพมหานคร,ประเวศ,2,ห้องชุด/คอนโด,,,25.48,"1569-1579,1601,1602,3497,245063,245064",7/11/2026 3:39
not_found,LandsMaps ไม่พบโฉนด,10639,10_09_185396,10,9,185396,กรุงเทพมหานคร,พระโขนง,2,ห้องชุด/คอนโด,,,27.67,"185,396,185,397,185,000,000,000,000,000,000,000",7/11/2026 3:39
not_found,LandsMaps ไม่พบโฉนด,10639,10_09_185397,10,9,185397,กรุงเทพมหานคร,พระโขนง,2,ห้องชุด/คอนโด,,,27.67,"185,396,185,397,185,000,000,000,000,000,000,000",7/11/2026 3:39
not_found,LandsMaps ไม่พบโฉนด,10639,10_09_185398,10,9,185398,กรุงเทพมหานคร,พระโขนง,2,ห้องชุด/คอนโด,,,27.67,"185,396,185,397,185,000,000,000,000,000,000,000",7/11/2026 3:39
not_found,LandsMaps ไม่พบโฉนด,10639,10_09_185406,10,9,185406,กรุงเทพมหานคร,พระโขนง,2,ห้องชุด/คอนโด,,,27.67,"185,396,185,397,185,000,000,000,000,000,000,000",7/11/2026 3:39
not_found,LandsMaps ไม่พบโฉนด,10639,10_09_185407,10,9,185407,กรุงเทพมหานคร,พระโขนง,2,ห้องชุด/คอนโด,,,27.67,"185,396,185,397,185,000,000,000,000,000,000,000",7/11/2026 3:39
not_found,LandsMaps ไม่พบโฉนด,10639,10_09_185433,10,9,185433,กรุงเทพมหานคร,พระโขนง,2,ห้องชุด/คอนโด,,,27.67,"185,396,185,397,185,000,000,000,000,000,000,000",7/11/2026 3:39
not_found,LandsMaps ไม่พบโฉนด,10640,10_09_252668,10,9,252668,กรุงเทพมหานคร,พระโขนง,2,ห้องชุด/คอนโด,,,35.93,"252,668,218,896,252,000",7/11/2026 3:39
not_found,LandsMaps ไม่พบโฉนด,10640,10_09_218896,10,9,218896,กรุงเทพมหานคร,พระโขนง,2,ห้องชุด/คอนโด,,,35.93,"252,668,218,896,252,000",7/11/2026 3:39
not_found,LandsMaps ไม่พบโฉนด,10640,10_09_252669,10,9,252669,กรุงเทพมหานคร,พระโขนง,2,ห้องชุด/คอนโด,,,35.93,"252,668,218,896,252,000",7/11/2026 3:39
not_found,LandsMaps ไม่พบโฉนด,10641,10_34_10247,10,34,10247,กรุงเทพมหานคร,สวนหลวง,2,ห้องชุด/คอนโด,,,31.11,"1,024,710,248",7/11/2026 3:39
not_found,LandsMaps ไม่พบโฉนด,10641,10_34_10248,10,34,10248,กรุงเทพมหานคร,สวนหลวง,2,ห้องชุด/คอนโด,,,31.11,"1,024,710,248",7/11/2026 3:39
not_found,LandsMaps ไม่พบโฉนด,10642,10_09_82677,10,9,82677,กรุงเทพมหานคร,พระโขนง,1,ที่ดินเปล่า,,1,7,82677,7/11/2026 3:39
not_found,LandsMaps ไม่พบโฉนด,10643,10_09_82678,10,9,82678,กรุงเทพมหานคร,พระโขนง,1,ที่ดินเปล่า,,,93,82678,7/11/2026 3:39
not_found,LandsMaps ไม่พบโฉนด,10644,10_09_82679,10,9,82679,กรุงเทพมหานคร,พระโขนง,1,ที่ดินเปล่า,,1,2,82679,7/11/2026 3:39
not_found,LandsMaps ไม่พบโฉนด,10645,10_09_123128,10,9,123128,กรุงเทพมหานคร,พระโขนง,3,ที่ดิน+สิ่งปลูกสร้าง,,,23.5,123128,7/11/2026 3:39
not_found,LandsMaps ไม่พบโฉนด,10646,10_09_123129,10,9,123129,กรุงเทพมหานคร,พระโขนง,3,ที่ดิน+สิ่งปลูกสร้าง,,,33.8,123129,7/11/2026 3:39
not_found,LandsMaps ไม่พบโฉนด,10647,10_09_123136,10,9,123136,กรุงเทพมหานคร,พระโขนง,3,ที่ดิน+สิ่งปลูกสร้าง,,,20.3,123136,7/11/2026 3:39
not_found,LandsMaps ไม่พบโฉนด,10648,10_32_245063,10,32,245063,กรุงเทพมหานคร,ประเวศ,2,ห้องชุด/คอนโด,,,25.48,"1569-1579,1601,1602,3497,245063,245064",7/11/2026 3:39
not_found,LandsMaps ไม่พบโฉนด,10648,10_32_245064,10,32,245064,กรุงเทพมหานคร,ประเวศ,2,ห้องชุด/คอนโด,,,25.48,"1569-1579,1601,1602,3497,245063,245064",7/11/2026 3:39
not_found,LandsMaps ไม่พบโฉนด,10649,10_09_227346,10,9,227346,กรุงเทพมหานคร,พระโขนง,3,ที่ดิน+สิ่งปลูกสร้าง,1,,61,227346,7/11/2026 3:39
not_found,LandsMaps ไม่พบโฉนด,10650,10_09_38283,10,9,38283,กรุงเทพมหานคร,พระโขนง,2,ห้องชุด/คอนโด,,,26.99,"382,833,828,438,285,000,000,000,000,000",7/11/2026 3:39
not_found,LandsMaps ไม่พบโฉนด,10650,10_09_38284,10,9,38284,กรุงเทพมหานคร,พระโขนง,2,ห้องชุด/คอนโด,,,26.99,"382,833,828,438,285,000,000,000,000,000",7/11/2026 3:39
not_found,LandsMaps ไม่พบโฉนด,10650,10_09_38285,10,9,38285,กรุงเทพมหานคร,พระโขนง,2,ห้องชุด/คอนโด,,,26.99,"382,833,828,438,285,000,000,000,000,000",7/11/2026 3:39
not_found,LandsMaps ไม่พบโฉนด,10650,10_09_38290,10,9,38290,กรุงเทพมหานคร,พระโขนง,2,ห้องชุด/คอนโด,,,26.99,"382,833,828,438,285,000,000,000,000,000",7/11/2026 3:39
not_found,LandsMaps ไม่พบโฉนด,10650,10_09_38291,10,9,38291,กรุงเทพมหานคร,พระโขนง,2,ห้องชุด/คอนโด,,,26.99,"382,833,828,438,285,000,000,000,000,000",7/11/2026 3:39
not_found,LandsMaps ไม่พบโฉนด,10650,10_09_38292,10,9,38292,กรุงเทพมหานคร,พระโขนง,2,ห้องชุด/คอนโด,,,26.99,"382,833,828,438,285,000,000,000,000,000",7/11/2026 3:39
not_found,LandsMaps ไม่พบโฉนด,10651,10_32_33229,10,32,33229,กรุงเทพมหานคร,ประเวศ,3,ที่ดิน+สิ่งปลูกสร้าง,,,21,33229,7/11/2026 3:39
not_found,LandsMaps ไม่พบโฉนด,10652,10_32_30289,10,32,30289,กรุงเทพมหานคร,ประเวศ,2,ห้องชุด/คอนโด,,,27.25,30289,7/11/2026 3:39
not_found,LandsMaps ไม่พบโฉนด,10653,10_34_7249,10,34,7249,กรุงเทพมหานคร,สวนหลวง,2,ห้องชุด/คอนโด,,,29.57,7249,7/11/2026 3:39
not_found,LandsMaps ไม่พบโฉนด,10654,10_09_225184,10,9,225184,กรุงเทพมหานคร,พระโขนง,3,ที่ดิน+สิ่งปลูกสร้าง,,,18,225184,7/11/2026 3:39
not_found,LandsMaps ไม่พบโฉนด,10655,10_32_1798,10,32,1798,กรุงเทพมหานคร,ประเวศ,2,ห้องชุด/คอนโด,,,25.41,"1798,5386-5391,6309-6315",7/11/2026 3:39
not_found,LandsMaps ไม่พบโฉนด,10655,10_32_5386,10,32,5386,กรุงเทพมหานคร,ประเวศ,2,ห้องชุด/คอนโด,,,25.41,"1798,5386-5391,6309-6315",7/11/2026 3:39
not_found,LandsMaps ไม่พบโฉนด,10655,10_32_5387,10,32,5387,กรุงเทพมหานคร,ประเวศ,2,ห้องชุด/คอนโด,,,25.41,"1798,5386-5391,6309-6315",7/11/2026 3:39
not_found,LandsMaps ไม่พบโฉนด,10655,10_32_5388,10,32,5388,กรุงเทพมหานคร,ประเวศ,2,ห้องชุด/คอนโด,,,25.41,"1798,5386-5391,6309-6315",7/11/2026 3:39
not_found,LandsMaps ไม่พบโฉนด,10655,10_32_5389,10,32,5389,กรุงเทพมหานคร,ประเวศ,2,ห้องชุด/คอนโด,,,25.41,"1798,5386-5391,6309-6315",7/11/2026 3:39
not_found,LandsMaps ไม่พบโฉนด,10655,10_32_5390,10,32,5390,กรุงเทพมหานคร,ประเวศ,2,ห้องชุด/คอนโด,,,25.41,"1798,5386-5391,6309-6315",7/11/2026 3:39
not_found,LandsMaps ไม่พบโฉนด,10655,10_32_5391,10,32,5391,กรุงเทพมหานคร,ประเวศ,2,ห้องชุด/คอนโด,,,25.41,"1798,5386-5391,6309-6315",7/11/2026 3:39
not_found,LandsMaps ไม่พบโฉนด,10655,10_32_6309,10,32,6309,กรุงเทพมหานคร,ประเวศ,2,ห้องชุด/คอนโด,,,25.41,"1798,5386-5391,6309-6315",7/11/2026 3:39
not_found,LandsMaps ไม่พบโฉนด,10655,10_32_6310,10,32,6310,กรุงเทพมหานคร,ประเวศ,2,ห้องชุด/คอนโด,,,25.41,"1798,5386-5391,6309-6315",7/11/2026 3:39
not_found,LandsMaps ไม่พบโฉนด,10655,10_32_6311,10,32,6311,กรุงเทพมหานคร,ประเวศ,2,ห้องชุด/คอนโด,,,25.41,"1798,5386-5391,6309-6315",7/11/2026 3:39
not_found,LandsMaps ไม่พบโฉนด,10655,10_32_6312,10,32,6312,กรุงเทพมหานคร,ประเวศ,2,ห้องชุด/คอนโด,,,25.41,"1798,5386-5391,6309-6315",7/11/2026 3:39
not_found,LandsMaps ไม่พบโฉนด,10655,10_32_6313,10,32,6313,กรุงเทพมหานคร,ประเวศ,2,ห้องชุด/คอนโด,,,25.41,"1798,5386-5391,6309-6315",7/11/2026 3:39
not_found,LandsMaps ไม่พบโฉนด,10655,10_32_6314,10,32,6314,กรุงเทพมหานคร,ประเวศ,2,ห้องชุด/คอนโด,,,25.41,"1798,5386-5391,6309-6315",7/11/2026 3:39
not_found,LandsMaps ไม่พบโฉนด,10655,10_32_6315,10,32,6315,กรุงเทพมหานคร,ประเวศ,2,ห้องชุด/คอนโด,,,25.41,"1798,5386-5391,6309-6315",7/11/2026 3:39
not_found,LandsMaps ไม่พบโฉนด,10656,10_09_72092,10,9,72092,กรุงเทพมหานคร,พระโขนง,2,ห้องชุด/คอนโด,,,23.77,"7,209,272,093,720,940,000,000,000",7/11/2026 3:39
not_found,LandsMaps ไม่พบโฉนด,10656,10_09_72093,10,9,72093,กรุงเทพมหานคร,พระโขนง,2,ห้องชุด/คอนโด,,,23.77,"7,209,272,093,720,940,000,000,000",7/11/2026 3:39
not_found,LandsMaps ไม่พบโฉนด,10656,10_09_72094,10,9,72094,กรุงเทพมหานคร,พระโขนง,2,ห้องชุด/คอนโด,,,23.77,"7,209,272,093,720,940,000,000,000",7/11/2026 3:39
not_found,LandsMaps ไม่พบโฉนด,10656,10_09_72095,10,9,72095,กรุงเทพมหานคร,พระโขนง,2,ห้องชุด/คอนโด,,,23.77,"7,209,272,093,720,940,000,000,000",7/11/2026 3:39
not_found,LandsMaps ไม่พบโฉนด,10656,10_09_72096,10,9,72096,กรุงเทพมหานคร,พระโขนง,2,ห้องชุด/คอนโด,,,23.77,"7,209,272,093,720,940,000,000,000",7/11/2026 3:39
not_found,LandsMaps ไม่พบโฉนด,10657,10_32_245063,10,32,245063,กรุงเทพมหานคร,ประเวศ,2,ห้องชุด/คอนโด,,,25.48,"1569-1579, 1601, 1602, 3497, 245063, 245064",7/11/2026 3:39
not_found,LandsMaps ไม่พบโฉนด,10657,10_32_245064,10,32,245064,กรุงเทพมหานคร,ประเวศ,2,ห้องชุด/คอนโด,,,25.48,"1569-1579, 1601, 1602, 3497, 245063, 245064",7/11/2026 3:39
not_found,LandsMaps ไม่พบโฉนด,10658,10_34_5180,10,34,5180,กรุงเทพมหานคร,สวนหลวง,2,ห้องชุด/คอนโด,,,28.41,5180,7/11/2026 3:39
not_found,LandsMaps ไม่พบโฉนด,10659,10_09_89605,10,9,89605,กรุงเทพมหานคร,พระโขนง,2,ห้องชุด/คอนโด,,,43.01,"8,960,589,606,177,180",7/11/2026 3:40
not_found,LandsMaps ไม่พบโฉนด,10659,10_09_89606,10,9,89606,กรุงเทพมหานคร,พระโขนง,2,ห้องชุด/คอนโด,,,43.01,"8,960,589,606,177,180",7/11/2026 3:40
not_found,LandsMaps ไม่พบโฉนด,10659,10_09_177187,10,9,177187,กรุงเทพมหานคร,พระโขนง,2,ห้องชุด/คอนโด,,,43.01,"8,960,589,606,177,180",7/11/2026 3:40
not_found,LandsMaps ไม่พบโฉนด,10660,10_32_32687,10,32,32687,กรุงเทพมหานคร,ประเวศ,3,ที่ดิน+สิ่งปลูกสร้าง,,,18.1,32687,7/11/2026 3:40
not_found,LandsMaps ไม่พบโฉนด,10661,10_47_1880,10,47,1880,กรุงเทพมหานคร,บางนา,2,ห้องชุด/คอนโด,,,31.07,"18,801,881",7/11/2026 3:40
not_found,LandsMaps ไม่พบโฉนด,10661,10_47_1881,10,47,1881,กรุงเทพมหานคร,บางนา,2,ห้องชุด/คอนโด,,,31.07,"18,801,881",7/11/2026 3:40
not_found,LandsMaps ไม่พบโฉนด,10662,10_32_24076,10,32,24076,กรุงเทพมหานคร,ประเวศ,2,ห้องชุด/คอนโด,,,35.28,24076,7/11/2026 3:40
not_found,LandsMaps ไม่พบโฉนด,10663,10_34_19320,10,34,19320,กรุงเทพมหานคร,สวนหลวง,2,ห้องชุด/คอนโด,,,26.58,"19320,19321 ( บางส่วน )",7/11/2026 3:40
not_found,LandsMaps ไม่พบโฉนด,10663,10_34_19321,10,34,19321,กรุงเทพมหานคร,สวนหลวง,2,ห้องชุด/คอนโด,,,26.58,"19320,19321 ( บางส่วน )",7/11/2026 3:40
not_found,LandsMaps ไม่พบโฉนด,10664,10_09_108890,10,9,108890,กรุงเทพมหานคร,พระโขนง,2,ห้องชุด/คอนโด,,,57.48,"108,890,108,891,248,000",7/11/2026 3:40
not_found,LandsMaps ไม่พบโฉนด,10664,10_09_108891,10,9,108891,กรุงเทพมหานคร,พระโขนง,2,ห้องชุด/คอนโด,,,57.48,"108,890,108,891,248,000",7/11/2026 3:40
not_found,LandsMaps ไม่พบโฉนด,10664,10_09_248105,10,9,248105,กรุงเทพมหานคร,พระโขนง,2,ห้องชุด/คอนโด,,,57.48,"108,890,108,891,248,000",7/11/2026 3:40
not_found,LandsMaps ไม่พบโฉนด,10665,10_32_46091,10,32,46091,กรุงเทพมหานคร,ประเวศ,3,ที่ดิน+สิ่งปลูกสร้าง,,,17.8,46091,7/11/2026 3:40
not_found,LandsMaps ไม่พบโฉนด,10666,10_34_5374,10,34,5374,กรุงเทพมหานคร,สวนหลวง,2,ห้องชุด/คอนโด,,,28.54,5374,7/11/2026 3:40
not_found,LandsMaps ไม่พบโฉนด,10667,10_32_227392,10,32,227392,กรุงเทพมหานคร,ประเวศ,2,ห้องชุด/คอนโด,,,24.73,"227392, 245611",7/11/2026 3:40
not_found,LandsMaps ไม่พบโฉนด,10667,10_32_245611,10,32,245611,กรุงเทพมหานคร,ประเวศ,2,ห้องชุด/คอนโด,,,24.73,"227392, 245611",7/11/2026 3:40
not_found,LandsMaps ไม่พบโฉนด,10668,10_32_11122,10,32,11122,กรุงเทพมหานคร,ประเวศ,2,ห้องชุด/คอนโด,,,25.8,11122,7/11/2026 3:40
not_found,LandsMaps ไม่พบโฉนด,10669,10_47_3728,10,47,3728,กรุงเทพมหานคร,บางนา,2,ห้องชุด/คอนโด,,,25.92,"3728, 3729",7/11/2026 3:40
not_found,LandsMaps ไม่พบโฉนด,10669,10_47_3729,10,47,3729,กรุงเทพมหานคร,บางนา,2,ห้องชุด/คอนโด,,,25.92,"3728, 3729",7/11/2026 3:40
not_found,LandsMaps ไม่พบโฉนด,10670,10_32_3137,10,32,3137,กรุงเทพมหานคร,ประเวศ,2,ห้องชุด/คอนโด,,,24.48,3137,7/11/2026 3:40
not_found,LandsMaps ไม่พบโฉนด,10671,10_34_10521,10,34,10521,กรุงเทพมหานคร,สวนหลวง,3,ที่ดิน+สิ่งปลูกสร้าง,,,56.7,10521,7/11/2026 3:40
not_found,LandsMaps ไม่พบโฉนด,10672,10_34_15683,10,34,15683,กรุงเทพมหานคร,สวนหลวง,2,ห้องชุด/คอนโด,,,28.78,"156,831,568,415,685,000,000,000,000,000,000,000,000,000,000",7/11/2026 3:40
not_found,LandsMaps ไม่พบโฉนด,10672,10_34_15684,10,34,15684,กรุงเทพมหานคร,สวนหลวง,2,ห้องชุด/คอนโด,,,28.78,"156,831,568,415,685,000,000,000,000,000,000,000,000,000,000",7/11/2026 3:40
not_found,LandsMaps ไม่พบโฉนด,10672,10_34_15685,10,34,15685,กรุงเทพมหานคร,สวนหลวง,2,ห้องชุด/คอนโด,,,28.78,"156,831,568,415,685,000,000,000,000,000,000,000,000,000,000",7/11/2026 3:40
not_found,LandsMaps ไม่พบโฉนด,10672,10_34_15686,10,34,15686,กรุงเทพมหานคร,สวนหลวง,2,ห้องชุด/คอนโด,,,28.78,"156,831,568,415,685,000,000,000,000,000,000,000,000,000,000",7/11/2026 3:40
not_found,LandsMaps ไม่พบโฉนด,10672,10_34_15687,10,34,15687,กรุงเทพมหานคร,สวนหลวง,2,ห้องชุด/คอนโด,,,28.78,"156,831,568,415,685,000,000,000,000,000,000,000,000,000,000",7/11/2026 3:40
not_found,LandsMaps ไม่พบโฉนด,10672,10_34_15688,10,34,15688,กรุงเทพมหานคร,สวนหลวง,2,ห้องชุด/คอนโด,,,28.78,"156,831,568,415,685,000,000,000,000,000,000,000,000,000,000",7/11/2026 3:40
not_found,LandsMaps ไม่พบโฉนด,10672,10_34_15689,10,34,15689,กรุงเทพมหานคร,สวนหลวง,2,ห้องชุด/คอนโด,,,28.78,"156,831,568,415,685,000,000,000,000,000,000,000,000,000,000",7/11/2026 3:40
not_found,LandsMaps ไม่พบโฉนด,10672,10_34_15690,10,34,15690,กรุงเทพมหานคร,สวนหลวง,2,ห้องชุด/คอนโด,,,28.78,"156,831,568,415,685,000,000,000,000,000,000,000,000,000,000",7/11/2026 3:40
not_found,LandsMaps ไม่พบโฉนด,10672,10_34_15691,10,34,15691,กรุงเทพมหานคร,สวนหลวง,2,ห้องชุด/คอนโด,,,28.78,"156,831,568,415,685,000,000,000,000,000,000,000,000,000,000",7/11/2026 3:40
not_found,LandsMaps ไม่พบโฉนด,10673,10_09_249172,10,9,249172,กรุงเทพมหานคร,พระโขนง,2,ห้องชุด/คอนโด,,,21.96,249172,7/11/2026 3:40
not_found,LandsMaps ไม่พบโฉนด,10674,10_09_144487,10,9,144487,กรุงเทพมหานคร,พระโขนง,3,ที่ดิน+สิ่งปลูกสร้าง,,,71,144487,7/11/2026 3:40
not_found,LandsMaps ไม่พบโฉนด,10675,10_32_245063,10,32,245063,กรุงเทพมหานคร,ประเวศ,2,ห้องชุด/คอนโด,,,25.48,"1569-1579,1601,1602,3497,245063,245064",7/11/2026 3:40
not_found,LandsMaps ไม่พบโฉนด,10675,10_32_245064,10,32,245064,กรุงเทพมหานคร,ประเวศ,2,ห้องชุด/คอนโด,,,25.48,"1569-1579,1601,1602,3497,245063,245064",7/11/2026 3:40
not_found,LandsMaps ไม่พบโฉนด,10676,10_32_31364,10,32,31364,กรุงเทพมหานคร,ประเวศ,3,ที่ดิน+สิ่งปลูกสร้าง,,,18.5,31364,7/11/2026 3:40
not_found,LandsMaps ไม่พบโฉนด,10677,10_09_168143,10,9,168143,กรุงเทพมหานคร,พระโขนง,3,ที่ดิน+สิ่งปลูกสร้าง,,,66,168143,7/11/2026 3:40
not_found,LandsMaps ไม่พบโฉนด,10678,10_32_23534,10,32,23534,กรุงเทพมหานคร,ประเวศ,3,ที่ดิน+สิ่งปลูกสร้าง,,,21.4,23534,7/11/2026 3:40
not_found,LandsMaps ไม่พบโฉนด,10679,10_32_11121,10,32,11121,กรุงเทพมหานคร,ประเวศ,2,ห้องชุด/คอนโด,,,25.8,11121,7/11/2026 3:40
not_found,LandsMaps ไม่พบโฉนด,10680,10_47_1882,10,47,1882,กรุงเทพมหานคร,บางนา,2,ห้องชุด/คอนโด,,,47.73,"18,821,883",7/11/2026 3:40
not_found,LandsMaps ไม่พบโฉนด,10680,10_47_1883,10,47,1883,กรุงเทพมหานคร,บางนา,2,ห้องชุด/คอนโด,,,47.73,"18,821,883",7/11/2026 3:40
not_found,LandsMaps ไม่พบโฉนด,10681,10_09_51470,10,9,51470,กรุงเทพมหานคร,พระโขนง,2,ห้องชุด/คอนโด,,,29.94,51470,7/11/2026 3:40
not_found,LandsMaps ไม่พบโฉนด,10682,10_09_16996,10,9,16996,กรุงเทพมหานคร,พระโขนง,2,ห้องชุด/คอนโด,,,24.12,"169,961,699,756,480",7/11/2026 3:40
not_found,LandsMaps ไม่พบโฉนด,10682,10_09_16997,10,9,16997,กรุงเทพมหานคร,พระโขนง,2,ห้องชุด/คอนโด,,,24.12,"169,961,699,756,480",7/11/2026 3:40
not_found,LandsMaps ไม่พบโฉนด,10682,10_09_56480,10,9,56480,กรุงเทพมหานคร,พระโขนง,2,ห้องชุด/คอนโด,,,24.12,"169,961,699,756,480",7/11/2026 3:40
not_found,LandsMaps ไม่พบโฉนด,10683,10_32_1597,10,32,1597,กรุงเทพมหานคร,ประเวศ,2,ห้องชุด/คอนโด,,,24.62,"1,597,159,815,991,600",7/11/2026 3:40
not_found,LandsMaps ไม่พบโฉนด,10683,10_32_1598,10,32,1598,กรุงเทพมหานคร,ประเวศ,2,ห้องชุด/คอนโด,,,24.62,"1,597,159,815,991,600",7/11/2026 3:40
not_found,LandsMaps ไม่พบโฉนด,10683,10_32_1599,10,32,1599,กรุงเทพมหานคร,ประเวศ,2,ห้องชุด/คอนโด,,,24.62,"1,597,159,815,991,600",7/11/2026 3:40
not_found,LandsMaps ไม่พบโฉนด,10683,10_32_1600,10,32,1600,กรุงเทพมหานคร,ประเวศ,2,ห้องชุด/คอนโด,,,24.62,"1,597,159,815,991,600",7/11/2026 3:40
not_found,LandsMaps ไม่พบโฉนด,10684,10_09_177620,10,9,177620,กรุงเทพมหานคร,พระโขนง,3,ที่ดิน+สิ่งปลูกสร้าง,,,18.5,177620,7/11/2026 3:40
not_found,LandsMaps ไม่พบโฉนด,10685,10_09_190882,10,9,190882,กรุงเทพมหานคร,พระโขนง,3,ที่ดิน+สิ่งปลูกสร้าง,,,5.6,190882,7/11/2026 3:40
not_found,LandsMaps ไม่พบโฉนด,10686,10_09_18241,10,9,18241,กรุงเทพมหานคร,พระโขนง,2,ห้องชุด/คอนโด,,,28.59,"182,411,824,218,243",7/11/2026 3:40
not_found,LandsMaps ไม่พบโฉนด,10686,10_09_18242,10,9,18242,กรุงเทพมหานคร,พระโขนง,2,ห้องชุด/คอนโด,,,28.59,"182,411,824,218,243",7/11/2026 3:40
not_found,LandsMaps ไม่พบโฉนด,10686,10_09_18243,10,9,18243,กรุงเทพมหานคร,พระโขนง,2,ห้องชุด/คอนโด,,,28.59,"182,411,824,218,243",7/11/2026 3:40
not_found,LandsMaps ไม่พบโฉนด,10687,10_34_5386,10,34,5386,กรุงเทพมหานคร,สวนหลวง,2,ห้องชุด/คอนโด,,,31.04,5386,7/11/2026 3:40
not_found,LandsMaps ไม่พบโฉนด,10688,10_09_252639,10,9,252639,กรุงเทพมหานคร,พระโขนง,2,ห้องชุด/คอนโด,,,28.25,252639,7/11/2026 3:40
not_found,LandsMaps ไม่พบโฉนด,10689,10_32_47438,10,32,47438,กรุงเทพมหานคร,ประเวศ,3,ที่ดิน+สิ่งปลูกสร้าง,,,22.6,47438,7/11/2026 3:40
not_found,LandsMaps ไม่พบโฉนด,10690,10_09_127569,10,9,127569,กรุงเทพมหานคร,พระโขนง,2,ห้องชุด/คอนโด,,,26.24,127569,7/11/2026 3:40
not_found,LandsMaps ไม่พบโฉนด,10691,10_09_206826,10,9,206826,กรุงเทพมหานคร,พระโขนง,3,ที่ดิน+สิ่งปลูกสร้าง,,1,28,206826,7/11/2026 3:40
not_found,LandsMaps ไม่พบโฉนด,10692,10_34_15683,10,34,15683,กรุงเทพมหานคร,สวนหลวง,2,ห้องชุด/คอนโด,,,25.99,"156,831,568,415,685,000,000,000,000,000,000,000,000,000,000",7/11/2026 3:40
not_found,LandsMaps ไม่พบโฉนด,10692,10_34_15684,10,34,15684,กรุงเทพมหานคร,สวนหลวง,2,ห้องชุด/คอนโด,,,25.99,"156,831,568,415,685,000,000,000,000,000,000,000,000,000,000",7/11/2026 3:40
not_found,LandsMaps ไม่พบโฉนด,10692,10_34_15685,10,34,15685,กรุงเทพมหานคร,สวนหลวง,2,ห้องชุด/คอนโด,,,25.99,"156,831,568,415,685,000,000,000,000,000,000,000,000,000,000",7/11/2026 3:40
not_found,LandsMaps ไม่พบโฉนด,10692,10_34_15686,10,34,15686,กรุงเทพมหานคร,สวนหลวง,2,ห้องชุด/คอนโด,,,25.99,"156,831,568,415,685,000,000,000,000,000,000,000,000,000,000",7/11/2026 3:40
not_found,LandsMaps ไม่พบโฉนด,10692,10_34_15687,10,34,15687,กรุงเทพมหานคร,สวนหลวง,2,ห้องชุด/คอนโด,,,25.99,"156,831,568,415,685,000,000,000,000,000,000,000,000,000,000",7/11/2026 3:40
not_found,LandsMaps ไม่พบโฉนด,10692,10_34_15688,10,34,15688,กรุงเทพมหานคร,สวนหลวง,2,ห้องชุด/คอนโด,,,25.99,"156,831,568,415,685,000,000,000,000,000,000,000,000,000,000",7/11/2026 3:40
not_found,LandsMaps ไม่พบโฉนด,10692,10_34_15689,10,34,15689,กรุงเทพมหานคร,สวนหลวง,2,ห้องชุด/คอนโด,,,25.99,"156,831,568,415,685,000,000,000,000,000,000,000,000,000,000",7/11/2026 3:40
not_found,LandsMaps ไม่พบโฉนด,10692,10_34_15690,10,34,15690,กรุงเทพมหานคร,สวนหลวง,2,ห้องชุด/คอนโด,,,25.99,"156,831,568,415,685,000,000,000,000,000,000,000,000,000,000",7/11/2026 3:40
not_found,LandsMaps ไม่พบโฉนด,10692,10_34_15691,10,34,15691,กรุงเทพมหานคร,สวนหลวง,2,ห้องชุด/คอนโด,,,25.99,"156,831,568,415,685,000,000,000,000,000,000,000,000,000,000",7/11/2026 3:40
not_found,LandsMaps ไม่พบโฉนด,10693,10_09_39093,10,9,39093,กรุงเทพมหานคร,พระโขนง,2,ห้องชุด/คอนโด,,,73.32,"39,093,390,943,909,500,000,000,000,000,000,000",7/11/2026 3:40
not_found,LandsMaps ไม่พบโฉนด,10693,10_09_39094,10,9,39094,กรุงเทพมหานคร,พระโขนง,2,ห้องชุด/คอนโด,,,73.32,"39,093,390,943,909,500,000,000,000,000,000,000",7/11/2026 3:40
not_found,LandsMaps ไม่พบโฉนด,10693,10_09_39095,10,9,39095,กรุงเทพมหานคร,พระโขนง,2,ห้องชุด/คอนโด,,,73.32,"39,093,390,943,909,500,000,000,000,000,000,000",7/11/2026 3:40
not_found,LandsMaps ไม่พบโฉนด,10693,10_09_39156,10,9,39156,กรุงเทพมหานคร,พระโขนง,2,ห้องชุด/คอนโด,,,73.32,"39,093,390,943,909,500,000,000,000,000,000,000",7/11/2026 3:40
not_found,LandsMaps ไม่พบโฉนด,10693,10_09_39157,10,9,39157,กรุงเทพมหานคร,พระโขนง,2,ห้องชุด/คอนโด,,,73.32,"39,093,390,943,909,500,000,000,000,000,000,000",7/11/2026 3:40
not_found,LandsMaps ไม่พบโฉนด,10693,10_09_39158,10,9,39158,กรุงเทพมหานคร,พระโขนง,2,ห้องชุด/คอนโด,,,73.32,"39,093,390,943,909,500,000,000,000,000,000,000",7/11/2026 3:40
not_found,LandsMaps ไม่พบโฉนด,10693,10_09_39159,10,9,39159,กรุงเทพมหานคร,พระโขนง,2,ห้องชุด/คอนโด,,,73.32,"39,093,390,943,909,500,000,000,000,000,000,000",7/11/2026 3:40
not_found,LandsMaps ไม่พบโฉนด,10694,10_32_1798,10,32,1798,กรุงเทพมหานคร,ประเวศ,2,ห้องชุด/คอนโด,,,25.41,"1798,5386-5391,6309,6310,6311,6312,6313,6314,6315",7/11/2026 3:40
not_found,LandsMaps ไม่พบโฉนด,10694,10_32_5386,10,32,5386,กรุงเทพมหานคร,ประเวศ,2,ห้องชุด/คอนโด,,,25.41,"1798,5386-5391,6309,6310,6311,6312,6313,6314,6315",7/11/2026 3:40
not_found,LandsMaps ไม่พบโฉนด,10694,10_32_5387,10,32,5387,กรุงเทพมหานคร,ประเวศ,2,ห้องชุด/คอนโด,,,25.41,"1798,5386-5391,6309,6310,6311,6312,6313,6314,6315",7/11/2026 3:40
not_found,LandsMaps ไม่พบโฉนด,10694,10_32_5388,10,32,5388,กรุงเทพมหานคร,ประเวศ,2,ห้องชุด/คอนโด,,,25.41,"1798,5386-5391,6309,6310,6311,6312,6313,6314,6315",7/11/2026 3:40
not_found,LandsMaps ไม่พบโฉนด,10694,10_32_5389,10,32,5389,กรุงเทพมหานคร,ประเวศ,2,ห้องชุด/คอนโด,,,25.41,"1798,5386-5391,6309,6310,6311,6312,6313,6314,6315",7/11/2026 3:40
not_found,LandsMaps ไม่พบโฉนด,10694,10_32_5390,10,32,5390,กรุงเทพมหานคร,ประเวศ,2,ห้องชุด/คอนโด,,,25.41,"1798,5386-5391,6309,6310,6311,6312,6313,6314,6315",7/11/2026 3:40
not_found,LandsMaps ไม่พบโฉนด,10694,10_32_5391,10,32,5391,กรุงเทพมหานคร,ประเวศ,2,ห้องชุด/คอนโด,,,25.41,"1798,5386-5391,6309,6310,6311,6312,6313,6314,6315",7/11/2026 3:40
not_found,LandsMaps ไม่พบโฉนด,10694,10_32_6309,10,32,6309,กรุงเทพมหานคร,ประเวศ,2,ห้องชุด/คอนโด,,,25.41,"1798,5386-5391,6309,6310,6311,6312,6313,6314,6315",7/11/2026 3:40
not_found,LandsMaps ไม่พบโฉนด,10694,10_32_6310,10,32,6310,กรุงเทพมหานคร,ประเวศ,2,ห้องชุด/คอนโด,,,25.41,"1798,5386-5391,6309,6310,6311,6312,6313,6314,6315",7/11/2026 3:40
not_found,LandsMaps ไม่พบโฉนด,10694,10_32_6311,10,32,6311,กรุงเทพมหานคร,ประเวศ,2,ห้องชุด/คอนโด,,,25.41,"1798,5386-5391,6309,6310,6311,6312,6313,6314,6315",7/11/2026 3:40
not_found,LandsMaps ไม่พบโฉนด,10694,10_32_6312,10,32,6312,กรุงเทพมหานคร,ประเวศ,2,ห้องชุด/คอนโด,,,25.41,"1798,5386-5391,6309,6310,6311,6312,6313,6314,6315",7/11/2026 3:40
not_found,LandsMaps ไม่พบโฉนด,10694,10_32_6313,10,32,6313,กรุงเทพมหานคร,ประเวศ,2,ห้องชุด/คอนโด,,,25.41,"1798,5386-5391,6309,6310,6311,6312,6313,6314,6315",7/11/2026 3:41
not_found,LandsMaps ไม่พบโฉนด,10694,10_32_6314,10,32,6314,กรุงเทพมหานคร,ประเวศ,2,ห้องชุด/คอนโด,,,25.41,"1798,5386-5391,6309,6310,6311,6312,6313,6314,6315",7/11/2026 3:41
not_found,LandsMaps ไม่พบโฉนด,10694,10_32_6315,10,32,6315,กรุงเทพมหานคร,ประเวศ,2,ห้องชุด/คอนโด,,,25.41,"1798,5386-5391,6309,6310,6311,6312,6313,6314,6315",7/11/2026 3:41
not_found,LandsMaps ไม่พบโฉนด,10695,10_34_15683,10,34,15683,กรุงเทพมหานคร,สวนหลวง,2,ห้องชุด/คอนโด,,,20.63,"156,831,568,415,685,000,000,000,000,000,000,000,000,000,000",7/11/2026 3:41
not_found,LandsMaps ไม่พบโฉนด,10695,10_34_15684,10,34,15684,กรุงเทพมหานคร,สวนหลวง,2,ห้องชุด/คอนโด,,,20.63,"156,831,568,415,685,000,000,000,000,000,000,000,000,000,000",7/11/2026 3:41
not_found,LandsMaps ไม่พบโฉนด,10695,10_34_15685,10,34,15685,กรุงเทพมหานคร,สวนหลวง,2,ห้องชุด/คอนโด,,,20.63,"156,831,568,415,685,000,000,000,000,000,000,000,000,000,000",7/11/2026 3:41
not_found,LandsMaps ไม่พบโฉนด,10695,10_34_15686,10,34,15686,กรุงเทพมหานคร,สวนหลวง,2,ห้องชุด/คอนโด,,,20.63,"156,831,568,415,685,000,000,000,000,000,000,000,000,000,000",7/11/2026 3:41
not_found,LandsMaps ไม่พบโฉนด,10695,10_34_15687,10,34,15687,กรุงเทพมหานคร,สวนหลวง,2,ห้องชุด/คอนโด,,,20.63,"156,831,568,415,685,000,000,000,000,000,000,000,000,000,000",7/11/2026 3:41
not_found,LandsMaps ไม่พบโฉนด,10695,10_34_15688,10,34,15688,กรุงเทพมหานคร,สวนหลวง,2,ห้องชุด/คอนโด,,,20.63,"156,831,568,415,685,000,000,000,000,000,000,000,000,000,000",7/11/2026 3:41
not_found,LandsMaps ไม่พบโฉนด,10695,10_34_15689,10,34,15689,กรุงเทพมหานคร,สวนหลวง,2,ห้องชุด/คอนโด,,,20.63,"156,831,568,415,685,000,000,000,000,000,000,000,000,000,000",7/11/2026 3:41
not_found,LandsMaps ไม่พบโฉนด,10695,10_34_15690,10,34,15690,กรุงเทพมหานคร,สวนหลวง,2,ห้องชุด/คอนโด,,,20.63,"156,831,568,415,685,000,000,000,000,000,000,000,000,000,000",7/11/2026 3:41
not_found,LandsMaps ไม่พบโฉนด,10695,10_34_15691,10,34,15691,กรุงเทพมหานคร,สวนหลวง,2,ห้องชุด/คอนโด,,,20.63,"156,831,568,415,685,000,000,000,000,000,000,000,000,000,000",7/11/2026 3:41
not_found,LandsMaps ไม่พบโฉนด,10696,10_09_51470,10,9,51470,กรุงเทพมหานคร,พระโขนง,2,ห้องชุด/คอนโด,,,29.94,51470,7/11/2026 3:41
not_found,LandsMaps ไม่พบโฉนด,10697,10_32_31117,10,32,31117,กรุงเทพมหานคร,ประเวศ,3,ที่ดิน+สิ่งปลูกสร้าง,,,63.9,31117,7/11/2026 3:41
not_found,LandsMaps ไม่พบโฉนด,10698,10_34_21193,10,34,21193,กรุงเทพมหานคร,สวนหลวง,2,ห้องชุด/คอนโด,,,36.12,"21193, 21254, 92630, 92631, 92632",7/11/2026 3:41
not_found,LandsMaps ไม่พบโฉนด,10698,10_34_21254,10,34,21254,กรุงเทพมหานคร,สวนหลวง,2,ห้องชุด/คอนโด,,,36.12,"21193, 21254, 92630, 92631, 92632",7/11/2026 3:41
not_found,LandsMaps ไม่พบโฉนด,10698,10_34_92630,10,34,92630,กรุงเทพมหานคร,สวนหลวง,2,ห้องชุด/คอนโด,,,36.12,"21193, 21254, 92630, 92631, 92632",7/11/2026 3:41
not_found,LandsMaps ไม่พบโฉนด,10698,10_34_92631,10,34,92631,กรุงเทพมหานคร,สวนหลวง,2,ห้องชุด/คอนโด,,,36.12,"21193, 21254, 92630, 92631, 92632",7/11/2026 3:41
not_found,LandsMaps ไม่พบโฉนด,10698,10_34_92632,10,34,92632,กรุงเทพมหานคร,สวนหลวง,2,ห้องชุด/คอนโด,,,36.12,"21193, 21254, 92630, 92631, 92632",7/11/2026 3:41
not_found,LandsMaps ไม่พบโฉนด,10699,10_09_233102,10,9,233102,กรุงเทพมหานคร,พระโขนง,2,ห้องชุด/คอนโด,,,216.52,233102,7/11/2026 3:41
not_found,LandsMaps ไม่พบโฉนด,10700,10_34_5374,10,34,5374,กรุงเทพมหานคร,สวนหลวง,2,ห้องชุด/คอนโด,,,28.54,5374,7/11/2026 3:41
not_found,LandsMaps ไม่พบโฉนด,10701,10_32_62452,10,32,62452,กรุงเทพมหานคร,ประเวศ,2,ห้องชุด/คอนโด,,,31,"62452, 62453",7/11/2026 3:41
not_found,LandsMaps ไม่พบโฉนด,10701,10_32_62453,10,32,62453,กรุงเทพมหานคร,ประเวศ,2,ห้องชุด/คอนโด,,,31,"62452, 62453",7/11/2026 3:41
not_found,LandsMaps ไม่พบโฉนด,10702,10_34_8531,10,34,8531,กรุงเทพมหานคร,สวนหลวง,2,ห้องชุด/คอนโด,,,26.06,"8531, 11111, 11112, 11113, 11114, 11115, 155084",7/11/2026 3:41
not_found,LandsMaps ไม่พบโฉนด,10702,10_34_11111,10,34,11111,กรุงเทพมหานคร,สวนหลวง,2,ห้องชุด/คอนโด,,,26.06,"8531, 11111, 11112, 11113, 11114, 11115, 155084",7/11/2026 3:41
not_found,LandsMaps ไม่พบโฉนด,10702,10_34_11112,10,34,11112,กรุงเทพมหานคร,สวนหลวง,2,ห้องชุด/คอนโด,,,26.06,"8531, 11111, 11112, 11113, 11114, 11115, 155084",7/11/2026 3:41
not_found,LandsMaps ไม่พบโฉนด,10702,10_34_11113,10,34,11113,กรุงเทพมหานคร,สวนหลวง,2,ห้องชุด/คอนโด,,,26.06,"8531, 11111, 11112, 11113, 11114, 11115, 155084",7/11/2026 3:41
not_found,LandsMaps ไม่พบโฉนด,10702,10_34_11114,10,34,11114,กรุงเทพมหานคร,สวนหลวง,2,ห้องชุด/คอนโด,,,26.06,"8531, 11111, 11112, 11113, 11114, 11115, 155084",7/11/2026 3:41
not_found,LandsMaps ไม่พบโฉนด,10702,10_34_11115,10,34,11115,กรุงเทพมหานคร,สวนหลวง,2,ห้องชุด/คอนโด,,,26.06,"8531, 11111, 11112, 11113, 11114, 11115, 155084",7/11/2026 3:41
not_found,LandsMaps ไม่พบโฉนด,10702,10_34_155084,10,34,155084,กรุงเทพมหานคร,สวนหลวง,2,ห้องชุด/คอนโด,,,26.06,"8531, 11111, 11112, 11113, 11114, 11115, 155084",7/11/2026 3:41
not_found,LandsMaps ไม่พบโฉนด,10703,10_09_197711,10,9,197711,กรุงเทพมหานคร,พระโขนง,3,ที่ดิน+สิ่งปลูกสร้าง,,,28,197711,7/11/2026 3:41
not_found,LandsMaps ไม่พบโฉนด,10704,10_09_146958,10,9,146958,กรุงเทพมหานคร,พระโขนง,1,ที่ดินเปล่า,,,13,146958,7/11/2026 3:41
not_found,LandsMaps ไม่พบโฉนด,10705,10_09_146959,10,9,146959,กรุงเทพมหานคร,พระโขนง,1,ที่ดินเปล่า,,,14,146959,7/11/2026 3:41
not_found,LandsMaps ไม่พบโฉนด,10706,10_32_45164,10,32,45164,กรุงเทพมหานคร,ประเวศ,3,ที่ดิน+สิ่งปลูกสร้าง,,,21.3,45164,7/11/2026 3:41
not_found,LandsMaps ไม่พบโฉนด,10707,10_34_15683,10,34,15683,กรุงเทพมหานคร,สวนหลวง,2,ห้องชุด/คอนโด,,,27.61,"15683, 15684, 15685, 15686, 15687 ฯลฯ",7/11/2026 3:41
not_found,LandsMaps ไม่พบโฉนด,10707,10_34_15684,10,34,15684,กรุงเทพมหานคร,สวนหลวง,2,ห้องชุด/คอนโด,,,27.61,"15683, 15684, 15685, 15686, 15687 ฯลฯ",7/11/2026 3:41
not_found,LandsMaps ไม่พบโฉนด,10707,10_34_15685,10,34,15685,กรุงเทพมหานคร,สวนหลวง,2,ห้องชุด/คอนโด,,,27.61,"15683, 15684, 15685, 15686, 15687 ฯลฯ",7/11/2026 3:41
not_found,LandsMaps ไม่พบโฉนด,10707,10_34_15686,10,34,15686,กรุงเทพมหานคร,สวนหลวง,2,ห้องชุด/คอนโด,,,27.61,"15683, 15684, 15685, 15686, 15687 ฯลฯ",7/11/2026 3:41
not_found,LandsMaps ไม่พบโฉนด,10707,10_34_15687,10,34,15687,กรุงเทพมหานคร,สวนหลวง,2,ห้องชุด/คอนโด,,,27.61,"15683, 15684, 15685, 15686, 15687 ฯลฯ",7/11/2026 3:41
not_found,LandsMaps ไม่พบโฉนด,10708,10_47_2701,10,47,2701,กรุงเทพมหานคร,บางนา,3,ที่ดิน+สิ่งปลูกสร้าง,,,22.2,2701,7/11/2026 3:41
not_found,LandsMaps ไม่พบโฉนด,10710,10_09_31460,10,9,31460,กรุงเทพมหานคร,พระโขนง,3,ที่ดิน+สิ่งปลูกสร้าง,,,50,31460,7/11/2026 3:41
not_found,LandsMaps ไม่พบโฉนด,10711,10_34_5374,10,34,5374,กรุงเทพมหานคร,สวนหลวง,2,ห้องชุด/คอนโด,,,28.54,5374,7/11/2026 3:41
not_found,LandsMaps ไม่พบโฉนด,10712,10_09_252639,10,9,252639,กรุงเทพมหานคร,พระโขนง,2,ห้องชุด/คอนโด,,,28.62,252639,7/11/2026 3:41
not_found,LandsMaps ไม่พบโฉนด,10713,10_32_1597,10,32,1597,กรุงเทพมหานคร,ประเวศ,2,ห้องชุด/คอนโด,,,24.62,"1597, 1598, 1599, 1600",7/11/2026 3:41
not_found,LandsMaps ไม่พบโฉนด,10713,10_32_1598,10,32,1598,กรุงเทพมหานคร,ประเวศ,2,ห้องชุด/คอนโด,,,24.62,"1597, 1598, 1599, 1600",7/11/2026 3:41
not_found,LandsMaps ไม่พบโฉนด,10713,10_32_1599,10,32,1599,กรุงเทพมหานคร,ประเวศ,2,ห้องชุด/คอนโด,,,24.62,"1597, 1598, 1599, 1600",7/11/2026 3:41
not_found,LandsMaps ไม่พบโฉนด,10713,10_32_1600,10,32,1600,กรุงเทพมหานคร,ประเวศ,2,ห้องชุด/คอนโด,,,24.62,"1597, 1598, 1599, 1600",7/11/2026 3:41
not_found,LandsMaps ไม่พบโฉนด,10714,10_09_2241,10,9,2241,กรุงเทพมหานคร,พระโขนง,2,ห้องชุด/คอนโด,,,27.27,"2241, 12612",7/11/2026 3:41
not_found,LandsMaps ไม่พบโฉนด,10714,10_09_12612,10,9,12612,กรุงเทพมหานคร,พระโขนง,2,ห้องชุด/คอนโด,,,27.27,"2241, 12612",7/11/2026 3:41
not_found,LandsMaps ไม่พบโฉนด,10715,10_09_190065,10,9,190065,กรุงเทพมหานคร,พระโขนง,3,ที่ดิน+สิ่งปลูกสร้าง,,,16.5,190065,7/11/2026 3:41
not_found,LandsMaps ไม่พบโฉนด,10716,10_32_247290,10,32,247290,กรุงเทพมหานคร,ประเวศ,2,ห้องชุด/คอนโด,,,25.08,247290,7/11/2026 3:41
not_found,LandsMaps ไม่พบโฉนด,10717,10_09_248207,10,9,248207,กรุงเทพมหานคร,พระโขนง,3,ที่ดิน+สิ่งปลูกสร้าง,,,24,248207,7/11/2026 3:41
not_found,LandsMaps ไม่พบโฉนด,10718,10_09_170574,10,9,170574,กรุงเทพมหานคร,พระโขนง,2,ห้องชุด/คอนโด,,,31.04,170574,7/11/2026 3:41
not_found,LandsMaps ไม่พบโฉนด,10719,10_32_11125,10,32,11125,กรุงเทพมหานคร,ประเวศ,2,ห้องชุด/คอนโด,,,25.8,11125,7/11/2026 3:41
not_found,LandsMaps ไม่พบโฉนด,10720,10_32_9440,10,32,9440,กรุงเทพมหานคร,ประเวศ,2,ห้องชุด/คอนโด,,,65.5,"9,440,944,194,429,440,000,000,000,000",7/11/2026 3:41
not_found,LandsMaps ไม่พบโฉนด,10720,10_32_9441,10,32,9441,กรุงเทพมหานคร,ประเวศ,2,ห้องชุด/คอนโด,,,65.5,"9,440,944,194,429,440,000,000,000,000",7/11/2026 3:41
not_found,LandsMaps ไม่พบโฉนด,10720,10_32_9442,10,32,9442,กรุงเทพมหานคร,ประเวศ,2,ห้องชุด/คอนโด,,,65.5,"9,440,944,194,429,440,000,000,000,000",7/11/2026 3:41
not_found,LandsMaps ไม่พบโฉนด,10720,10_32_9443,10,32,9443,กรุงเทพมหานคร,ประเวศ,2,ห้องชุด/คอนโด,,,65.5,"9,440,944,194,429,440,000,000,000,000",7/11/2026 3:41
not_found,LandsMaps ไม่พบโฉนด,10720,10_32_9444,10,32,9444,กรุงเทพมหานคร,ประเวศ,2,ห้องชุด/คอนโด,,,65.5,"9,440,944,194,429,440,000,000,000,000",7/11/2026 3:41
not_found,LandsMaps ไม่พบโฉนด,10720,10_32_9445,10,32,9445,กรุงเทพมหานคร,ประเวศ,2,ห้องชุด/คอนโด,,,65.5,"9,440,944,194,429,440,000,000,000,000",7/11/2026 3:41
not_found,LandsMaps ไม่พบโฉนด,10720,10_32_9439,10,32,9439,กรุงเทพมหานคร,ประเวศ,2,ห้องชุด/คอนโด,,,65.5,"9,440,944,194,429,440,000,000,000,000",7/11/2026 3:41
not_found,LandsMaps ไม่พบโฉนด,10721,10_34_5989,10,34,5989,กรุงเทพมหานคร,สวนหลวง,2,ห้องชุด/คอนโด,,,59.12,5989,7/11/2026 3:41
not_found,LandsMaps ไม่พบโฉนด,10722,10_32_245063,10,32,245063,กรุงเทพมหานคร,ประเวศ,2,ห้องชุด/คอนโด,,,25.48,"1569-1579, 1601, 1602, 3497, 245063, 245064",7/11/2026 3:41
not_found,LandsMaps ไม่พบโฉนด,10722,10_32_245064,10,32,245064,กรุงเทพมหานคร,ประเวศ,2,ห้องชุด/คอนโด,,,25.48,"1569-1579, 1601, 1602, 3497, 245063, 245064",7/11/2026 3:41
not_found,LandsMaps ไม่พบโฉนด,10723,10_32_21963,10,32,21963,กรุงเทพมหานคร,ประเวศ,3,ที่ดิน+สิ่งปลูกสร้าง,,,19.2,21963,7/11/2026 3:41
not_found,LandsMaps ไม่พบโฉนด,10724,10_32_65087,10,32,65087,กรุงเทพมหานคร,ประเวศ,2,ห้องชุด/คอนโด,,,25.79,"65,087,650,886,510,000,000",7/11/2026 3:41
not_found,LandsMaps ไม่พบโฉนด,10724,10_32_65088,10,32,65088,กรุงเทพมหานคร,ประเวศ,2,ห้องชุด/คอนโด,,,25.79,"65,087,650,886,510,000,000",7/11/2026 3:41
not_found,LandsMaps ไม่พบโฉนด,10724,10_32_65100,10,32,65100,กรุงเทพมหานคร,ประเวศ,2,ห้องชุด/คอนโด,,,25.79,"65,087,650,886,510,000,000",7/11/2026 3:41
not_found,LandsMaps ไม่พบโฉนด,10724,10_32_65101,10,32,65101,กรุงเทพมหานคร,ประเวศ,2,ห้องชุด/คอนโด,,,25.79,"65,087,650,886,510,000,000",7/11/2026 3:41
not_found,LandsMaps ไม่พบโฉนด,10725,10_32_33696,10,32,33696,กรุงเทพมหานคร,ประเวศ,2,ห้องชุด/คอนโด,,,27.29,"33696, 57985, 59316, 41078, 57986",7/11/2026 3:41
not_found,LandsMaps ไม่พบโฉนด,10725,10_32_57985,10,32,57985,กรุงเทพมหานคร,ประเวศ,2,ห้องชุด/คอนโด,,,27.29,"33696, 57985, 59316, 41078, 57986",7/11/2026 3:41
not_found,LandsMaps ไม่พบโฉนด,10725,10_32_59316,10,32,59316,กรุงเทพมหานคร,ประเวศ,2,ห้องชุด/คอนโด,,,27.29,"33696, 57985, 59316, 41078, 57986",7/11/2026 3:41
not_found,LandsMaps ไม่พบโฉนด,10725,10_32_41078,10,32,41078,กรุงเทพมหานคร,ประเวศ,2,ห้องชุด/คอนโด,,,27.29,"33696, 57985, 59316, 41078, 57986",7/11/2026 3:41
not_found,LandsMaps ไม่พบโฉนด,10725,10_32_57986,10,32,57986,กรุงเทพมหานคร,ประเวศ,2,ห้องชุด/คอนโด,,,27.29,"33696, 57985, 59316, 41078, 57986",7/11/2026 3:41
not_found,LandsMaps ไม่พบโฉนด,10726,10_34_19320,10,34,19320,กรุงเทพมหานคร,สวนหลวง,2,ห้องชุด/คอนโด,,,23.09,"19320, 19321 (บางส่วน)",7/11/2026 3:41
not_found,LandsMaps ไม่พบโฉนด,10726,10_34_19321,10,34,19321,กรุงเทพมหานคร,สวนหลวง,2,ห้องชุด/คอนโด,,,23.09,"19320, 19321 (บางส่วน)",7/11/2026 3:41
not_found,LandsMaps ไม่พบโฉนด,10727,10_34_2237,10,34,2237,กรุงเทพมหานคร,สวนหลวง,3,ที่ดิน+สิ่งปลูกสร้าง,,,22,2237,7/11/2026 3:41
not_found,LandsMaps ไม่พบโฉนด,10728,10_34_71736,10,34,71736,กรุงเทพมหานคร,สวนหลวง,1,ที่ดินเปล่า,,,92,71736,7/11/2026 3:41
not_found,LandsMaps ไม่พบโฉนด,10729,10_32_44766,10,32,44766,กรุงเทพมหานคร,ประเวศ,3,ที่ดิน+สิ่งปลูกสร้าง,,,23.6,44766,7/11/2026 3:41
not_found,LandsMaps ไม่พบโฉนด,10730,10_32_43667,10,32,43667,กรุงเทพมหานคร,ประเวศ,3,ที่ดิน+สิ่งปลูกสร้าง,,,21,43667,7/11/2026 3:41
not_found,LandsMaps ไม่พบโฉนด,10731,10_34_19321,10,34,19321,กรุงเทพมหานคร,สวนหลวง,2,ห้องชุด/คอนโด,,,23.26,"19321 (บางส่วน),19322",7/11/2026 3:41
not_found,LandsMaps ไม่พบโฉนด,10731,10_34_19322,10,34,19322,กรุงเทพมหานคร,สวนหลวง,2,ห้องชุด/คอนโด,,,23.26,"19321 (บางส่วน),19322",7/11/2026 3:41
not_found,LandsMaps ไม่พบโฉนด,10732,10_09_116726,10,9,116726,กรุงเทพมหานคร,พระโขนง,3,ที่ดิน+สิ่งปลูกสร้าง,,1,5,116726,7/11/2026 3:41
not_found,LandsMaps ไม่พบโฉนด,10733,10_32_54241,10,32,54241,กรุงเทพมหานคร,ประเวศ,3,ที่ดิน+สิ่งปลูกสร้าง,,,43.8,54241,7/11/2026 3:41
not_found,LandsMaps ไม่พบโฉนด,10734,10_32_53590,10,32,53590,กรุงเทพมหานคร,ประเวศ,3,ที่ดิน+สิ่งปลูกสร้าง,,,40.3,53590,7/11/2026 3:42
not_found,LandsMaps ไม่พบโฉนด,10735,10_32_55733,10,32,55733,กรุงเทพมหานคร,ประเวศ,3,ที่ดิน+สิ่งปลูกสร้าง,,,39.1,55733,7/11/2026 3:42
not_found,LandsMaps ไม่พบโฉนด,10736,10_32_2711,10,32,2711,กรุงเทพมหานคร,ประเวศ,2,ห้องชุด/คอนโด,,,45,2711,7/11/2026 3:42
not_found,LandsMaps ไม่พบโฉนด,10737,10_32_35554,10,32,35554,กรุงเทพมหานคร,ประเวศ,2,ห้องชุด/คอนโด,,,30.18,35554,7/11/2026 3:42
not_found,LandsMaps ไม่พบโฉนด,10738,10_09_233102,10,9,233102,กรุงเทพมหานคร,พระโขนง,2,ห้องชุด/คอนโด,,,30.08,233102,7/11/2026 3:42
not_found,LandsMaps ไม่พบโฉนด,10740,10_32_9440,10,32,9440,กรุงเทพมหานคร,ประเวศ,2,ห้องชุด/คอนโด,,,65.59,"9440, 9441, 9442, 9443, 9444, 9445, 9439",7/11/2026 3:42
not_found,LandsMaps ไม่พบโฉนด,10740,10_32_9441,10,32,9441,กรุงเทพมหานคร,ประเวศ,2,ห้องชุด/คอนโด,,,65.59,"9440, 9441, 9442, 9443, 9444, 9445, 9439",7/11/2026 3:42
not_found,LandsMaps ไม่พบโฉนด,10740,10_32_9442,10,32,9442,กรุงเทพมหานคร,ประเวศ,2,ห้องชุด/คอนโด,,,65.59,"9440, 9441, 9442, 9443, 9444, 9445, 9439",7/11/2026 3:42
not_found,LandsMaps ไม่พบโฉนด,10740,10_32_9443,10,32,9443,กรุงเทพมหานคร,ประเวศ,2,ห้องชุด/คอนโด,,,65.59,"9440, 9441, 9442, 9443, 9444, 9445, 9439",7/11/2026 3:42
not_found,LandsMaps ไม่พบโฉนด,10740,10_32_9444,10,32,9444,กรุงเทพมหานคร,ประเวศ,2,ห้องชุด/คอนโด,,,65.59,"9440, 9441, 9442, 9443, 9444, 9445, 9439",7/11/2026 3:42
not_found,LandsMaps ไม่พบโฉนด,10740,10_32_9445,10,32,9445,กรุงเทพมหานคร,ประเวศ,2,ห้องชุด/คอนโด,,,65.59,"9440, 9441, 9442, 9443, 9444, 9445, 9439",7/11/2026 3:42
not_found,LandsMaps ไม่พบโฉนด,10740,10_32_9439,10,32,9439,กรุงเทพมหานคร,ประเวศ,2,ห้องชุด/คอนโด,,,65.59,"9440, 9441, 9442, 9443, 9444, 9445, 9439",7/11/2026 3:42
not_found,LandsMaps ไม่พบโฉนด,10741,10_34_19320,10,34,19320,กรุงเทพมหานคร,สวนหลวง,2,ห้องชุด/คอนโด,,,26.58,"19320,19321(บางส่วน)",7/11/2026 3:42
not_found,LandsMaps ไม่พบโฉนด,10741,10_34_19321,10,34,19321,กรุงเทพมหานคร,สวนหลวง,2,ห้องชุด/คอนโด,,,26.58,"19320,19321(บางส่วน)",7/11/2026 3:42
not_found,LandsMaps ไม่พบโฉนด,10742,10_09_75082,10,9,75082,กรุงเทพมหานคร,พระโขนง,2,ห้องชุด/คอนโด,,,32.33,"75,082,207,816",7/11/2026 3:42
not_found,LandsMaps ไม่พบโฉนด,10742,10_09_207816,10,9,207816,กรุงเทพมหานคร,พระโขนง,2,ห้องชุด/คอนโด,,,32.33,"75,082,207,816",7/11/2026 3:42
not_found,LandsMaps ไม่พบโฉนด,10743,10_34_88179,10,34,88179,กรุงเทพมหานคร,สวนหลวง,1,ที่ดินเปล่า,,,49,88179,7/11/2026 3:42
not_found,LandsMaps ไม่พบโฉนด,10744,10_06_88193,10,6,88193,กรุงเทพมหานคร,บางกะปิ,1,ที่ดินเปล่า,,,45,88193,7/11/2026 3:42
not_found,LandsMaps ไม่พบโฉนด,10745,10_32_24285,10,32,24285,กรุงเทพมหานคร,ประเวศ,3,ที่ดิน+สิ่งปลูกสร้าง,,,20.6,24285,7/11/2026 3:42
not_found,LandsMaps ไม่พบโฉนด,10746,10_32_24286,10,32,24286,กรุงเทพมหานคร,ประเวศ,3,ที่ดิน+สิ่งปลูกสร้าง,,,24.4,24286,7/11/2026 3:42
not_found,LandsMaps ไม่พบโฉนด,10747,10_09_253604,10,9,253604,กรุงเทพมหานคร,พระโขนง,3,ที่ดิน+สิ่งปลูกสร้าง,,,22.8,253604,7/11/2026 3:42
not_found,LandsMaps ไม่พบโฉนด,10748,10_32_33697,10,32,33697,กรุงเทพมหานคร,ประเวศ,2,ห้องชุด/คอนโด,,,30.09,33697,7/11/2026 3:42
not_found,LandsMaps ไม่พบโฉนด,10749,10_32_41077,10,32,41077,กรุงเทพมหานคร,ประเวศ,2,ห้องชุด/คอนโด,,,30.04,41077,7/11/2026 3:42
not_found,LandsMaps ไม่พบโฉนด,10750,10_47_1789,10,47,1789,กรุงเทพมหานคร,บางนา,2,ห้องชุด/คอนโด,,,26.36,"1789,2249-2255,2258,2261-2265,2267",7/11/2026 3:42
not_found,LandsMaps ไม่พบโฉนด,10750,10_47_2249,10,47,2249,กรุงเทพมหานคร,บางนา,2,ห้องชุด/คอนโด,,,26.36,"1789,2249-2255,2258,2261-2265,2267",7/11/2026 3:42
not_found,LandsMaps ไม่พบโฉนด,10750,10_47_2250,10,47,2250,กรุงเทพมหานคร,บางนา,2,ห้องชุด/คอนโด,,,26.36,"1789,2249-2255,2258,2261-2265,2267",7/11/2026 3:42
not_found,LandsMaps ไม่พบโฉนด,10750,10_47_2251,10,47,2251,กรุงเทพมหานคร,บางนา,2,ห้องชุด/คอนโด,,,26.36,"1789,2249-2255,2258,2261-2265,2267",7/11/2026 3:42
not_found,LandsMaps ไม่พบโฉนด,10750,10_47_2252,10,47,2252,กรุงเทพมหานคร,บางนา,2,ห้องชุด/คอนโด,,,26.36,"1789,2249-2255,2258,2261-2265,2267",7/11/2026 3:42
not_found,LandsMaps ไม่พบโฉนด,10750,10_47_2253,10,47,2253,กรุงเทพมหานคร,บางนา,2,ห้องชุด/คอนโด,,,26.36,"1789,2249-2255,2258,2261-2265,2267",7/11/2026 3:42
not_found,LandsMaps ไม่พบโฉนด,10750,10_47_2254,10,47,2254,กรุงเทพมหานคร,บางนา,2,ห้องชุด/คอนโด,,,26.36,"1789,2249-2255,2258,2261-2265,2267",7/11/2026 3:42
not_found,LandsMaps ไม่พบโฉนด,10750,10_47_2255,10,47,2255,กรุงเทพมหานคร,บางนา,2,ห้องชุด/คอนโด,,,26.36,"1789,2249-2255,2258,2261-2265,2267",7/11/2026 3:42
not_found,LandsMaps ไม่พบโฉนด,10750,10_47_2258,10,47,2258,กรุงเทพมหานคร,บางนา,2,ห้องชุด/คอนโด,,,26.36,"1789,2249-2255,2258,2261-2265,2267",7/11/2026 3:42
not_found,LandsMaps ไม่พบโฉนด,10750,10_47_2261,10,47,2261,กรุงเทพมหานคร,บางนา,2,ห้องชุด/คอนโด,,,26.36,"1789,2249-2255,2258,2261-2265,2267",7/11/2026 3:42
not_found,LandsMaps ไม่พบโฉนด,10750,10_47_2262,10,47,2262,กรุงเทพมหานคร,บางนา,2,ห้องชุด/คอนโด,,,26.36,"1789,2249-2255,2258,2261-2265,2267",7/11/2026 3:42
not_found,LandsMaps ไม่พบโฉนด,10750,10_47_2263,10,47,2263,กรุงเทพมหานคร,บางนา,2,ห้องชุด/คอนโด,,,26.36,"1789,2249-2255,2258,2261-2265,2267",7/11/2026 3:42
not_found,LandsMaps ไม่พบโฉนด,10750,10_47_2264,10,47,2264,กรุงเทพมหานคร,บางนา,2,ห้องชุด/คอนโด,,,26.36,"1789,2249-2255,2258,2261-2265,2267",7/11/2026 3:42
not_found,LandsMaps ไม่พบโฉนด,10750,10_47_2265,10,47,2265,กรุงเทพมหานคร,บางนา,2,ห้องชุด/คอนโด,,,26.36,"1789,2249-2255,2258,2261-2265,2267",7/11/2026 3:42
not_found,LandsMaps ไม่พบโฉนด,10750,10_47_2267,10,47,2267,กรุงเทพมหานคร,บางนา,2,ห้องชุด/คอนโด,,,26.36,"1789,2249-2255,2258,2261-2265,2267",7/11/2026 3:42
not_found,LandsMaps ไม่พบโฉนด,10751,10_34_5374,10,34,5374,กรุงเทพมหานคร,สวนหลวง,2,ห้องชุด/คอนโด,,,28.46,5374,7/11/2026 3:42
not_found,LandsMaps ไม่พบโฉนด,10752,10_34_6308,10,34,6308,กรุงเทพมหานคร,สวนหลวง,2,ห้องชุด/คอนโด,,,215,6308,7/11/2026 3:42
not_found,LandsMaps ไม่พบโฉนด,10753,10_32_24563,10,32,24563,กรุงเทพมหานคร,ประเวศ,3,ที่ดิน+สิ่งปลูกสร้าง,,,35,24563,7/11/2026 3:42
not_found,LandsMaps ไม่พบโฉนด,10754,10_32_33697,10,32,33697,กรุงเทพมหานคร,ประเวศ,2,ห้องชุด/คอนโด,,,28.42,33697,7/11/2026 3:42
not_found,LandsMaps ไม่พบโฉนด,10755,10_34_789,10,34,789,กรุงเทพมหานคร,สวนหลวง,2,ห้องชุด/คอนโด,,,26.62,"7,892,152,621,527",7/11/2026 3:42
not_found,LandsMaps ไม่พบโฉนด,10755,10_34_21526,10,34,21526,กรุงเทพมหานคร,สวนหลวง,2,ห้องชุด/คอนโด,,,26.62,"7,892,152,621,527",7/11/2026 3:42
not_found,LandsMaps ไม่พบโฉนด,10755,10_34_21527,10,34,21527,กรุงเทพมหานคร,สวนหลวง,2,ห้องชุด/คอนโด,,,26.62,"7,892,152,621,527",7/11/2026 3:42
not_found,LandsMaps ไม่พบโฉนด,10756,10_32_13097,10,32,13097,กรุงเทพมหานคร,ประเวศ,3,ที่ดิน+สิ่งปลูกสร้าง,,,21.7,13097,7/11/2026 3:42
not_found,LandsMaps ไม่พบโฉนด,10757,10_32_13098,10,32,13098,กรุงเทพมหานคร,ประเวศ,3,ที่ดิน+สิ่งปลูกสร้าง,,,21.8,13098,7/11/2026 3:42
not_found,LandsMaps ไม่พบโฉนด,10758,10_34_11925,10,34,11925,กรุงเทพมหานคร,สวนหลวง,2,ห้องชุด/คอนโด,,,22.54,"1,192,516,341,163,420,000,000,000",7/11/2026 3:42
not_found,LandsMaps ไม่พบโฉนด,10758,10_34_16341,10,34,16341,กรุงเทพมหานคร,สวนหลวง,2,ห้องชุด/คอนโด,,,22.54,"1,192,516,341,163,420,000,000,000",7/11/2026 3:42
not_found,LandsMaps ไม่พบโฉนด,10758,10_34_16342,10,34,16342,กรุงเทพมหานคร,สวนหลวง,2,ห้องชุด/คอนโด,,,22.54,"1,192,516,341,163,420,000,000,000",7/11/2026 3:42
not_found,LandsMaps ไม่พบโฉนด,10758,10_34_16343,10,34,16343,กรุงเทพมหานคร,สวนหลวง,2,ห้องชุด/คอนโด,,,22.54,"1,192,516,341,163,420,000,000,000",7/11/2026 3:42
not_found,LandsMaps ไม่พบโฉนด,10758,10_34_16344,10,34,16344,กรุงเทพมหานคร,สวนหลวง,2,ห้องชุด/คอนโด,,,22.54,"1,192,516,341,163,420,000,000,000",7/11/2026 3:42
not_found,LandsMaps ไม่พบโฉนด,10759,10_09_18365,10,9,18365,กรุงเทพมหานคร,พระโขนง,2,ห้องชุด/คอนโด,,,26.1,"18,365,206,587,206,500,000,000,000,000,000,000,000,000",7/11/2026 3:42
not_found,LandsMaps ไม่พบโฉนด,10759,10_09_206587,10,9,206587,กรุงเทพมหานคร,พระโขนง,2,ห้องชุด/คอนโด,,,26.1,"18,365,206,587,206,500,000,000,000,000,000,000,000,000",7/11/2026 3:42
not_found,LandsMaps ไม่พบโฉนด,10759,10_09_206588,10,9,206588,กรุงเทพมหานคร,พระโขนง,2,ห้องชุด/คอนโด,,,26.1,"18,365,206,587,206,500,000,000,000,000,000,000,000,000",7/11/2026 3:42
not_found,LandsMaps ไม่พบโฉนด,10759,10_09_206589,10,9,206589,กรุงเทพมหานคร,พระโขนง,2,ห้องชุด/คอนโด,,,26.1,"18,365,206,587,206,500,000,000,000,000,000,000,000,000",7/11/2026 3:42
not_found,LandsMaps ไม่พบโฉนด,10759,10_09_209725,10,9,209725,กรุงเทพมหานคร,พระโขนง,2,ห้องชุด/คอนโด,,,26.1,"18,365,206,587,206,500,000,000,000,000,000,000,000,000",7/11/2026 3:42
not_found,LandsMaps ไม่พบโฉนด,10759,10_09_209726,10,9,209726,กรุงเทพมหานคร,พระโขนง,2,ห้องชุด/คอนโด,,,26.1,"18,365,206,587,206,500,000,000,000,000,000,000,000,000",7/11/2026 3:42
not_found,LandsMaps ไม่พบโฉนด,10759,10_09_209727,10,9,209727,กรุงเทพมหานคร,พระโขนง,2,ห้องชุด/คอนโด,,,26.1,"18,365,206,587,206,500,000,000,000,000,000,000,000,000",7/11/2026 3:42
not_found,LandsMaps ไม่พบโฉนด,10760,10_32_439,10,32,439,กรุงเทพมหานคร,ประเวศ,2,ห้องชุด/คอนโด,,,57.89,439,7/11/2026 3:42
not_found,LandsMaps ไม่พบโฉนด,10761,10_09_1886,10,9,1886,กรุงเทพมหานคร,พระโขนง,2,ห้องชุด/คอนโด,,,23,1886,7/11/2026 3:42
not_found,LandsMaps ไม่พบโฉนด,10763,10_09_12330,10,9,12330,กรุงเทพมหานคร,พระโขนง,2,ห้องชุด/คอนโด,,,35.01,12330,7/11/2026 3:42
not_found,LandsMaps ไม่พบโฉนด,10764,10_09_16996,10,9,16996,กรุงเทพมหานคร,พระโขนง,2,ห้องชุด/คอนโด,,,24.12,"169,961,699,756,480",7/11/2026 3:42
not_found,LandsMaps ไม่พบโฉนด,10764,10_09_16997,10,9,16997,กรุงเทพมหานคร,พระโขนง,2,ห้องชุด/คอนโด,,,24.12,"169,961,699,756,480",7/11/2026 3:42
not_found,LandsMaps ไม่พบโฉนด,10764,10_09_56480,10,9,56480,กรุงเทพมหานคร,พระโขนง,2,ห้องชุด/คอนโด,,,24.12,"169,961,699,756,480",7/11/2026 3:42
not_found,LandsMaps ไม่พบโฉนด,10765,10_09_251419,10,9,251419,กรุงเทพมหานคร,พระโขนง,2,ห้องชุด/คอนโด,,,35.12,"251419,5142 (บางส่วน)",7/11/2026 3:42
not_found,LandsMaps ไม่พบโฉนด,10765,10_09_5142,10,9,5142,กรุงเทพมหานคร,พระโขนง,2,ห้องชุด/คอนโด,,,35.12,"251419,5142 (บางส่วน)",7/11/2026 3:42
not_found,LandsMaps ไม่พบโฉนด,10766,10_32_41077,10,32,41077,กรุงเทพมหานคร,ประเวศ,2,ห้องชุด/คอนโด,,,26.39,41077,7/11/2026 3:42
not_found,LandsMaps ไม่พบโฉนด,10767,10_09_252661,10,9,252661,กรุงเทพมหานคร,พระโขนง,3,ที่ดิน+สิ่งปลูกสร้าง,,,40,252661,7/11/2026 3:42
not_found,LandsMaps ไม่พบโฉนด,10768,10_32_41077,10,32,41077,กรุงเทพมหานคร,ประเวศ,2,ห้องชุด/คอนโด,,,22.66,41077,7/11/2026 3:42
not_found,LandsMaps ไม่พบโฉนด,10769,10_09_115160,10,9,115160,กรุงเทพมหานคร,พระโขนง,2,ห้องชุด/คอนโด,,,28.99,115160,7/11/2026 3:42
not_found,LandsMaps ไม่พบโฉนด,10770,10_32_29132,10,32,29132,กรุงเทพมหานคร,ประเวศ,3,ที่ดิน+สิ่งปลูกสร้าง,,,54.3,29132,7/11/2026 3:42
not_found,LandsMaps ไม่พบโฉนด,10771,10_32_57775,10,32,57775,กรุงเทพมหานคร,ประเวศ (พระโขนง),2,ห้องชุด/คอนโด,,,30.95,57775,7/11/2026 3:42
not_found,LandsMaps ไม่พบโฉนด,10772,10_32_31731,10,32,31731,กรุงเทพมหานคร,ประเวศ,3,ที่ดิน+สิ่งปลูกสร้าง,,,55.8,31731,7/11/2026 3:42
not_found,LandsMaps ไม่พบโฉนด,10773,10_09_35018,10,9,35018,กรุงเทพมหานคร,พระโขนง,2,ห้องชุด/คอนโด,,,34.44,"35018, 232137-232144",7/11/2026 3:42
not_found,LandsMaps ไม่พบโฉนด,10773,10_09_232137,10,9,232137,กรุงเทพมหานคร,พระโขนง,2,ห้องชุด/คอนโด,,,34.44,"35018, 232137-232144",7/11/2026 3:42
not_found,LandsMaps ไม่พบโฉนด,10773,10_09_232138,10,9,232138,กรุงเทพมหานคร,พระโขนง,2,ห้องชุด/คอนโด,,,34.44,"35018, 232137-232144",7/11/2026 3:42
not_found,LandsMaps ไม่พบโฉนด,10773,10_09_232139,10,9,232139,กรุงเทพมหานคร,พระโขนง,2,ห้องชุด/คอนโด,,,34.44,"35018, 232137-232144",7/11/2026 3:42
not_found,LandsMaps ไม่พบโฉนด,10773,10_09_232140,10,9,232140,กรุงเทพมหานคร,พระโขนง,2,ห้องชุด/คอนโด,,,34.44,"35018, 232137-232144",7/11/2026 3:42
not_found,LandsMaps ไม่พบโฉนด,10773,10_09_232141,10,9,232141,กรุงเทพมหานคร,พระโขนง,2,ห้องชุด/คอนโด,,,34.44,"35018, 232137-232144",7/11/2026 3:42
not_found,LandsMaps ไม่พบโฉนด,10773,10_09_232142,10,9,232142,กรุงเทพมหานคร,พระโขนง,2,ห้องชุด/คอนโด,,,34.44,"35018, 232137-232144",7/11/2026 3:42
not_found,LandsMaps ไม่พบโฉนด,10773,10_09_232143,10,9,232143,กรุงเทพมหานคร,พระโขนง,2,ห้องชุด/คอนโด,,,34.44,"35018, 232137-232144",7/11/2026 3:42
not_found,LandsMaps ไม่พบโฉนด,10773,10_09_232144,10,9,232144,กรุงเทพมหานคร,พระโขนง,2,ห้องชุด/คอนโด,,,34.44,"35018, 232137-232144",7/11/2026 3:42
not_found,LandsMaps ไม่พบโฉนด,10774,10_47_1580,10,47,1580,กรุงเทพมหานคร,บางนา,2,ห้องชุด/คอนโด,,,26.61,"1580, 1581, 1594, 1595, 52140, 163915, 163916, 197763",7/11/2026 3:42
not_found,LandsMaps ไม่พบโฉนด,10774,10_47_1581,10,47,1581,กรุงเทพมหานคร,บางนา,2,ห้องชุด/คอนโด,,,26.61,"1580, 1581, 1594, 1595, 52140, 163915, 163916, 197763",7/11/2026 3:42
not_found,LandsMaps ไม่พบโฉนด,10774,10_47_1594,10,47,1594,กรุงเทพมหานคร,บางนา,2,ห้องชุด/คอนโด,,,26.61,"1580, 1581, 1594, 1595, 52140, 163915, 163916, 197763",7/11/2026 3:43
not_found,LandsMaps ไม่พบโฉนด,10774,10_47_1595,10,47,1595,กรุงเทพมหานคร,บางนา,2,ห้องชุด/คอนโด,,,26.61,"1580, 1581, 1594, 1595, 52140, 163915, 163916, 197763",7/11/2026 3:43
not_found,LandsMaps ไม่พบโฉนด,10774,10_47_52140,10,47,52140,กรุงเทพมหานคร,บางนา,2,ห้องชุด/คอนโด,,,26.61,"1580, 1581, 1594, 1595, 52140, 163915, 163916, 197763",7/11/2026 3:43
not_found,LandsMaps ไม่พบโฉนด,10774,10_47_163915,10,47,163915,กรุงเทพมหานคร,บางนา,2,ห้องชุด/คอนโด,,,26.61,"1580, 1581, 1594, 1595, 52140, 163915, 163916, 197763",7/11/2026 3:43
not_found,LandsMaps ไม่พบโฉนด,10774,10_47_163916,10,47,163916,กรุงเทพมหานคร,บางนา,2,ห้องชุด/คอนโด,,,26.61,"1580, 1581, 1594, 1595, 52140, 163915, 163916, 197763",7/11/2026 3:43
not_found,LandsMaps ไม่พบโฉนด,10774,10_47_197763,10,47,197763,กรุงเทพมหานคร,บางนา,2,ห้องชุด/คอนโด,,,26.61,"1580, 1581, 1594, 1595, 52140, 163915, 163916, 197763",7/11/2026 3:43
not_found,LandsMaps ไม่พบโฉนด,10775,10_09_233102,10,9,233102,กรุงเทพมหานคร,พระโขนง,2,ห้องชุด/คอนโด,,,39.52,233102,7/11/2026 3:43
not_found,LandsMaps ไม่พบโฉนด,10776,10_32_42001,10,32,42001,กรุงเทพมหานคร,ประเวศ,3,ที่ดิน+สิ่งปลูกสร้าง,,,69,42001,7/11/2026 3:43
not_found,LandsMaps ไม่พบโฉนด,10777,10_32_35121,10,32,35121,กรุงเทพมหานคร,ประเวศ,2,ห้องชุด/คอนโด,,,23.79,"35121, 35127",7/11/2026 3:43
not_found,LandsMaps ไม่พบโฉนด,10777,10_32_35127,10,32,35127,กรุงเทพมหานคร,ประเวศ,2,ห้องชุด/คอนโด,,,23.79,"35121, 35127",7/11/2026 3:43
not_found,LandsMaps ไม่พบโฉนด,10778,10_32_41309,10,32,41309,กรุงเทพมหานคร,ประเวศ,2,ห้องชุด/คอนโด,,,26.47,"41309, 41310, 41311, 41312",7/11/2026 3:43
not_found,LandsMaps ไม่พบโฉนด,10778,10_32_41310,10,32,41310,กรุงเทพมหานคร,ประเวศ,2,ห้องชุด/คอนโด,,,26.47,"41309, 41310, 41311, 41312",7/11/2026 3:43
not_found,LandsMaps ไม่พบโฉนด,10778,10_32_41311,10,32,41311,กรุงเทพมหานคร,ประเวศ,2,ห้องชุด/คอนโด,,,26.47,"41309, 41310, 41311, 41312",7/11/2026 3:43
not_found,LandsMaps ไม่พบโฉนด,10778,10_32_41312,10,32,41312,กรุงเทพมหานคร,ประเวศ,2,ห้องชุด/คอนโด,,,26.47,"41309, 41310, 41311, 41312",7/11/2026 3:43
not_found,LandsMaps ไม่พบโฉนด,10779,10_47_1789,10,47,1789,กรุงเทพมหานคร,บางนา,2,ห้องชุด/คอนโด,,,34.21,"1789, 2249-2255, 2258, 2261-2265, 2267",7/11/2026 3:43
not_found,LandsMaps ไม่พบโฉนด,10779,10_47_2249,10,47,2249,กรุงเทพมหานคร,บางนา,2,ห้องชุด/คอนโด,,,34.21,"1789, 2249-2255, 2258, 2261-2265, 2267",7/11/2026 3:43
not_found,LandsMaps ไม่พบโฉนด,10779,10_47_2250,10,47,2250,กรุงเทพมหานคร,บางนา,2,ห้องชุด/คอนโด,,,34.21,"1789, 2249-2255, 2258, 2261-2265, 2267",7/11/2026 3:43
not_found,LandsMaps ไม่พบโฉนด,10779,10_47_2251,10,47,2251,กรุงเทพมหานคร,บางนา,2,ห้องชุด/คอนโด,,,34.21,"1789, 2249-2255, 2258, 2261-2265, 2267",7/11/2026 3:43
not_found,LandsMaps ไม่พบโฉนด,10779,10_47_2252,10,47,2252,กรุงเทพมหานคร,บางนา,2,ห้องชุด/คอนโด,,,34.21,"1789, 2249-2255, 2258, 2261-2265, 2267",7/11/2026 3:43
not_found,LandsMaps ไม่พบโฉนด,10779,10_47_2253,10,47,2253,กรุงเทพมหานคร,บางนา,2,ห้องชุด/คอนโด,,,34.21,"1789, 2249-2255, 2258, 2261-2265, 2267",7/11/2026 3:43
not_found,LandsMaps ไม่พบโฉนด,10779,10_47_2254,10,47,2254,กรุงเทพมหานคร,บางนา,2,ห้องชุด/คอนโด,,,34.21,"1789, 2249-2255, 2258, 2261-2265, 2267",7/11/2026 3:43
not_found,LandsMaps ไม่พบโฉนด,10779,10_47_2255,10,47,2255,กรุงเทพมหานคร,บางนา,2,ห้องชุด/คอนโด,,,34.21,"1789, 2249-2255, 2258, 2261-2265, 2267",7/11/2026 3:43
not_found,LandsMaps ไม่พบโฉนด,10779,10_47_2258,10,47,2258,กรุงเทพมหานคร,บางนา,2,ห้องชุด/คอนโด,,,34.21,"1789, 2249-2255, 2258, 2261-2265, 2267",7/11/2026 3:43
not_found,LandsMaps ไม่พบโฉนด,10779,10_47_2261,10,47,2261,กรุงเทพมหานคร,บางนา,2,ห้องชุด/คอนโด,,,34.21,"1789, 2249-2255, 2258, 2261-2265, 2267",7/11/2026 3:43
not_found,LandsMaps ไม่พบโฉนด,10779,10_47_2262,10,47,2262,กรุงเทพมหานคร,บางนา,2,ห้องชุด/คอนโด,,,34.21,"1789, 2249-2255, 2258, 2261-2265, 2267",7/11/2026 3:43
not_found,LandsMaps ไม่พบโฉนด,10779,10_47_2263,10,47,2263,กรุงเทพมหานคร,บางนา,2,ห้องชุด/คอนโด,,,34.21,"1789, 2249-2255, 2258, 2261-2265, 2267",7/11/2026 3:43
not_found,LandsMaps ไม่พบโฉนด,10779,10_47_2264,10,47,2264,กรุงเทพมหานคร,บางนา,2,ห้องชุด/คอนโด,,,34.21,"1789, 2249-2255, 2258, 2261-2265, 2267",7/11/2026 3:43
not_found,LandsMaps ไม่พบโฉนด,10779,10_47_2265,10,47,2265,กรุงเทพมหานคร,บางนา,2,ห้องชุด/คอนโด,,,34.21,"1789, 2249-2255, 2258, 2261-2265, 2267",7/11/2026 3:43
not_found,LandsMaps ไม่พบโฉนด,10779,10_47_2267,10,47,2267,กรุงเทพมหานคร,บางนา,2,ห้องชุด/คอนโด,,,34.21,"1789, 2249-2255, 2258, 2261-2265, 2267",7/11/2026 3:43
not_found,LandsMaps ไม่พบโฉนด,10780,10_32_11121,10,32,11121,กรุงเทพมหานคร,ประเวศ,2,ห้องชุด/คอนโด,,,25.8,11121,7/11/2026 3:43
not_found,LandsMaps ไม่พบโฉนด,10781,10_34_14272,10,34,14272,กรุงเทพมหานคร,สวนหลวง,3,ที่ดิน+สิ่งปลูกสร้าง,,,20,14272,7/11/2026 3:43
not_found,LandsMaps ไม่พบโฉนด,10782,10_47_3456,10,47,3456,กรุงเทพมหานคร,บางนา,2,ห้องชุด/คอนโด,,,25.09,3456,7/11/2026 3:43
not_found,LandsMaps ไม่พบโฉนด,10783,10_47_1580,10,47,1580,กรุงเทพมหานคร,บางนา บางนา (พระโขนง),2,ห้องชุด/คอนโด,,,29.9,"158,015,811,594,159,000,000,000,000,000,000,000,000",7/11/2026 3:43
not_found,LandsMaps ไม่พบโฉนด,10783,10_47_1581,10,47,1581,กรุงเทพมหานคร,บางนา บางนา (พระโขนง),2,ห้องชุด/คอนโด,,,29.9,"158,015,811,594,159,000,000,000,000,000,000,000,000",7/11/2026 3:43
not_found,LandsMaps ไม่พบโฉนด,10783,10_47_1594,10,47,1594,กรุงเทพมหานคร,บางนา บางนา (พระโขนง),2,ห้องชุด/คอนโด,,,29.9,"158,015,811,594,159,000,000,000,000,000,000,000,000",7/11/2026 3:43
not_found,LandsMaps ไม่พบโฉนด,10783,10_47_1595,10,47,1595,กรุงเทพมหานคร,บางนา บางนา (พระโขนง),2,ห้องชุด/คอนโด,,,29.9,"158,015,811,594,159,000,000,000,000,000,000,000,000",7/11/2026 3:43
not_found,LandsMaps ไม่พบโฉนด,10783,10_47_52140,10,47,52140,กรุงเทพมหานคร,บางนา บางนา (พระโขนง),2,ห้องชุด/คอนโด,,,29.9,"158,015,811,594,159,000,000,000,000,000,000,000,000",7/11/2026 3:43
not_found,LandsMaps ไม่พบโฉนด,10783,10_47_163915,10,47,163915,กรุงเทพมหานคร,บางนา บางนา (พระโขนง),2,ห้องชุด/คอนโด,,,29.9,"158,015,811,594,159,000,000,000,000,000,000,000,000",7/11/2026 3:43
not_found,LandsMaps ไม่พบโฉนด,10783,10_47_163916,10,47,163916,กรุงเทพมหานคร,บางนา บางนา (พระโขนง),2,ห้องชุด/คอนโด,,,29.9,"158,015,811,594,159,000,000,000,000,000,000,000,000",7/11/2026 3:43
not_found,LandsMaps ไม่พบโฉนด,10783,10_47_197763,10,47,197763,กรุงเทพมหานคร,บางนา บางนา (พระโขนง),2,ห้องชุด/คอนโด,,,29.9,"158,015,811,594,159,000,000,000,000,000,000,000,000",7/11/2026 3:43
not_found,LandsMaps ไม่พบโฉนด,10784,10_09_236335,10,9,236335,กรุงเทพมหานคร,พระโขนง,2,ห้องชุด/คอนโด,,,24.51,"236,335,236,336",7/11/2026 3:43
not_found,LandsMaps ไม่พบโฉนด,10784,10_09_236336,10,9,236336,กรุงเทพมหานคร,พระโขนง,2,ห้องชุด/คอนโด,,,24.51,"236,335,236,336",7/11/2026 3:43
not_found,LandsMaps ไม่พบโฉนด,10785,10_32_41077,10,32,41077,กรุงเทพมหานคร,ประเวศ,2,ห้องชุด/คอนโด,,,22.54,41077,7/11/2026 3:43
not_found,LandsMaps ไม่พบโฉนด,10786,10_47_18039,10,47,18039,กรุงเทพมหานคร,บางนา,2,ห้องชุด/คอนโด,,,30.93,18039,7/11/2026 3:43
not_found,LandsMaps ไม่พบโฉนด,10787,10_09_236335,10,9,236335,กรุงเทพมหานคร,พระโขนง,2,ห้องชุด/คอนโด,,,24.34,"236335, 236336",7/11/2026 3:43
not_found,LandsMaps ไม่พบโฉนด,10787,10_09_236336,10,9,236336,กรุงเทพมหานคร,พระโขนง,2,ห้องชุด/คอนโด,,,24.34,"236335, 236336",7/11/2026 3:43
not_found,LandsMaps ไม่พบโฉนด,10788,10_32_245063,10,32,245063,กรุงเทพมหานคร,ประเวศ,2,ห้องชุด/คอนโด,,,28.92,"1569-1579,1601,1602,3497,245063,245064",7/11/2026 3:43
not_found,LandsMaps ไม่พบโฉนด,10788,10_32_245064,10,32,245064,กรุงเทพมหานคร,ประเวศ,2,ห้องชุด/คอนโด,,,28.92,"1569-1579,1601,1602,3497,245063,245064",7/11/2026 3:43
not_found,LandsMaps ไม่พบโฉนด,10789,10_47_26935,10,47,26935,กรุงเทพมหานคร,บางนา,2,ห้องชุด/คอนโด,,,23.12,26935,7/11/2026 3:43
not_found,LandsMaps ไม่พบโฉนด,10790,10_09_232390,10,9,232390,กรุงเทพมหานคร,พระโขนง,3,ที่ดิน+สิ่งปลูกสร้าง,,,25,232390,7/11/2026 3:43
not_found,LandsMaps ไม่พบโฉนด,10791,10_32_245063,10,32,245063,กรุงเทพมหานคร,ประเวศ,2,ห้องชุด/คอนโด,,,25.48,"1569-1579,1601-1602,3497,245063,245064",7/11/2026 3:43
not_found,LandsMaps ไม่พบโฉนด,10791,10_32_245064,10,32,245064,กรุงเทพมหานคร,ประเวศ,2,ห้องชุด/คอนโด,,,25.48,"1569-1579,1601-1602,3497,245063,245064",7/11/2026 3:43
not_found,LandsMaps ไม่พบโฉนด,10792,10_32_36981,10,32,36981,กรุงเทพมหานคร,ประเวศ,3,ที่ดิน+สิ่งปลูกสร้าง,,,18.2,36981,7/11/2026 3:43
not_found,LandsMaps ไม่พบโฉนด,10793,10_32_42173,10,32,42173,กรุงเทพมหานคร,ประเวศ,3,ที่ดิน+สิ่งปลูกสร้าง,,,17.8,42173,7/11/2026 3:43
not_found,LandsMaps ไม่พบโฉนด,10794,10_32_20530,10,32,20530,กรุงเทพมหานคร,ประเวศ,3,ที่ดิน+สิ่งปลูกสร้าง,,,84.6,20530,7/11/2026 3:43
not_found,LandsMaps ไม่พบโฉนด,10795,10_32_48451,10,32,48451,กรุงเทพมหานคร,ประเวศ,3,ที่ดิน+สิ่งปลูกสร้าง,,,22.2,48451,7/11/2026 3:43
not_found,LandsMaps ไม่พบโฉนด,10796,10_34_94630,10,34,94630,กรุงเทพมหานคร,สวนหลวง,2,ห้องชุด/คอนโด,,,26.96,"94630,198358,240661-240667",7/11/2026 3:43
not_found,LandsMaps ไม่พบโฉนด,10796,10_34_198358,10,34,198358,กรุงเทพมหานคร,สวนหลวง,2,ห้องชุด/คอนโด,,,26.96,"94630,198358,240661-240667",7/11/2026 3:43
not_found,LandsMaps ไม่พบโฉนด,10796,10_34_240661,10,34,240661,กรุงเทพมหานคร,สวนหลวง,2,ห้องชุด/คอนโด,,,26.96,"94630,198358,240661-240667",7/11/2026 3:43
not_found,LandsMaps ไม่พบโฉนด,10796,10_34_240662,10,34,240662,กรุงเทพมหานคร,สวนหลวง,2,ห้องชุด/คอนโด,,,26.96,"94630,198358,240661-240667",7/11/2026 3:43
not_found,LandsMaps ไม่พบโฉนด,10796,10_34_240663,10,34,240663,กรุงเทพมหานคร,สวนหลวง,2,ห้องชุด/คอนโด,,,26.96,"94630,198358,240661-240667",7/11/2026 3:43
not_found,LandsMaps ไม่พบโฉนด,10796,10_34_240664,10,34,240664,กรุงเทพมหานคร,สวนหลวง,2,ห้องชุด/คอนโด,,,26.96,"94630,198358,240661-240667",7/11/2026 3:43
not_found,LandsMaps ไม่พบโฉนด,10796,10_34_240665,10,34,240665,กรุงเทพมหานคร,สวนหลวง,2,ห้องชุด/คอนโด,,,26.96,"94630,198358,240661-240667",7/11/2026 3:43
not_found,LandsMaps ไม่พบโฉนด,10796,10_34_240666,10,34,240666,กรุงเทพมหานคร,สวนหลวง,2,ห้องชุด/คอนโด,,,26.96,"94630,198358,240661-240667",7/11/2026 3:43
not_found,LandsMaps ไม่พบโฉนด,10796,10_34_240667,10,34,240667,กรุงเทพมหานคร,สวนหลวง,2,ห้องชุด/คอนโด,,,26.96,"94630,198358,240661-240667",7/11/2026 3:43
not_found,LandsMaps ไม่พบโฉนด,10797,10_32_247279,10,32,247279,กรุงเทพมหานคร,ประเวศ(พระโขนง),2,ห้องชุด/คอนโด,,,24.23,247279,7/11/2026 3:43
not_found,LandsMaps ไม่พบโฉนด,10798,10_09_19700,10,9,19700,กรุงเทพมหานคร,พระโขนง,2,ห้องชุด/คอนโด,,,21.44,19700,7/11/2026 3:43
not_found,LandsMaps ไม่พบโฉนด,10799,10_09_242958,10,9,242958,กรุงเทพมหานคร,พระโขนง,3,ที่ดิน+สิ่งปลูกสร้าง,,,26.8,242958,7/11/2026 3:43
not_found,LandsMaps ไม่พบโฉนด,10800,10_32_17334,10,32,17334,กรุงเทพมหานคร,ประเวศ,3,ที่ดิน+สิ่งปลูกสร้าง,,,48.8,17334,7/11/2026 3:43
not_found,LandsMaps ไม่พบโฉนด,10801,10_32_245063,10,32,245063,กรุงเทพมหานคร,ประเวศ,2,ห้องชุด/คอนโด,,,25.48,"1569-1579,1601,1602,3497,245063,245064",7/11/2026 3:43
not_found,LandsMaps ไม่พบโฉนด,10801,10_32_245064,10,32,245064,กรุงเทพมหานคร,ประเวศ,2,ห้องชุด/คอนโด,,,25.48,"1569-1579,1601,1602,3497,245063,245064",7/11/2026 3:43
not_found,LandsMaps ไม่พบโฉนด,10802,10_34_21193,10,34,21193,กรุงเทพมหานคร,สวนหลวง,2,ห้องชุด/คอนโด,,,30.64,"2,119,321,254,926,300,000,000,000",7/11/2026 3:43
not_found,LandsMaps ไม่พบโฉนด,10802,10_34_21254,10,34,21254,กรุงเทพมหานคร,สวนหลวง,2,ห้องชุด/คอนโด,,,30.64,"2,119,321,254,926,300,000,000,000",7/11/2026 3:43
not_found,LandsMaps ไม่พบโฉนด,10802,10_34_92630,10,34,92630,กรุงเทพมหานคร,สวนหลวง,2,ห้องชุด/คอนโด,,,30.64,"2,119,321,254,926,300,000,000,000",7/11/2026 3:43
not_found,LandsMaps ไม่พบโฉนด,10802,10_34_92631,10,34,92631,กรุงเทพมหานคร,สวนหลวง,2,ห้องชุด/คอนโด,,,30.64,"2,119,321,254,926,300,000,000,000",7/11/2026 3:43
not_found,LandsMaps ไม่พบโฉนด,10802,10_34_92632,10,34,92632,กรุงเทพมหานคร,สวนหลวง,2,ห้องชุด/คอนโด,,,30.64,"2,119,321,254,926,300,000,000,000",7/11/2026 3:43
not_found,LandsMaps ไม่พบโฉนด,10803,10_47_4047,10,47,4047,กรุงเทพมหานคร,บางนา,3,ที่ดิน+สิ่งปลูกสร้าง,4,1,51.2,4047,7/11/2026 3:43
not_found,LandsMaps ไม่พบโฉนด,10804,10_09_126756,10,9,126756,กรุงเทพมหานคร,พระโขนง,2,ห้องชุด/คอนโด,,,32.62,"126756-126760,173098,253046,253047",7/11/2026 3:43
not_found,LandsMaps ไม่พบโฉนด,10804,10_09_126757,10,9,126757,กรุงเทพมหานคร,พระโขนง,2,ห้องชุด/คอนโด,,,32.62,"126756-126760,173098,253046,253047",7/11/2026 3:43
not_found,LandsMaps ไม่พบโฉนด,10804,10_09_126758,10,9,126758,กรุงเทพมหานคร,พระโขนง,2,ห้องชุด/คอนโด,,,32.62,"126756-126760,173098,253046,253047",7/11/2026 3:44
not_found,LandsMaps ไม่พบโฉนด,10804,10_09_126759,10,9,126759,กรุงเทพมหานคร,พระโขนง,2,ห้องชุด/คอนโด,,,32.62,"126756-126760,173098,253046,253047",7/11/2026 3:44
not_found,LandsMaps ไม่พบโฉนด,10804,10_09_126760,10,9,126760,กรุงเทพมหานคร,พระโขนง,2,ห้องชุด/คอนโด,,,32.62,"126756-126760,173098,253046,253047",7/11/2026 3:44
not_found,LandsMaps ไม่พบโฉนด,10804,10_09_173098,10,9,173098,กรุงเทพมหานคร,พระโขนง,2,ห้องชุด/คอนโด,,,32.62,"126756-126760,173098,253046,253047",7/11/2026 3:44
not_found,LandsMaps ไม่พบโฉนด,10804,10_09_253046,10,9,253046,กรุงเทพมหานคร,พระโขนง,2,ห้องชุด/คอนโด,,,32.62,"126756-126760,173098,253046,253047",7/11/2026 3:44
not_found,LandsMaps ไม่พบโฉนด,10804,10_09_253047,10,9,253047,กรุงเทพมหานคร,พระโขนง,2,ห้องชุด/คอนโด,,,32.62,"126756-126760,173098,253046,253047",7/11/2026 3:44
not_found,LandsMaps ไม่พบโฉนด,10805,10_09_126756,10,9,126756,กรุงเทพมหานคร,พระโขนง,2,ห้องชุด/คอนโด,,,32.51,"126756-126760,173098,253046,253047",7/11/2026 3:44
not_found,LandsMaps ไม่พบโฉนด,10805,10_09_126757,10,9,126757,กรุงเทพมหานคร,พระโขนง,2,ห้องชุด/คอนโด,,,32.51,"126756-126760,173098,253046,253047",7/11/2026 3:44
not_found,LandsMaps ไม่พบโฉนด,10805,10_09_126758,10,9,126758,กรุงเทพมหานคร,พระโขนง,2,ห้องชุด/คอนโด,,,32.51,"126756-126760,173098,253046,253047",7/11/2026 3:44
not_found,LandsMaps ไม่พบโฉนด,10805,10_09_126759,10,9,126759,กรุงเทพมหานคร,พระโขนง,2,ห้องชุด/คอนโด,,,32.51,"126756-126760,173098,253046,253047",7/11/2026 3:44
not_found,LandsMaps ไม่พบโฉนด,10805,10_09_126760,10,9,126760,กรุงเทพมหานคร,พระโขนง,2,ห้องชุด/คอนโด,,,32.51,"126756-126760,173098,253046,253047",7/11/2026 3:44
not_found,LandsMaps ไม่พบโฉนด,10805,10_09_173098,10,9,173098,กรุงเทพมหานคร,พระโขนง,2,ห้องชุด/คอนโด,,,32.51,"126756-126760,173098,253046,253047",7/11/2026 3:44
not_found,LandsMaps ไม่พบโฉนด,10805,10_09_253046,10,9,253046,กรุงเทพมหานคร,พระโขนง,2,ห้องชุด/คอนโด,,,32.51,"126756-126760,173098,253046,253047",7/11/2026 3:44
not_found,LandsMaps ไม่พบโฉนด,10805,10_09_253047,10,9,253047,กรุงเทพมหานคร,พระโขนง,2,ห้องชุด/คอนโด,,,32.51,"126756-126760,173098,253046,253047",7/11/2026 3:44
not_found,LandsMaps ไม่พบโฉนด,10806,10_09_126756,10,9,126756,กรุงเทพมหานคร,พระโขนง,2,ห้องชุด/คอนโด,,,31.46,"126756-126760,173098,253046,253047",7/11/2026 3:44
not_found,LandsMaps ไม่พบโฉนด,10806,10_09_126757,10,9,126757,กรุงเทพมหานคร,พระโขนง,2,ห้องชุด/คอนโด,,,31.46,"126756-126760,173098,253046,253047",7/11/2026 3:44
not_found,LandsMaps ไม่พบโฉนด,10806,10_09_126758,10,9,126758,กรุงเทพมหานคร,พระโขนง,2,ห้องชุด/คอนโด,,,31.46,"126756-126760,173098,253046,253047",7/11/2026 3:44
not_found,LandsMaps ไม่พบโฉนด,10806,10_09_126759,10,9,126759,กรุงเทพมหานคร,พระโขนง,2,ห้องชุด/คอนโด,,,31.46,"126756-126760,173098,253046,253047",7/11/2026 3:44
not_found,LandsMaps ไม่พบโฉนด,10806,10_09_126760,10,9,126760,กรุงเทพมหานคร,พระโขนง,2,ห้องชุด/คอนโด,,,31.46,"126756-126760,173098,253046,253047",7/11/2026 3:44
not_found,LandsMaps ไม่พบโฉนด,10806,10_09_173098,10,9,173098,กรุงเทพมหานคร,พระโขนง,2,ห้องชุด/คอนโด,,,31.46,"126756-126760,173098,253046,253047",7/11/2026 3:44
not_found,LandsMaps ไม่พบโฉนด,10806,10_09_253046,10,9,253046,กรุงเทพมหานคร,พระโขนง,2,ห้องชุด/คอนโด,,,31.46,"126756-126760,173098,253046,253047",7/11/2026 3:44
not_found,LandsMaps ไม่พบโฉนด,10806,10_09_253047,10,9,253047,กรุงเทพมหานคร,พระโขนง,2,ห้องชุด/คอนโด,,,31.46,"126756-126760,173098,253046,253047",7/11/2026 3:44
not_found,LandsMaps ไม่พบโฉนด,10807,10_09_126756,10,9,126756,กรุงเทพมหานคร,พระโขนง,2,ห้องชุด/คอนโด,,,32.75,"126756-126760,173098,253046,253047",7/11/2026 3:44
not_found,LandsMaps ไม่พบโฉนด,10807,10_09_126757,10,9,126757,กรุงเทพมหานคร,พระโขนง,2,ห้องชุด/คอนโด,,,32.75,"126756-126760,173098,253046,253047",7/11/2026 3:44
not_found,LandsMaps ไม่พบโฉนด,10807,10_09_126758,10,9,126758,กรุงเทพมหานคร,พระโขนง,2,ห้องชุด/คอนโด,,,32.75,"126756-126760,173098,253046,253047",7/11/2026 3:44
not_found,LandsMaps ไม่พบโฉนด,10807,10_09_126759,10,9,126759,กรุงเทพมหานคร,พระโขนง,2,ห้องชุด/คอนโด,,,32.75,"126756-126760,173098,253046,253047",7/11/2026 3:44
not_found,LandsMaps ไม่พบโฉนด,10807,10_09_126760,10,9,126760,กรุงเทพมหานคร,พระโขนง,2,ห้องชุด/คอนโด,,,32.75,"126756-126760,173098,253046,253047",7/11/2026 3:44
not_found,LandsMaps ไม่พบโฉนด,10807,10_09_173098,10,9,173098,กรุงเทพมหานคร,พระโขนง,2,ห้องชุด/คอนโด,,,32.75,"126756-126760,173098,253046,253047",7/11/2026 3:44
not_found,LandsMaps ไม่พบโฉนด,10807,10_09_253046,10,9,253046,กรุงเทพมหานคร,พระโขนง,2,ห้องชุด/คอนโด,,,32.75,"126756-126760,173098,253046,253047",7/11/2026 3:44
not_found,LandsMaps ไม่พบโฉนด,10807,10_09_253047,10,9,253047,กรุงเทพมหานคร,พระโขนง,2,ห้องชุด/คอนโด,,,32.75,"126756-126760,173098,253046,253047",7/11/2026 3:44
not_found,LandsMaps ไม่พบโฉนด,10808,10_09_126756,10,9,126756,กรุงเทพมหานคร,พระโขนง,2,ห้องชุด/คอนโด,,,32.66,"126756-126760,173098,253046,253047",7/11/2026 3:44
not_found,LandsMaps ไม่พบโฉนด,10808,10_09_126757,10,9,126757,กรุงเทพมหานคร,พระโขนง,2,ห้องชุด/คอนโด,,,32.66,"126756-126760,173098,253046,253047",7/11/2026 3:44
not_found,LandsMaps ไม่พบโฉนด,10808,10_09_126758,10,9,126758,กรุงเทพมหานคร,พระโขนง,2,ห้องชุด/คอนโด,,,32.66,"126756-126760,173098,253046,253047",7/11/2026 3:44
not_found,LandsMaps ไม่พบโฉนด,10808,10_09_126759,10,9,126759,กรุงเทพมหานคร,พระโขนง,2,ห้องชุด/คอนโด,,,32.66,"126756-126760,173098,253046,253047",7/11/2026 3:44
not_found,LandsMaps ไม่พบโฉนด,10808,10_09_126760,10,9,126760,กรุงเทพมหานคร,พระโขนง,2,ห้องชุด/คอนโด,,,32.66,"126756-126760,173098,253046,253047",7/11/2026 3:44
not_found,LandsMaps ไม่พบโฉนด,10808,10_09_173098,10,9,173098,กรุงเทพมหานคร,พระโขนง,2,ห้องชุด/คอนโด,,,32.66,"126756-126760,173098,253046,253047",7/11/2026 3:44
not_found,LandsMaps ไม่พบโฉนด,10808,10_09_253046,10,9,253046,กรุงเทพมหานคร,พระโขนง,2,ห้องชุด/คอนโด,,,32.66,"126756-126760,173098,253046,253047",7/11/2026 3:44
not_found,LandsMaps ไม่พบโฉนด,10808,10_09_253047,10,9,253047,กรุงเทพมหานคร,พระโขนง,2,ห้องชุด/คอนโด,,,32.66,"126756-126760,173098,253046,253047",7/11/2026 3:44
not_found,LandsMaps ไม่พบโฉนด,10809,10_09_126756,10,9,126756,กรุงเทพมหานคร,พระโขนง,2,ห้องชุด/คอนโด,,,39.45,"126756-126760,173098,253046,253047",7/11/2026 3:44
not_found,LandsMaps ไม่พบโฉนด,10809,10_09_126757,10,9,126757,กรุงเทพมหานคร,พระโขนง,2,ห้องชุด/คอนโด,,,39.45,"126756-126760,173098,253046,253047",7/11/2026 3:44
not_found,LandsMaps ไม่พบโฉนด,10809,10_09_126758,10,9,126758,กรุงเทพมหานคร,พระโขนง,2,ห้องชุด/คอนโด,,,39.45,"126756-126760,173098,253046,253047",7/11/2026 3:44
not_found,LandsMaps ไม่พบโฉนด,10809,10_09_126759,10,9,126759,กรุงเทพมหานคร,พระโขนง,2,ห้องชุด/คอนโด,,,39.45,"126756-126760,173098,253046,253047",7/11/2026 3:44
not_found,LandsMaps ไม่พบโฉนด,10809,10_09_126760,10,9,126760,กรุงเทพมหานคร,พระโขนง,2,ห้องชุด/คอนโด,,,39.45,"126756-126760,173098,253046,253047",7/11/2026 3:44
not_found,LandsMaps ไม่พบโฉนด,10809,10_09_173098,10,9,173098,กรุงเทพมหานคร,พระโขนง,2,ห้องชุด/คอนโด,,,39.45,"126756-126760,173098,253046,253047",7/11/2026 3:44
not_found,LandsMaps ไม่พบโฉนด,10809,10_09_253046,10,9,253046,กรุงเทพมหานคร,พระโขนง,2,ห้องชุด/คอนโด,,,39.45,"126756-126760,173098,253046,253047",7/11/2026 3:44
not_found,LandsMaps ไม่พบโฉนด,10809,10_09_253047,10,9,253047,กรุงเทพมหานคร,พระโขนง,2,ห้องชุด/คอนโด,,,39.45,"126756-126760,173098,253046,253047",7/11/2026 3:44
not_found,LandsMaps ไม่พบโฉนด,10810,10_09_126756,10,9,126756,กรุงเทพมหานคร,พระโขนง,2,ห้องชุด/คอนโด,,,26.09,"126756-126760,173098,253046,253047",7/11/2026 3:44
not_found,LandsMaps ไม่พบโฉนด,10810,10_09_126757,10,9,126757,กรุงเทพมหานคร,พระโขนง,2,ห้องชุด/คอนโด,,,26.09,"126756-126760,173098,253046,253047",7/11/2026 3:44
not_found,LandsMaps ไม่พบโฉนด,10810,10_09_126758,10,9,126758,กรุงเทพมหานคร,พระโขนง,2,ห้องชุด/คอนโด,,,26.09,"126756-126760,173098,253046,253047",7/11/2026 3:44
not_found,LandsMaps ไม่พบโฉนด,10810,10_09_126759,10,9,126759,กรุงเทพมหานคร,พระโขนง,2,ห้องชุด/คอนโด,,,26.09,"126756-126760,173098,253046,253047",7/11/2026 3:44
not_found,LandsMaps ไม่พบโฉนด,10810,10_09_126760,10,9,126760,กรุงเทพมหานคร,พระโขนง,2,ห้องชุด/คอนโด,,,26.09,"126756-126760,173098,253046,253047",7/11/2026 3:44
not_found,LandsMaps ไม่พบโฉนด,10810,10_09_173098,10,9,173098,กรุงเทพมหานคร,พระโขนง,2,ห้องชุด/คอนโด,,,26.09,"126756-126760,173098,253046,253047",7/11/2026 3:44
not_found,LandsMaps ไม่พบโฉนด,10810,10_09_253046,10,9,253046,กรุงเทพมหานคร,พระโขนง,2,ห้องชุด/คอนโด,,,26.09,"126756-126760,173098,253046,253047",7/11/2026 3:44
not_found,LandsMaps ไม่พบโฉนด,10810,10_09_253047,10,9,253047,กรุงเทพมหานคร,พระโขนง,2,ห้องชุด/คอนโด,,,26.09,"126756-126760,173098,253046,253047",7/11/2026 3:44
not_found,LandsMaps ไม่พบโฉนด,10811,10_09_126756,10,9,126756,กรุงเทพมหานคร,พระโขนง,2,ห้องชุด/คอนโด,,,39.45,"126756-126760,173098,253046,253047",7/11/2026 3:44
not_found,LandsMaps ไม่พบโฉนด,10811,10_09_126757,10,9,126757,กรุงเทพมหานคร,พระโขนง,2,ห้องชุด/คอนโด,,,39.45,"126756-126760,173098,253046,253047",7/11/2026 3:44
not_found,LandsMaps ไม่พบโฉนด,10811,10_09_126758,10,9,126758,กรุงเทพมหานคร,พระโขนง,2,ห้องชุด/คอนโด,,,39.45,"126756-126760,173098,253046,253047",7/11/2026 3:44
not_found,LandsMaps ไม่พบโฉนด,10811,10_09_126759,10,9,126759,กรุงเทพมหานคร,พระโขนง,2,ห้องชุด/คอนโด,,,39.45,"126756-126760,173098,253046,253047",7/11/2026 3:44
not_found,LandsMaps ไม่พบโฉนด,10811,10_09_126760,10,9,126760,กรุงเทพมหานคร,พระโขนง,2,ห้องชุด/คอนโด,,,39.45,"126756-126760,173098,253046,253047",7/11/2026 3:44
not_found,LandsMaps ไม่พบโฉนด,10811,10_09_173098,10,9,173098,กรุงเทพมหานคร,พระโขนง,2,ห้องชุด/คอนโด,,,39.45,"126756-126760,173098,253046,253047",7/11/2026 3:44
not_found,LandsMaps ไม่พบโฉนด,10811,10_09_253046,10,9,253046,กรุงเทพมหานคร,พระโขนง,2,ห้องชุด/คอนโด,,,39.45,"126756-126760,173098,253046,253047",7/11/2026 3:44
not_found,LandsMaps ไม่พบโฉนด,10811,10_09_253047,10,9,253047,กรุงเทพมหานคร,พระโขนง,2,ห้องชุด/คอนโด,,,39.45,"126756-126760,173098,253046,253047",7/11/2026 3:44
not_found,LandsMaps ไม่พบโฉนด,10812,10_09_126756,10,9,126756,กรุงเทพมหานคร,พระโขนง,2,ห้องชุด/คอนโด,,,26.88,"126756-126760,173098,253046,253047",7/11/2026 3:44
not_found,LandsMaps ไม่พบโฉนด,10812,10_09_126757,10,9,126757,กรุงเทพมหานคร,พระโขนง,2,ห้องชุด/คอนโด,,,26.88,"126756-126760,173098,253046,253047",7/11/2026 3:44
not_found,LandsMaps ไม่พบโฉนด,10812,10_09_126758,10,9,126758,กรุงเทพมหานคร,พระโขนง,2,ห้องชุด/คอนโด,,,26.88,"126756-126760,173098,253046,253047",7/11/2026 3:44
not_found,LandsMaps ไม่พบโฉนด,10812,10_09_126759,10,9,126759,กรุงเทพมหานคร,พระโขนง,2,ห้องชุด/คอนโด,,,26.88,"126756-126760,173098,253046,253047",7/11/2026 3:44
not_found,LandsMaps ไม่พบโฉนด,10812,10_09_126760,10,9,126760,กรุงเทพมหานคร,พระโขนง,2,ห้องชุด/คอนโด,,,26.88,"126756-126760,173098,253046,253047",7/11/2026 3:44
not_found,LandsMaps ไม่พบโฉนด,10812,10_09_173098,10,9,173098,กรุงเทพมหานคร,พระโขนง,2,ห้องชุด/คอนโด,,,26.88,"126756-126760,173098,253046,253047",7/11/2026 3:44
not_found,LandsMaps ไม่พบโฉนด,10812,10_09_253046,10,9,253046,กรุงเทพมหานคร,พระโขนง,2,ห้องชุด/คอนโด,,,26.88,"126756-126760,173098,253046,253047",7/11/2026 3:44
not_found,LandsMaps ไม่พบโฉนด,10812,10_09_253047,10,9,253047,กรุงเทพมหานคร,พระโขนง,2,ห้องชุด/คอนโด,,,26.88,"126756-126760,173098,253046,253047",7/11/2026 3:44
not_found,LandsMaps ไม่พบโฉนด,10813,10_09_126756,10,9,126756,กรุงเทพมหานคร,พระโขนง,2,ห้องชุด/คอนโด,,,26.82,"126756-126760,173098,253046,253047",7/11/2026 3:44
not_found,LandsMaps ไม่พบโฉนด,10813,10_09_126757,10,9,126757,กรุงเทพมหานคร,พระโขนง,2,ห้องชุด/คอนโด,,,26.82,"126756-126760,173098,253046,253047",7/11/2026 3:44
not_found,LandsMaps ไม่พบโฉนด,10813,10_09_126758,10,9,126758,กรุงเทพมหานคร,พระโขนง,2,ห้องชุด/คอนโด,,,26.82,"126756-126760,173098,253046,253047",7/11/2026 3:44
not_found,LandsMaps ไม่พบโฉนด,10813,10_09_126759,10,9,126759,กรุงเทพมหานคร,พระโขนง,2,ห้องชุด/คอนโด,,,26.82,"126756-126760,173098,253046,253047",7/11/2026 3:44
not_found,LandsMaps ไม่พบโฉนด,10813,10_09_126760,10,9,126760,กรุงเทพมหานคร,พระโขนง,2,ห้องชุด/คอนโด,,,26.82,"126756-126760,173098,253046,253047",7/11/2026 3:44
not_found,LandsMaps ไม่พบโฉนด,10813,10_09_173098,10,9,173098,กรุงเทพมหานคร,พระโขนง,2,ห้องชุด/คอนโด,,,26.82,"126756-126760,173098,253046,253047",7/11/2026 3:44
not_found,LandsMaps ไม่พบโฉนด,10813,10_09_253046,10,9,253046,กรุงเทพมหานคร,พระโขนง,2,ห้องชุด/คอนโด,,,26.82,"126756-126760,173098,253046,253047",7/11/2026 3:44
not_found,LandsMaps ไม่พบโฉนด,10813,10_09_253047,10,9,253047,กรุงเทพมหานคร,พระโขนง,2,ห้องชุด/คอนโด,,,26.82,"126756-126760,173098,253046,253047",7/11/2026 3:44
not_found,LandsMaps ไม่พบโฉนด,10814,10_09_126756,10,9,126756,กรุงเทพมหานคร,พระโขนง,2,ห้องชุด/คอนโด,,,26.09,"126756-126760,173098,253046,253047",7/11/2026 3:44
not_found,LandsMaps ไม่พบโฉนด,10814,10_09_126757,10,9,126757,กรุงเทพมหานคร,พระโขนง,2,ห้องชุด/คอนโด,,,26.09,"126756-126760,173098,253046,253047",7/11/2026 3:44
not_found,LandsMaps ไม่พบโฉนด,10814,10_09_126758,10,9,126758,กรุงเทพมหานคร,พระโขนง,2,ห้องชุด/คอนโด,,,26.09,"126756-126760,173098,253046,253047",7/11/2026 3:44
not_found,LandsMaps ไม่พบโฉนด,10814,10_09_126759,10,9,126759,กรุงเทพมหานคร,พระโขนง,2,ห้องชุด/คอนโด,,,26.09,"126756-126760,173098,253046,253047",7/11/2026 3:44
not_found,LandsMaps ไม่พบโฉนด,10814,10_09_126760,10,9,126760,กรุงเทพมหานคร,พระโขนง,2,ห้องชุด/คอนโด,,,26.09,"126756-126760,173098,253046,253047",7/11/2026 3:44
not_found,LandsMaps ไม่พบโฉนด,10814,10_09_173098,10,9,173098,กรุงเทพมหานคร,พระโขนง,2,ห้องชุด/คอนโด,,,26.09,"126756-126760,173098,253046,253047",7/11/2026 3:44
not_found,LandsMaps ไม่พบโฉนด,10814,10_09_253046,10,9,253046,กรุงเทพมหานคร,พระโขนง,2,ห้องชุด/คอนโด,,,26.09,"126756-126760,173098,253046,253047",7/11/2026 3:44
not_found,LandsMaps ไม่พบโฉนด,10814,10_09_253047,10,9,253047,กรุงเทพมหานคร,พระโขนง,2,ห้องชุด/คอนโด,,,26.09,"126756-126760,173098,253046,253047",7/11/2026 3:44
not_found,LandsMaps ไม่พบโฉนด,10815,10_09_126756,10,9,126756,กรุงเทพมหานคร,พระโขนง,2,ห้องชุด/คอนโด,,,32.89,"126756-126760,173098,253046,253047",7/11/2026 3:44
not_found,LandsMaps ไม่พบโฉนด,10815,10_09_126757,10,9,126757,กรุงเทพมหานคร,พระโขนง,2,ห้องชุด/คอนโด,,,32.89,"126756-126760,173098,253046,253047",7/11/2026 3:44
not_found,LandsMaps ไม่พบโฉนด,10815,10_09_126758,10,9,126758,กรุงเทพมหานคร,พระโขนง,2,ห้องชุด/คอนโด,,,32.89,"126756-126760,173098,253046,253047",7/11/2026 3:44
not_found,LandsMaps ไม่พบโฉนด,10815,10_09_126759,10,9,126759,กรุงเทพมหานคร,พระโขนง,2,ห้องชุด/คอนโด,,,32.89,"126756-126760,173098,253046,253047",7/11/2026 3:45
not_found,LandsMaps ไม่พบโฉนด,10815,10_09_126760,10,9,126760,กรุงเทพมหานคร,พระโขนง,2,ห้องชุด/คอนโด,,,32.89,"126756-126760,173098,253046,253047",7/11/2026 3:45
not_found,LandsMaps ไม่พบโฉนด,10815,10_09_173098,10,9,173098,กรุงเทพมหานคร,พระโขนง,2,ห้องชุด/คอนโด,,,32.89,"126756-126760,173098,253046,253047",7/11/2026 3:45
not_found,LandsMaps ไม่พบโฉนด,10815,10_09_253046,10,9,253046,กรุงเทพมหานคร,พระโขนง,2,ห้องชุด/คอนโด,,,32.89,"126756-126760,173098,253046,253047",7/11/2026 3:45
not_found,LandsMaps ไม่พบโฉนด,10815,10_09_253047,10,9,253047,กรุงเทพมหานคร,พระโขนง,2,ห้องชุด/คอนโด,,,32.89,"126756-126760,173098,253046,253047",7/11/2026 3:45
not_found,LandsMaps ไม่พบโฉนด,10816,10_09_126756,10,9,126756,กรุงเทพมหานคร,พระโขนง,2,ห้องชุด/คอนโด,,,39.45,"126756-126760,173098,253046,253047",7/11/2026 3:45
not_found,LandsMaps ไม่พบโฉนด,10816,10_09_126757,10,9,126757,กรุงเทพมหานคร,พระโขนง,2,ห้องชุด/คอนโด,,,39.45,"126756-126760,173098,253046,253047",7/11/2026 3:45
not_found,LandsMaps ไม่พบโฉนด,10816,10_09_126758,10,9,126758,กรุงเทพมหานคร,พระโขนง,2,ห้องชุด/คอนโด,,,39.45,"126756-126760,173098,253046,253047",7/11/2026 3:45
not_found,LandsMaps ไม่พบโฉนด,10816,10_09_126759,10,9,126759,กรุงเทพมหานคร,พระโขนง,2,ห้องชุด/คอนโด,,,39.45,"126756-126760,173098,253046,253047",7/11/2026 3:45
not_found,LandsMaps ไม่พบโฉนด,10816,10_09_126760,10,9,126760,กรุงเทพมหานคร,พระโขนง,2,ห้องชุด/คอนโด,,,39.45,"126756-126760,173098,253046,253047",7/11/2026 3:45
not_found,LandsMaps ไม่พบโฉนด,10816,10_09_173098,10,9,173098,กรุงเทพมหานคร,พระโขนง,2,ห้องชุด/คอนโด,,,39.45,"126756-126760,173098,253046,253047",7/11/2026 3:45
not_found,LandsMaps ไม่พบโฉนด,10816,10_09_253046,10,9,253046,กรุงเทพมหานคร,พระโขนง,2,ห้องชุด/คอนโด,,,39.45,"126756-126760,173098,253046,253047",7/11/2026 3:45
not_found,LandsMaps ไม่พบโฉนด,10816,10_09_253047,10,9,253047,กรุงเทพมหานคร,พระโขนง,2,ห้องชุด/คอนโด,,,39.45,"126756-126760,173098,253046,253047",7/11/2026 3:45
not_found,LandsMaps ไม่พบโฉนด,10817,10_09_126756,10,9,126756,กรุงเทพมหานคร,พระโขนง,2,ห้องชุด/คอนโด,,,26.82,"126756-126760,173098,253046,253047",7/11/2026 3:45
not_found,LandsMaps ไม่พบโฉนด,10817,10_09_126757,10,9,126757,กรุงเทพมหานคร,พระโขนง,2,ห้องชุด/คอนโด,,,26.82,"126756-126760,173098,253046,253047",7/11/2026 3:45
not_found,LandsMaps ไม่พบโฉนด,10817,10_09_126758,10,9,126758,กรุงเทพมหานคร,พระโขนง,2,ห้องชุด/คอนโด,,,26.82,"126756-126760,173098,253046,253047",7/11/2026 3:45
not_found,LandsMaps ไม่พบโฉนด,10817,10_09_126759,10,9,126759,กรุงเทพมหานคร,พระโขนง,2,ห้องชุด/คอนโด,,,26.82,"126756-126760,173098,253046,253047",7/11/2026 3:45
not_found,LandsMaps ไม่พบโฉนด,10817,10_09_126760,10,9,126760,กรุงเทพมหานคร,พระโขนง,2,ห้องชุด/คอนโด,,,26.82,"126756-126760,173098,253046,253047",7/11/2026 3:45
not_found,LandsMaps ไม่พบโฉนด,10817,10_09_173098,10,9,173098,กรุงเทพมหานคร,พระโขนง,2,ห้องชุด/คอนโด,,,26.82,"126756-126760,173098,253046,253047",7/11/2026 3:45
not_found,LandsMaps ไม่พบโฉนด,10817,10_09_253046,10,9,253046,กรุงเทพมหานคร,พระโขนง,2,ห้องชุด/คอนโด,,,26.82,"126756-126760,173098,253046,253047",7/11/2026 3:45
not_found,LandsMaps ไม่พบโฉนด,10817,10_09_253047,10,9,253047,กรุงเทพมหานคร,พระโขนง,2,ห้องชุด/คอนโด,,,26.82,"126756-126760,173098,253046,253047",7/11/2026 3:45
not_found,LandsMaps ไม่พบโฉนด,10819,10_47_2911,10,47,2911,กรุงเทพมหานคร,บางนา,2,ห้องชุด/คอนโด,,,23.9,"2911,499 (บางส่วน)",7/11/2026 3:45
not_found,LandsMaps ไม่พบโฉนด,10819,10_47_499,10,47,499,กรุงเทพมหานคร,บางนา,2,ห้องชุด/คอนโด,,,23.9,"2911,499 (บางส่วน)",7/11/2026 3:45
not_found,LandsMaps ไม่พบโฉนด,10820,10_32_247290,10,32,247290,กรุงเทพมหานคร,ประเวศ(พระโขนง),2,ห้องชุด/คอนโด,,,25.08,247290,7/11/2026 3:45
not_found,LandsMaps ไม่พบโฉนด,10821,10_47_1884,10,47,1884,กรุงเทพมหานคร,บางนา,2,ห้องชุด/คอนโด,,,28.84,"18,841,885",7/11/2026 3:45
not_found,LandsMaps ไม่พบโฉนด,10821,10_47_1885,10,47,1885,กรุงเทพมหานคร,บางนา,2,ห้องชุด/คอนโด,,,28.84,"18,841,885",7/11/2026 3:45
not_found,LandsMaps ไม่พบโฉนด,10822,10_34_5385,10,34,5385,กรุงเทพมหานคร,สวนหลวง,2,ห้องชุด/คอนโด,,,31.04,5385,7/11/2026 3:45
not_found,LandsMaps ไม่พบโฉนด,10823,10_32_36443,10,32,36443,กรุงเทพมหานคร,ประเวศ,3,ที่ดิน+สิ่งปลูกสร้าง,,,29.5,36443,7/11/2026 3:45
not_found,LandsMaps ไม่พบโฉนด,10824,10_34_15683,10,34,15683,กรุงเทพมหานคร,สวนหลวง,2,ห้องชุด/คอนโด,,,28.78,"15683,15684,15685,15686,15687,15688,15689, 15690,15691",7/11/2026 3:45
not_found,LandsMaps ไม่พบโฉนด,10824,10_34_15684,10,34,15684,กรุงเทพมหานคร,สวนหลวง,2,ห้องชุด/คอนโด,,,28.78,"15683,15684,15685,15686,15687,15688,15689, 15690,15691",7/11/2026 3:45
not_found,LandsMaps ไม่พบโฉนด,10824,10_34_15685,10,34,15685,กรุงเทพมหานคร,สวนหลวง,2,ห้องชุด/คอนโด,,,28.78,"15683,15684,15685,15686,15687,15688,15689, 15690,15691",7/11/2026 3:45
not_found,LandsMaps ไม่พบโฉนด,10824,10_34_15686,10,34,15686,กรุงเทพมหานคร,สวนหลวง,2,ห้องชุด/คอนโด,,,28.78,"15683,15684,15685,15686,15687,15688,15689, 15690,15691",7/11/2026 3:45
not_found,LandsMaps ไม่พบโฉนด,10824,10_34_15687,10,34,15687,กรุงเทพมหานคร,สวนหลวง,2,ห้องชุด/คอนโด,,,28.78,"15683,15684,15685,15686,15687,15688,15689, 15690,15691",7/11/2026 3:45
not_found,LandsMaps ไม่พบโฉนด,10824,10_34_15688,10,34,15688,กรุงเทพมหานคร,สวนหลวง,2,ห้องชุด/คอนโด,,,28.78,"15683,15684,15685,15686,15687,15688,15689, 15690,15691",7/11/2026 3:45
not_found,LandsMaps ไม่พบโฉนด,10824,10_34_15689,10,34,15689,กรุงเทพมหานคร,สวนหลวง,2,ห้องชุด/คอนโด,,,28.78,"15683,15684,15685,15686,15687,15688,15689, 15690,15691",7/11/2026 3:45
not_found,LandsMaps ไม่พบโฉนด,10824,10_34_15690,10,34,15690,กรุงเทพมหานคร,สวนหลวง,2,ห้องชุด/คอนโด,,,28.78,"15683,15684,15685,15686,15687,15688,15689, 15690,15691",7/11/2026 3:45
not_found,LandsMaps ไม่พบโฉนด,10824,10_34_15691,10,34,15691,กรุงเทพมหานคร,สวนหลวง,2,ห้องชุด/คอนโด,,,28.78,"15683,15684,15685,15686,15687,15688,15689, 15690,15691",7/11/2026 3:45
not_found,LandsMaps ไม่พบโฉนด,10825,10_32_1798,10,32,1798,กรุงเทพมหานคร,ประเวศ,2,ห้องชุด/คอนโด,,,25.41,"1798,5386-5391,6309-6315",7/11/2026 3:45
not_found,LandsMaps ไม่พบโฉนด,10825,10_32_5386,10,32,5386,กรุงเทพมหานคร,ประเวศ,2,ห้องชุด/คอนโด,,,25.41,"1798,5386-5391,6309-6315",7/11/2026 3:45
not_found,LandsMaps ไม่พบโฉนด,10825,10_32_5387,10,32,5387,กรุงเทพมหานคร,ประเวศ,2,ห้องชุด/คอนโด,,,25.41,"1798,5386-5391,6309-6315",7/11/2026 3:45
not_found,LandsMaps ไม่พบโฉนด,10825,10_32_5388,10,32,5388,กรุงเทพมหานคร,ประเวศ,2,ห้องชุด/คอนโด,,,25.41,"1798,5386-5391,6309-6315",7/11/2026 3:45
not_found,LandsMaps ไม่พบโฉนด,10825,10_32_5389,10,32,5389,กรุงเทพมหานคร,ประเวศ,2,ห้องชุด/คอนโด,,,25.41,"1798,5386-5391,6309-6315",7/11/2026 3:45
not_found,LandsMaps ไม่พบโฉนด,10825,10_32_5390,10,32,5390,กรุงเทพมหานคร,ประเวศ,2,ห้องชุด/คอนโด,,,25.41,"1798,5386-5391,6309-6315",7/11/2026 3:45
not_found,LandsMaps ไม่พบโฉนด,10825,10_32_5391,10,32,5391,กรุงเทพมหานคร,ประเวศ,2,ห้องชุด/คอนโด,,,25.41,"1798,5386-5391,6309-6315",7/11/2026 3:45
not_found,LandsMaps ไม่พบโฉนด,10825,10_32_6309,10,32,6309,กรุงเทพมหานคร,ประเวศ,2,ห้องชุด/คอนโด,,,25.41,"1798,5386-5391,6309-6315",7/11/2026 3:45
not_found,LandsMaps ไม่พบโฉนด,10825,10_32_6310,10,32,6310,กรุงเทพมหานคร,ประเวศ,2,ห้องชุด/คอนโด,,,25.41,"1798,5386-5391,6309-6315",7/11/2026 3:45
not_found,LandsMaps ไม่พบโฉนด,10825,10_32_6311,10,32,6311,กรุงเทพมหานคร,ประเวศ,2,ห้องชุด/คอนโด,,,25.41,"1798,5386-5391,6309-6315",7/11/2026 3:45
not_found,LandsMaps ไม่พบโฉนด,10825,10_32_6312,10,32,6312,กรุงเทพมหานคร,ประเวศ,2,ห้องชุด/คอนโด,,,25.41,"1798,5386-5391,6309-6315",7/11/2026 3:45
not_found,LandsMaps ไม่พบโฉนด,10825,10_32_6313,10,32,6313,กรุงเทพมหานคร,ประเวศ,2,ห้องชุด/คอนโด,,,25.41,"1798,5386-5391,6309-6315",7/11/2026 3:45
not_found,LandsMaps ไม่พบโฉนด,10825,10_32_6314,10,32,6314,กรุงเทพมหานคร,ประเวศ,2,ห้องชุด/คอนโด,,,25.41,"1798,5386-5391,6309-6315",7/11/2026 3:45
not_found,LandsMaps ไม่พบโฉนด,10825,10_32_6315,10,32,6315,กรุงเทพมหานคร,ประเวศ,2,ห้องชุด/คอนโด,,,25.41,"1798,5386-5391,6309-6315",7/11/2026 3:45
not_found,LandsMaps ไม่พบโฉนด,10826,10_34_8531,10,34,8531,กรุงเทพมหานคร,สวนหลวง,2,ห้องชุด/คอนโด,,,22.55,"85,311,111,111,112,100,000,000,000,000,000,000",7/11/2026 3:45
not_found,LandsMaps ไม่พบโฉนด,10826,10_34_11111,10,34,11111,กรุงเทพมหานคร,สวนหลวง,2,ห้องชุด/คอนโด,,,22.55,"85,311,111,111,112,100,000,000,000,000,000,000",7/11/2026 3:45
not_found,LandsMaps ไม่พบโฉนด,10826,10_34_11112,10,34,11112,กรุงเทพมหานคร,สวนหลวง,2,ห้องชุด/คอนโด,,,22.55,"85,311,111,111,112,100,000,000,000,000,000,000",7/11/2026 3:45
not_found,LandsMaps ไม่พบโฉนด,10826,10_34_11113,10,34,11113,กรุงเทพมหานคร,สวนหลวง,2,ห้องชุด/คอนโด,,,22.55,"85,311,111,111,112,100,000,000,000,000,000,000",7/11/2026 3:45
not_found,LandsMaps ไม่พบโฉนด,10826,10_34_11114,10,34,11114,กรุงเทพมหานคร,สวนหลวง,2,ห้องชุด/คอนโด,,,22.55,"85,311,111,111,112,100,000,000,000,000,000,000",7/11/2026 3:45
not_found,LandsMaps ไม่พบโฉนด,10826,10_34_11115,10,34,11115,กรุงเทพมหานคร,สวนหลวง,2,ห้องชุด/คอนโด,,,22.55,"85,311,111,111,112,100,000,000,000,000,000,000",7/11/2026 3:45
not_found,LandsMaps ไม่พบโฉนด,10826,10_34_155084,10,34,155084,กรุงเทพมหานคร,สวนหลวง,2,ห้องชุด/คอนโด,,,22.55,"85,311,111,111,112,100,000,000,000,000,000,000",7/11/2026 3:45
not_found,LandsMaps ไม่พบโฉนด,10827,10_47_2664,10,47,2664,กรุงเทพมหานคร,บางนา,2,ห้องชุด/คอนโด,,,32.78,2664,7/11/2026 3:45
not_found,LandsMaps ไม่พบโฉนด,10828,10_47_1789,10,47,1789,กรุงเทพมหานคร,บางนา,2,ห้องชุด/คอนโด,,,21.91,"1789,2249-2255,2258,2261-2265,2267",7/11/2026 3:45
not_found,LandsMaps ไม่พบโฉนด,10828,10_47_2249,10,47,2249,กรุงเทพมหานคร,บางนา,2,ห้องชุด/คอนโด,,,21.91,"1789,2249-2255,2258,2261-2265,2267",7/11/2026 3:45
not_found,LandsMaps ไม่พบโฉนด,10828,10_47_2250,10,47,2250,กรุงเทพมหานคร,บางนา,2,ห้องชุด/คอนโด,,,21.91,"1789,2249-2255,2258,2261-2265,2267",7/11/2026 3:45
not_found,LandsMaps ไม่พบโฉนด,10828,10_47_2251,10,47,2251,กรุงเทพมหานคร,บางนา,2,ห้องชุด/คอนโด,,,21.91,"1789,2249-2255,2258,2261-2265,2267",7/11/2026 3:45
not_found,LandsMaps ไม่พบโฉนด,10828,10_47_2252,10,47,2252,กรุงเทพมหานคร,บางนา,2,ห้องชุด/คอนโด,,,21.91,"1789,2249-2255,2258,2261-2265,2267",7/11/2026 3:45
not_found,LandsMaps ไม่พบโฉนด,10828,10_47_2253,10,47,2253,กรุงเทพมหานคร,บางนา,2,ห้องชุด/คอนโด,,,21.91,"1789,2249-2255,2258,2261-2265,2267",7/11/2026 3:45
not_found,LandsMaps ไม่พบโฉนด,10828,10_47_2254,10,47,2254,กรุงเทพมหานคร,บางนา,2,ห้องชุด/คอนโด,,,21.91,"1789,2249-2255,2258,2261-2265,2267",7/11/2026 3:45
not_found,LandsMaps ไม่พบโฉนด,10828,10_47_2255,10,47,2255,กรุงเทพมหานคร,บางนา,2,ห้องชุด/คอนโด,,,21.91,"1789,2249-2255,2258,2261-2265,2267",7/11/2026 3:45
not_found,LandsMaps ไม่พบโฉนด,10828,10_47_2258,10,47,2258,กรุงเทพมหานคร,บางนา,2,ห้องชุด/คอนโด,,,21.91,"1789,2249-2255,2258,2261-2265,2267",7/11/2026 3:45
not_found,LandsMaps ไม่พบโฉนด,10828,10_47_2261,10,47,2261,กรุงเทพมหานคร,บางนา,2,ห้องชุด/คอนโด,,,21.91,"1789,2249-2255,2258,2261-2265,2267",7/11/2026 3:45
not_found,LandsMaps ไม่พบโฉนด,10828,10_47_2262,10,47,2262,กรุงเทพมหานคร,บางนา,2,ห้องชุด/คอนโด,,,21.91,"1789,2249-2255,2258,2261-2265,2267",7/11/2026 3:45
not_found,LandsMaps ไม่พบโฉนด,10828,10_47_2263,10,47,2263,กรุงเทพมหานคร,บางนา,2,ห้องชุด/คอนโด,,,21.91,"1789,2249-2255,2258,2261-2265,2267",7/11/2026 3:45
not_found,LandsMaps ไม่พบโฉนด,10828,10_47_2264,10,47,2264,กรุงเทพมหานคร,บางนา,2,ห้องชุด/คอนโด,,,21.91,"1789,2249-2255,2258,2261-2265,2267",7/11/2026 3:45
not_found,LandsMaps ไม่พบโฉนด,10828,10_47_2265,10,47,2265,กรุงเทพมหานคร,บางนา,2,ห้องชุด/คอนโด,,,21.91,"1789,2249-2255,2258,2261-2265,2267",7/11/2026 3:45
not_found,LandsMaps ไม่พบโฉนด,10828,10_47_2267,10,47,2267,กรุงเทพมหานคร,บางนา,2,ห้องชุด/คอนโด,,,21.91,"1789,2249-2255,2258,2261-2265,2267",7/11/2026 3:45
not_found,LandsMaps ไม่พบโฉนด,10829,10_32_32964,10,32,32964,กรุงเทพมหานคร,ประเวศ,3,ที่ดิน+สิ่งปลูกสร้าง,,,30.5,32964,7/11/2026 3:45
not_found,LandsMaps ไม่พบโฉนด,10830,10_32_905,10,32,905,กรุงเทพมหานคร,ประเวศ(พระโขนง),3,ที่ดิน+สิ่งปลูกสร้าง,,,24.5,905,7/11/2026 3:45
not_found,LandsMaps ไม่พบโฉนด,10831,10_32_5871,10,32,5871,กรุงเทพมหานคร,ประเวศ,3,ที่ดิน+สิ่งปลูกสร้าง,,,22.4,5871,7/11/2026 3:45
not_found,LandsMaps ไม่พบโฉนด,10832,10_09_226426,10,9,226426,กรุงเทพมหานคร,พระโขนง,2,ห้องชุด/คอนโด,,,26.25,226426,7/11/2026 3:45
not_found,LandsMaps ไม่พบโฉนด,10833,10_47_1882,10,47,1882,กรุงเทพมหานคร,บางนา,2,ห้องชุด/คอนโด,,,47.73,"18,821,883",7/11/2026 3:45
not_found,LandsMaps ไม่พบโฉนด,10833,10_47_1883,10,47,1883,กรุงเทพมหานคร,บางนา,2,ห้องชุด/คอนโด,,,47.73,"18,821,883",7/11/2026 3:45
not_found,LandsMaps ไม่พบโฉนด,10834,10_09_252639,10,9,252639,กรุงเทพมหานคร,พระโขนง,2,ห้องชุด/คอนโด,,,28.62,252639,7/11/2026 3:45
not_found,LandsMaps ไม่พบโฉนด,10835,10_47_1580,10,47,1580,กรุงเทพมหานคร,บางนา,2,ห้องชุด/คอนโด,,,32.06,"158,015,811,594,159,000,000,000,000,000,000,000,000",7/11/2026 3:45
not_found,LandsMaps ไม่พบโฉนด,10835,10_47_1581,10,47,1581,กรุงเทพมหานคร,บางนา,2,ห้องชุด/คอนโด,,,32.06,"158,015,811,594,159,000,000,000,000,000,000,000,000",7/11/2026 3:45
not_found,LandsMaps ไม่พบโฉนด,10835,10_47_1594,10,47,1594,กรุงเทพมหานคร,บางนา,2,ห้องชุด/คอนโด,,,32.06,"158,015,811,594,159,000,000,000,000,000,000,000,000",7/11/2026 3:45
not_found,LandsMaps ไม่พบโฉนด,10835,10_47_1595,10,47,1595,กรุงเทพมหานคร,บางนา,2,ห้องชุด/คอนโด,,,32.06,"158,015,811,594,159,000,000,000,000,000,000,000,000",7/11/2026 3:45
not_found,LandsMaps ไม่พบโฉนด,10835,10_47_52140,10,47,52140,กรุงเทพมหานคร,บางนา,2,ห้องชุด/คอนโด,,,32.06,"158,015,811,594,159,000,000,000,000,000,000,000,000",7/11/2026 3:45
not_found,LandsMaps ไม่พบโฉนด,10835,10_47_163915,10,47,163915,กรุงเทพมหานคร,บางนา,2,ห้องชุด/คอนโด,,,32.06,"158,015,811,594,159,000,000,000,000,000,000,000,000",7/11/2026 3:45
not_found,LandsMaps ไม่พบโฉนด,10835,10_47_163916,10,47,163916,กรุงเทพมหานคร,บางนา,2,ห้องชุด/คอนโด,,,32.06,"158,015,811,594,159,000,000,000,000,000,000,000,000",7/11/2026 3:45
not_found,LandsMaps ไม่พบโฉนด,10835,10_47_197763,10,47,197763,กรุงเทพมหานคร,บางนา,2,ห้องชุด/คอนโด,,,32.06,"158,015,811,594,159,000,000,000,000,000,000,000,000",7/11/2026 3:45
not_found,LandsMaps ไม่พบโฉนด,10836,10_09_1433,10,9,1433,กรุงเทพมหานคร,พระโขนง,1,ที่ดินเปล่า,2,2,80,1433,7/11/2026 3:46
not_found,LandsMaps ไม่พบโฉนด,10837,10_47_3061,10,47,3061,กรุงเทพมหานคร,บางนา,2,ห้องชุด/คอนโด,,,26.13,"30,613,062",7/11/2026 3:46
not_found,LandsMaps ไม่พบโฉนด,10837,10_47_3062,10,47,3062,กรุงเทพมหานคร,บางนา,2,ห้องชุด/คอนโด,,,26.13,"30,613,062",7/11/2026 3:46
not_found,LandsMaps ไม่พบโฉนด,10838,10_47_1772,10,47,1772,กรุงเทพมหานคร,บางนา,2,ห้องชุด/คอนโด,,,40.39,"17,722,276",7/11/2026 3:46
not_found,LandsMaps ไม่พบโฉนด,10838,10_47_2276,10,47,2276,กรุงเทพมหานคร,บางนา,2,ห้องชุด/คอนโด,,,40.39,"17,722,276",7/11/2026 3:46
not_found,LandsMaps ไม่พบโฉนด,10839,10_34_15884,10,34,15884,กรุงเทพมหานคร,สวนหลวง,3,ที่ดิน+สิ่งปลูกสร้าง,,,76.8,15884,7/11/2026 3:46
not_found,LandsMaps ไม่พบโฉนด,10840,10_09_248736,10,9,248736,กรุงเทพมหานคร,พระโขนง,3,ที่ดิน+สิ่งปลูกสร้าง,,,24,248736,7/11/2026 3:46
not_found,LandsMaps ไม่พบโฉนด,10841,10_32_54548,10,32,54548,กรุงเทพมหานคร,ประเวศ,3,ที่ดิน+สิ่งปลูกสร้าง,,,64.8,54548,7/11/2026 3:46
not_found,LandsMaps ไม่พบโฉนด,10842,10_47_3728,10,47,3728,กรุงเทพมหานคร,บางนา,2,ห้องชุด/คอนโด,,,25.02,"37,283,729",7/11/2026 3:46
not_found,LandsMaps ไม่พบโฉนด,10842,10_47_3729,10,47,3729,กรุงเทพมหานคร,บางนา,2,ห้องชุด/คอนโด,,,25.02,"37,283,729",7/11/2026 3:46
not_found,LandsMaps ไม่พบโฉนด,10843,10_32_41077,10,32,41077,กรุงเทพมหานคร,ประเวศ,2,ห้องชุด/คอนโด,,,22.54,41077,7/11/2026 3:46
not_found,LandsMaps ไม่พบโฉนด,10844,10_47_3395,10,47,3395,กรุงเทพมหานคร,บางนา,2,ห้องชุด/คอนโด,,,25.85,"339,521,352",7/11/2026 3:46
not_found,LandsMaps ไม่พบโฉนด,10844,10_47_21352,10,47,21352,กรุงเทพมหานคร,บางนา,2,ห้องชุด/คอนโด,,,25.85,"339,521,352",7/11/2026 3:46
not_found,LandsMaps ไม่พบโฉนด,10845,10_09_115160,10,9,115160,กรุงเทพมหานคร,พระโขนง,2,ห้องชุด/คอนโด,,,28.99,115160,7/11/2026 3:46
not_found,LandsMaps ไม่พบโฉนด,10846,10_34_8380,10,34,8380,กรุงเทพมหานคร,สวนหลวง,2,ห้องชุด/คอนโด,,,31.28,8380,7/11/2026 3:46
not_found,LandsMaps ไม่พบโฉนด,10847,10_09_189489,10,9,189489,กรุงเทพมหานคร,พระโขนง,1,ที่ดินเปล่า,,,50,189489,7/11/2026 3:46
not_found,LandsMaps ไม่พบโฉนด,10848,10_09_16996,10,9,16996,กรุงเทพมหานคร,พระโขนง,2,ห้องชุด/คอนโด,,,24.12,"169,961,699,756,480",7/11/2026 3:46
not_found,LandsMaps ไม่พบโฉนด,10848,10_09_16997,10,9,16997,กรุงเทพมหานคร,พระโขนง,2,ห้องชุด/คอนโด,,,24.12,"169,961,699,756,480",7/11/2026 3:46
not_found,LandsMaps ไม่พบโฉนด,10848,10_09_56480,10,9,56480,กรุงเทพมหานคร,พระโขนง,2,ห้องชุด/คอนโด,,,24.12,"169,961,699,756,480",7/11/2026 3:46
not_found,LandsMaps ไม่พบโฉนด,10849,10_09_64880,10,9,64880,กรุงเทพมหานคร,พระโขนง,3,ที่ดิน+สิ่งปลูกสร้าง,,,33,64880,7/11/2026 3:46
not_found,LandsMaps ไม่พบโฉนด,10850,10_09_236085,10,9,236085,กรุงเทพมหานคร,พระโขนง,3,ที่ดิน+สิ่งปลูกสร้าง,,,25,236085,7/11/2026 3:46
not_found,LandsMaps ไม่พบโฉนด,10851,10_47_3454,10,47,3454,กรุงเทพมหานคร,บางนา,2,ห้องชุด/คอนโด,,,25.09,3454,7/11/2026 3:46
not_found,LandsMaps ไม่พบโฉนด,10852,10_09_49719,10,9,49719,กรุงเทพมหานคร,พระโขนง,2,ห้องชุด/คอนโด,,,35.12,"4,971,949,898",7/11/2026 3:46
not_found,LandsMaps ไม่พบโฉนด,10852,10_09_49898,10,9,49898,กรุงเทพมหานคร,พระโขนง,2,ห้องชุด/คอนโด,,,35.12,"4,971,949,898",7/11/2026 3:46
not_found,LandsMaps ไม่พบโฉนด,10853,10_47_2479,10,47,2479,กรุงเทพมหานคร,บางนา,2,ห้องชุด/คอนโด,,,30.4,2479,7/11/2026 3:46
not_found,LandsMaps ไม่พบโฉนด,10854,10_32_245063,10,32,245063,กรุงเทพมหานคร,ประเวศ,2,ห้องชุด/คอนโด,,,25.48,"1569-79,1601-02,3497,245063,245064",7/11/2026 3:46
not_found,LandsMaps ไม่พบโฉนด,10854,10_32_245064,10,32,245064,กรุงเทพมหานคร,ประเวศ,2,ห้องชุด/คอนโด,,,25.48,"1569-79,1601-02,3497,245063,245064",7/11/2026 3:46
not_found,LandsMaps ไม่พบโฉนด,10855,10_09_80235,10,9,80235,กรุงเทพมหานคร,พระโขนง,3,ที่ดิน+สิ่งปลูกสร้าง,,,14,80235,7/11/2026 3:46
not_found,LandsMaps ไม่พบโฉนด,10856,10_09_80236,10,9,80236,กรุงเทพมหานคร,พระโขนง,3,ที่ดิน+สิ่งปลูกสร้าง,,,14,80236,7/11/2026 3:46
not_found,LandsMaps ไม่พบโฉนด,10857,10_09_80237,10,9,80237,กรุงเทพมหานคร,พระโขนง,3,ที่ดิน+สิ่งปลูกสร้าง,,,14,80237,7/11/2026 3:46
not_found,LandsMaps ไม่พบโฉนด,10858,10_09_80238,10,9,80238,กรุงเทพมหานคร,พระโขนง,3,ที่ดิน+สิ่งปลูกสร้าง,,,14,80238,7/11/2026 3:46
not_found,LandsMaps ไม่พบโฉนด,10859,10_34_19320,10,34,19320,กรุงเทพมหานคร,สวนหลวง,2,ห้องชุด/คอนโด,,,26.58,"19320, 19321 (บางส่วน)",7/11/2026 3:46
not_found,LandsMaps ไม่พบโฉนด,10859,10_34_19321,10,34,19321,กรุงเทพมหานคร,สวนหลวง,2,ห้องชุด/คอนโด,,,26.58,"19320, 19321 (บางส่วน)",7/11/2026 3:46
not_found,LandsMaps ไม่พบโฉนด,10860,10_32_19633,10,32,19633,กรุงเทพมหานคร,ประเวศ,3,ที่ดิน+สิ่งปลูกสร้าง,,,23.9,19633,7/11/2026 3:46
not_found,LandsMaps ไม่พบโฉนด,10861,10_34_5417,10,34,5417,กรุงเทพมหานคร,สวนหลวง,2,ห้องชุด/คอนโด,,,219.37,5417,7/11/2026 3:46
not_found,LandsMaps ไม่พบโฉนด,10862,10_34_5986,10,34,5986,กรุงเทพมหานคร,สวนหลวง,2,ห้องชุด/คอนโด,,,45.54,5986,7/11/2026 3:46
not_found,LandsMaps ไม่พบโฉนด,10863,10_32_35121,10,32,35121,กรุงเทพมหานคร,ประเวศ,2,ห้องชุด/คอนโด,,,23.79,"3,512,135,127",7/11/2026 3:46
not_found,LandsMaps ไม่พบโฉนด,10863,10_32_35127,10,32,35127,กรุงเทพมหานคร,ประเวศ,2,ห้องชุด/คอนโด,,,23.79,"3,512,135,127",7/11/2026 3:46
not_found,LandsMaps ไม่พบโฉนด,10864,10_47_1884,10,47,1884,กรุงเทพมหานคร,บางนา,2,ห้องชุด/คอนโด,,,28.84,"18,841,885",7/11/2026 3:46
not_found,LandsMaps ไม่พบโฉนด,10864,10_47_1885,10,47,1885,กรุงเทพมหานคร,บางนา,2,ห้องชุด/คอนโด,,,28.84,"18,841,885",7/11/2026 3:46
not_found,LandsMaps ไม่พบโฉนด,10865,10_32_96119,10,32,96119,กรุงเทพมหานคร,ประเวศ,3,ที่ดิน+สิ่งปลูกสร้าง,1,,11,96119,7/11/2026 3:46
not_found,LandsMaps ไม่พบโฉนด,10866,10_32_18623,10,32,18623,กรุงเทพมหานคร,ประเวศ,2,ห้องชุด/คอนโด,,,24.11,18623,7/11/2026 3:46
not_found,LandsMaps ไม่พบโฉนด,10867,10_34_10247,10,34,10247,กรุงเทพมหานคร,สวนหลวง,2,ห้องชุด/คอนโด,,,31.11,"1,024,710,248",7/11/2026 3:46
not_found,LandsMaps ไม่พบโฉนด,10867,10_34_10248,10,34,10248,กรุงเทพมหานคร,สวนหลวง,2,ห้องชุด/คอนโด,,,31.11,"1,024,710,248",7/11/2026 3:46
not_found,LandsMaps ไม่พบโฉนด,10868,10_34_5374,10,34,5374,กรุงเทพมหานคร,สวนหลวง,2,ห้องชุด/คอนโด,,,35.44,5374,7/11/2026 3:46
not_found,LandsMaps ไม่พบโฉนด,10869,10_32_33277,10,32,33277,กรุงเทพมหานคร,ประเวศ,3,ที่ดิน+สิ่งปลูกสร้าง,,,21.8,33277,7/11/2026 3:46
not_found,LandsMaps ไม่พบโฉนด,10870,10_32_62452,10,32,62452,กรุงเทพมหานคร,ประเวศ,2,ห้องชุด/คอนโด,,,31,"6,245,262,453",7/11/2026 3:46
not_found,LandsMaps ไม่พบโฉนด,10870,10_32_62453,10,32,62453,กรุงเทพมหานคร,ประเวศ,2,ห้องชุด/คอนโด,,,31,"6,245,262,453",7/11/2026 3:46
not_found,LandsMaps ไม่พบโฉนด,10872,10_32_245063,10,32,245063,กรุงเทพมหานคร,ประเวศ,2,ห้องชุด/คอนโด,,,24.76,"1569-1579,1601,1602,3497,245063,245064",7/11/2026 3:46
not_found,LandsMaps ไม่พบโฉนด,10872,10_32_245064,10,32,245064,กรุงเทพมหานคร,ประเวศ,2,ห้องชุด/คอนโด,,,24.76,"1569-1579,1601,1602,3497,245063,245064",7/11/2026 3:46
not_found,LandsMaps ไม่พบโฉนด,10873,10_32_24292,10,32,24292,กรุงเทพมหานคร,ประเวศ,3,ที่ดิน+สิ่งปลูกสร้าง,,,28.1,24292,7/11/2026 3:46
not_found,LandsMaps ไม่พบโฉนด,10874,10_47_2479,10,47,2479,กรุงเทพมหานคร,บางนา,2,ห้องชุด/คอนโด,,,30.39,2479,7/11/2026 3:46
not_found,LandsMaps ไม่พบโฉนด,10875,10_34_11925,10,34,11925,กรุงเทพมหานคร,สวนหลวง,2,ห้องชุด/คอนโด,,,22.54,"1,192,516,341,163,420,000,000,000",7/11/2026 3:46
not_found,LandsMaps ไม่พบโฉนด,10875,10_34_16341,10,34,16341,กรุงเทพมหานคร,สวนหลวง,2,ห้องชุด/คอนโด,,,22.54,"1,192,516,341,163,420,000,000,000",7/11/2026 3:46
not_found,LandsMaps ไม่พบโฉนด,10875,10_34_16342,10,34,16342,กรุงเทพมหานคร,สวนหลวง,2,ห้องชุด/คอนโด,,,22.54,"1,192,516,341,163,420,000,000,000",7/11/2026 3:46
not_found,LandsMaps ไม่พบโฉนด,10875,10_34_16343,10,34,16343,กรุงเทพมหานคร,สวนหลวง,2,ห้องชุด/คอนโด,,,22.54,"1,192,516,341,163,420,000,000,000",7/11/2026 3:46
not_found,LandsMaps ไม่พบโฉนด,10875,10_34_16344,10,34,16344,กรุงเทพมหานคร,สวนหลวง,2,ห้องชุด/คอนโด,,,22.54,"1,192,516,341,163,420,000,000,000",7/11/2026 3:46
not_found,LandsMaps ไม่พบโฉนด,10876,10_34_201443,10,34,201443,กรุงเทพมหานคร,สวนหลวง,2,ห้องชุด/คอนโด,,,38.76,201443,7/11/2026 3:46
not_found,LandsMaps ไม่พบโฉนด,10877,10_09_16996,10,9,16996,กรุงเทพมหานคร,พระโขนง,2,ห้องชุด/คอนโด,,,28.1,"169,961,699,756,480",7/11/2026 3:46
not_found,LandsMaps ไม่พบโฉนด,10877,10_09_16997,10,9,16997,กรุงเทพมหานคร,พระโขนง,2,ห้องชุด/คอนโด,,,28.1,"169,961,699,756,480",7/11/2026 3:46
not_found,LandsMaps ไม่พบโฉนด,10877,10_09_56480,10,9,56480,กรุงเทพมหานคร,พระโขนง,2,ห้องชุด/คอนโด,,,28.1,"169,961,699,756,480",7/11/2026 3:46
not_found,LandsMaps ไม่พบโฉนด,10878,10_09_72175,10,9,72175,กรุงเทพมหานคร,พระโขนง,2,ห้องชุด/คอนโด,,,380.49,"72,175,115,143,139,500",7/11/2026 3:46
not_found,LandsMaps ไม่พบโฉนด,10878,10_09_115143,10,9,115143,กรุงเทพมหานคร,พระโขนง,2,ห้องชุด/คอนโด,,,380.49,"72,175,115,143,139,500",7/11/2026 3:46
not_found,LandsMaps ไม่พบโฉนด,10878,10_09_139557,10,9,139557,กรุงเทพมหานคร,พระโขนง,2,ห้องชุด/คอนโด,,,380.49,"72,175,115,143,139,500",7/11/2026 3:46
not_found,LandsMaps ไม่พบโฉนด,10879,10_09_149125,10,9,149125,กรุงเทพมหานคร,พระโขนง,3,ที่ดิน+สิ่งปลูกสร้าง,,,35,149125,7/11/2026 3:46
not_found,LandsMaps ไม่พบโฉนด,10880,10_09_149126,10,9,149126,กรุงเทพมหานคร,พระโขนง,3,ที่ดิน+สิ่งปลูกสร้าง,,,20,149126,7/11/2026 3:46
not_found,LandsMaps ไม่พบโฉนด,10980,10_32_41309,10,32,41309,กรุงเทพมหานคร,ประเวศ,2,ห้องชุด/คอนโด,,,23.1,"41,309,413,104,131,100,000",7/11/2026 3:46
not_found,LandsMaps ไม่พบโฉนด,10980,10_32_41310,10,32,41310,กรุงเทพมหานคร,ประเวศ,2,ห้องชุด/คอนโด,,,23.1,"41,309,413,104,131,100,000",7/11/2026 3:46
not_found,LandsMaps ไม่พบโฉนด,10980,10_32_41311,10,32,41311,กรุงเทพมหานคร,ประเวศ,2,ห้องชุด/คอนโด,,,23.1,"41,309,413,104,131,100,000",7/11/2026 3:46
not_found,LandsMaps ไม่พบโฉนด,10980,10_32_41312,10,32,41312,กรุงเทพมหานคร,ประเวศ,2,ห้องชุด/คอนโด,,,23.1,"41,309,413,104,131,100,000",7/11/2026 3:46
not_found,LandsMaps ไม่พบโฉนด,10981,10_34_15683,10,34,15683,กรุงเทพมหานคร,สวนหลวง,2,ห้องชุด/คอนโด,,,28.78,"156,831,568,415,685,000,000,000,000,000,000,000,000,000,000",7/11/2026 3:46
not_found,LandsMaps ไม่พบโฉนด,10981,10_34_15684,10,34,15684,กรุงเทพมหานคร,สวนหลวง,2,ห้องชุด/คอนโด,,,28.78,"156,831,568,415,685,000,000,000,000,000,000,000,000,000,000",7/11/2026 3:46
not_found,LandsMaps ไม่พบโฉนด,10981,10_34_15685,10,34,15685,กรุงเทพมหานคร,สวนหลวง,2,ห้องชุด/คอนโด,,,28.78,"156,831,568,415,685,000,000,000,000,000,000,000,000,000,000",7/11/2026 3:46
not_found,LandsMaps ไม่พบโฉนด,10981,10_34_15686,10,34,15686,กรุงเทพมหานคร,สวนหลวง,2,ห้องชุด/คอนโด,,,28.78,"156,831,568,415,685,000,000,000,000,000,000,000,000,000,000",7/11/2026 3:46
not_found,LandsMaps ไม่พบโฉนด,10981,10_34_15687,10,34,15687,กรุงเทพมหานคร,สวนหลวง,2,ห้องชุด/คอนโด,,,28.78,"156,831,568,415,685,000,000,000,000,000,000,000,000,000,000",7/11/2026 3:46
not_found,LandsMaps ไม่พบโฉนด,10981,10_34_15688,10,34,15688,กรุงเทพมหานคร,สวนหลวง,2,ห้องชุด/คอนโด,,,28.78,"156,831,568,415,685,000,000,000,000,000,000,000,000,000,000",7/11/2026 3:46
not_found,LandsMaps ไม่พบโฉนด,10981,10_34_15689,10,34,15689,กรุงเทพมหานคร,สวนหลวง,2,ห้องชุด/คอนโด,,,28.78,"156,831,568,415,685,000,000,000,000,000,000,000,000,000,000",7/11/2026 3:46
not_found,LandsMaps ไม่พบโฉนด,10981,10_34_15690,10,34,15690,กรุงเทพมหานคร,สวนหลวง,2,ห้องชุด/คอนโด,,,28.78,"156,831,568,415,685,000,000,000,000,000,000,000,000,000,000",7/11/2026 3:46
not_found,LandsMaps ไม่พบโฉนด,10981,10_34_15691,10,34,15691,กรุงเทพมหานคร,สวนหลวง,2,ห้องชุด/คอนโด,,,28.78,"156,831,568,415,685,000,000,000,000,000,000,000,000,000,000",7/11/2026 3:46
not_found,LandsMaps ไม่พบโฉนด,10982,10_47_1884,10,47,1884,กรุงเทพมหานคร,บางนา,2,ห้องชุด/คอนโด,,,47.73,"18,841,885",7/11/2026 3:46
not_found,LandsMaps ไม่พบโฉนด,10982,10_47_1885,10,47,1885,กรุงเทพมหานคร,บางนา,2,ห้องชุด/คอนโด,,,47.73,"18,841,885",7/11/2026 3:46
not_found,LandsMaps ไม่พบโฉนด,10983,10_34_18607,10,34,18607,กรุงเทพมหานคร,สวนหลวง,3,ที่ดิน+สิ่งปลูกสร้าง,,,20,18607,7/11/2026 3:46
not_found,LandsMaps ไม่พบโฉนด,10984,10_47_1676,10,47,1676,กรุงเทพมหานคร,บางนา,2,ห้องชุด/คอนโด,,,35.22,1676,7/11/2026 3:47
not_found,LandsMaps ไม่พบโฉนด,10985,10_47_2968,10,47,2968,กรุงเทพมหานคร,บางนา,2,ห้องชุด/คอนโด,,,40.58,2968,7/11/2026 3:47
not_found,LandsMaps ไม่พบโฉนด,10986,10_34_8531,10,34,8531,กรุงเทพมหานคร,สวนหลวง,2,ห้องชุด/คอนโด,,,22.65,"85,311,111,111,112,100,000,000,000,000,000,000",7/11/2026 3:47
not_found,LandsMaps ไม่พบโฉนด,10986,10_34_11111,10,34,11111,กรุงเทพมหานคร,สวนหลวง,2,ห้องชุด/คอนโด,,,22.65,"85,311,111,111,112,100,000,000,000,000,000,000",7/11/2026 3:47
not_found,LandsMaps ไม่พบโฉนด,10986,10_34_11112,10,34,11112,กรุงเทพมหานคร,สวนหลวง,2,ห้องชุด/คอนโด,,,22.65,"85,311,111,111,112,100,000,000,000,000,000,000",7/11/2026 3:47
not_found,LandsMaps ไม่พบโฉนด,10986,10_34_11113,10,34,11113,กรุงเทพมหานคร,สวนหลวง,2,ห้องชุด/คอนโด,,,22.65,"85,311,111,111,112,100,000,000,000,000,000,000",7/11/2026 3:47
not_found,LandsMaps ไม่พบโฉนด,10986,10_34_11114,10,34,11114,กรุงเทพมหานคร,สวนหลวง,2,ห้องชุด/คอนโด,,,22.65,"85,311,111,111,112,100,000,000,000,000,000,000",7/11/2026 3:47
not_found,LandsMaps ไม่พบโฉนด,10986,10_34_11115,10,34,11115,กรุงเทพมหานคร,สวนหลวง,2,ห้องชุด/คอนโด,,,22.65,"85,311,111,111,112,100,000,000,000,000,000,000",7/11/2026 3:47
not_found,LandsMaps ไม่พบโฉนด,10986,10_34_155084,10,34,155084,กรุงเทพมหานคร,สวนหลวง,2,ห้องชุด/คอนโด,,,22.65,"85,311,111,111,112,100,000,000,000,000,000,000",7/11/2026 3:47
not_found,LandsMaps ไม่พบโฉนด,10987,10_47_1580,10,47,1580,กรุงเทพมหานคร,บางนา,2,ห้องชุด/คอนโด,,,32.07,"158,015,811,594,159,000,000,000,000,000,000,000,000",7/11/2026 3:47
not_found,LandsMaps ไม่พบโฉนด,10987,10_47_1581,10,47,1581,กรุงเทพมหานคร,บางนา,2,ห้องชุด/คอนโด,,,32.07,"158,015,811,594,159,000,000,000,000,000,000,000,000",7/11/2026 3:47
not_found,LandsMaps ไม่พบโฉนด,10987,10_47_1594,10,47,1594,กรุงเทพมหานคร,บางนา,2,ห้องชุด/คอนโด,,,32.07,"158,015,811,594,159,000,000,000,000,000,000,000,000",7/11/2026 3:47
not_found,LandsMaps ไม่พบโฉนด,10987,10_47_1595,10,47,1595,กรุงเทพมหานคร,บางนา,2,ห้องชุด/คอนโด,,,32.07,"158,015,811,594,159,000,000,000,000,000,000,000,000",7/11/2026 3:47
not_found,LandsMaps ไม่พบโฉนด,10987,10_47_52140,10,47,52140,กรุงเทพมหานคร,บางนา,2,ห้องชุด/คอนโด,,,32.07,"158,015,811,594,159,000,000,000,000,000,000,000,000",7/11/2026 3:47
not_found,LandsMaps ไม่พบโฉนด,10987,10_47_163915,10,47,163915,กรุงเทพมหานคร,บางนา,2,ห้องชุด/คอนโด,,,32.07,"158,015,811,594,159,000,000,000,000,000,000,000,000",7/11/2026 3:47
not_found,LandsMaps ไม่พบโฉนด,10987,10_47_163916,10,47,163916,กรุงเทพมหานคร,บางนา,2,ห้องชุด/คอนโด,,,32.07,"158,015,811,594,159,000,000,000,000,000,000,000,000",7/11/2026 3:47
not_found,LandsMaps ไม่พบโฉนด,10987,10_47_197763,10,47,197763,กรุงเทพมหานคร,บางนา,2,ห้องชุด/คอนโด,,,32.07,"158,015,811,594,159,000,000,000,000,000,000,000,000",7/11/2026 3:47
not_found,LandsMaps ไม่พบโฉนด,10988,10_09_126575,10,9,126575,กรุงเทพมหานคร,พระโขนง,2,ห้องชุด/คอนโด,,,45.567,126575,7/11/2026 3:47
not_found,LandsMaps ไม่พบโฉนด,10989,10_09_126575,10,9,126575,กรุงเทพมหานคร,พระโขนง,2,ห้องชุด/คอนโด,,,45.567,126575,7/11/2026 3:47
not_found,LandsMaps ไม่พบโฉนด,10990,10_09_126575,10,9,126575,กรุงเทพมหานคร,พระโขนง,2,ห้องชุด/คอนโด,,,58.382,126575,7/11/2026 3:47
not_found,LandsMaps ไม่พบโฉนด,10991,10_09_126575,10,9,126575,กรุงเทพมหานคร,พระโขนง,2,ห้องชุด/คอนโด,,,58.422,126575,7/11/2026 3:47
not_found,LandsMaps ไม่พบโฉนด,10992,10_09_126575,10,9,126575,กรุงเทพมหานคร,พระโขนง,2,ห้องชุด/คอนโด,,,58.422,126575,7/11/2026 3:47
not_found,LandsMaps ไม่พบโฉนด,10993,10_09_126575,10,9,126575,กรุงเทพมหานคร,พระโขนง,2,ห้องชุด/คอนโด,,,58.382,126575,7/11/2026 3:47
not_found,LandsMaps ไม่พบโฉนด,10994,10_09_126575,10,9,126575,กรุงเทพมหานคร,พระโขนง,2,ห้องชุด/คอนโด,,,58.382,126575,7/11/2026 3:47
not_found,LandsMaps ไม่พบโฉนด,10995,10_09_126575,10,9,126575,กรุงเทพมหานคร,พระโขนง,2,ห้องชุด/คอนโด,,,84.155,126575,7/11/2026 3:47
not_found,LandsMaps ไม่พบโฉนด,10996,10_09_126575,10,9,126575,กรุงเทพมหานคร,พระโขนง,2,ห้องชุด/คอนโด,,,58.422,126575,7/11/2026 3:47
not_found,LandsMaps ไม่พบโฉนด,10997,10_09_126575,10,9,126575,กรุงเทพมหานคร,พระโขนง,2,ห้องชุด/คอนโด,,,58.382,126575,7/11/2026 3:47
not_found,LandsMaps ไม่พบโฉนด,10998,10_09_126575,10,9,126575,กรุงเทพมหานคร,พระโขนง,2,ห้องชุด/คอนโด,,,83.407,126575,7/11/2026 3:47
not_found,LandsMaps ไม่พบโฉนด,10999,10_09_126575,10,9,126575,กรุงเทพมหานคร,พระโขนง,2,ห้องชุด/คอนโด,,,58.382,126575,7/11/2026 3:47
not_found,LandsMaps ไม่พบโฉนด,11000,10_09_13471,10,9,13471,กรุงเทพมหานคร,พระโขนง,2,ห้องชุด/คอนโด,,,35.37,"134,711,347,268,109",7/11/2026 3:47
not_found,LandsMaps ไม่พบโฉนด,11000,10_09_13472,10,9,13472,กรุงเทพมหานคร,พระโขนง,2,ห้องชุด/คอนโด,,,35.37,"134,711,347,268,109",7/11/2026 3:47
not_found,LandsMaps ไม่พบโฉนด,11000,10_09_68109,10,9,68109,กรุงเทพมหานคร,พระโขนง,2,ห้องชุด/คอนโด,,,35.37,"134,711,347,268,109",7/11/2026 3:47
not_found,LandsMaps ไม่พบโฉนด,11001,10_34_19975,10,34,19975,กรุงเทพมหานคร,สวนหลวง,2,ห้องชุด/คอนโด,,,28.71,19975,7/11/2026 3:47
not_found,LandsMaps ไม่พบโฉนด,11003,10_47_1903,10,47,1903,กรุงเทพมหานคร,บางนา,2,ห้องชุด/คอนโด,,,33.93,1903,7/11/2026 3:47
not_found,LandsMaps ไม่พบโฉนด,11004,10_09_152022,10,9,152022,กรุงเทพมหานคร,พระโขนง,3,ที่ดิน+สิ่งปลูกสร้าง,,,14,152022,7/11/2026 3:47
not_found,LandsMaps ไม่พบโฉนด,11005,10_09_31599,10,9,31599,กรุงเทพมหานคร,พระโขนง,2,ห้องชุด/คอนโด,,,36.99,31599,7/11/2026 3:47
not_found,LandsMaps ไม่พบโฉนด,11006,10_47_1789,10,47,1789,กรุงเทพมหานคร,บางนา,2,ห้องชุด/คอนโด,,,30.56,"1789,2249-2255,2258,2261-2265,2267",7/11/2026 3:47
not_found,LandsMaps ไม่พบโฉนด,11006,10_47_2249,10,47,2249,กรุงเทพมหานคร,บางนา,2,ห้องชุด/คอนโด,,,30.56,"1789,2249-2255,2258,2261-2265,2267",7/11/2026 3:47
not_found,LandsMaps ไม่พบโฉนด,11006,10_47_2250,10,47,2250,กรุงเทพมหานคร,บางนา,2,ห้องชุด/คอนโด,,,30.56,"1789,2249-2255,2258,2261-2265,2267",7/11/2026 3:47
not_found,LandsMaps ไม่พบโฉนด,11006,10_47_2251,10,47,2251,กรุงเทพมหานคร,บางนา,2,ห้องชุด/คอนโด,,,30.56,"1789,2249-2255,2258,2261-2265,2267",7/11/2026 3:47
not_found,LandsMaps ไม่พบโฉนด,11006,10_47_2252,10,47,2252,กรุงเทพมหานคร,บางนา,2,ห้องชุด/คอนโด,,,30.56,"1789,2249-2255,2258,2261-2265,2267",7/11/2026 3:47
not_found,LandsMaps ไม่พบโฉนด,11006,10_47_2253,10,47,2253,กรุงเทพมหานคร,บางนา,2,ห้องชุด/คอนโด,,,30.56,"1789,2249-2255,2258,2261-2265,2267",7/11/2026 3:47
not_found,LandsMaps ไม่พบโฉนด,11006,10_47_2254,10,47,2254,กรุงเทพมหานคร,บางนา,2,ห้องชุด/คอนโด,,,30.56,"1789,2249-2255,2258,2261-2265,2267",7/11/2026 3:47
not_found,LandsMaps ไม่พบโฉนด,11006,10_47_2255,10,47,2255,กรุงเทพมหานคร,บางนา,2,ห้องชุด/คอนโด,,,30.56,"1789,2249-2255,2258,2261-2265,2267",7/11/2026 3:47
not_found,LandsMaps ไม่พบโฉนด,11006,10_47_2258,10,47,2258,กรุงเทพมหานคร,บางนา,2,ห้องชุด/คอนโด,,,30.56,"1789,2249-2255,2258,2261-2265,2267",7/11/2026 3:47
not_found,LandsMaps ไม่พบโฉนด,11006,10_47_2261,10,47,2261,กรุงเทพมหานคร,บางนา,2,ห้องชุด/คอนโด,,,30.56,"1789,2249-2255,2258,2261-2265,2267",7/11/2026 3:47
not_found,LandsMaps ไม่พบโฉนด,11006,10_47_2262,10,47,2262,กรุงเทพมหานคร,บางนา,2,ห้องชุด/คอนโด,,,30.56,"1789,2249-2255,2258,2261-2265,2267",7/11/2026 3:47
not_found,LandsMaps ไม่พบโฉนด,11006,10_47_2263,10,47,2263,กรุงเทพมหานคร,บางนา,2,ห้องชุด/คอนโด,,,30.56,"1789,2249-2255,2258,2261-2265,2267",7/11/2026 3:47
not_found,LandsMaps ไม่พบโฉนด,11006,10_47_2264,10,47,2264,กรุงเทพมหานคร,บางนา,2,ห้องชุด/คอนโด,,,30.56,"1789,2249-2255,2258,2261-2265,2267",7/11/2026 3:47
not_found,LandsMaps ไม่พบโฉนด,11006,10_47_2265,10,47,2265,กรุงเทพมหานคร,บางนา,2,ห้องชุด/คอนโด,,,30.56,"1789,2249-2255,2258,2261-2265,2267",7/11/2026 3:47
not_found,LandsMaps ไม่พบโฉนด,11006,10_47_2267,10,47,2267,กรุงเทพมหานคร,บางนา,2,ห้องชุด/คอนโด,,,30.56,"1789,2249-2255,2258,2261-2265,2267",7/11/2026 3:47
not_found,LandsMaps ไม่พบโฉนด,11007,10_32_53210,10,32,53210,กรุงเทพมหานคร,ประเวศ,3,ที่ดิน+สิ่งปลูกสร้าง,,,16.3,53210,7/11/2026 3:47
not_found,LandsMaps ไม่พบโฉนด,11008,10_32_41205,10,32,41205,กรุงเทพมหานคร,ประเวศ,2,ห้องชุด/คอนโด,,,32.94,41205,7/11/2026 3:47
not_found,LandsMaps ไม่พบโฉนด,11009,10_32_10535,10,32,10535,กรุงเทพมหานคร,ประเวศ,3,ที่ดิน+สิ่งปลูกสร้าง,,,46,10535,7/11/2026 3:47
not_found,LandsMaps ไม่พบโฉนด,11010,10_34_8776,10,34,8776,กรุงเทพมหานคร,สวนหลวง,2,ห้องชุด/คอนโด,,,22.54,"877,616,337,163,381,000,000,000",7/11/2026 3:47
not_found,LandsMaps ไม่พบโฉนด,11010,10_34_16337,10,34,16337,กรุงเทพมหานคร,สวนหลวง,2,ห้องชุด/คอนโด,,,22.54,"877,616,337,163,381,000,000,000",7/11/2026 3:47
not_found,LandsMaps ไม่พบโฉนด,11010,10_34_16338,10,34,16338,กรุงเทพมหานคร,สวนหลวง,2,ห้องชุด/คอนโด,,,22.54,"877,616,337,163,381,000,000,000",7/11/2026 3:47
not_found,LandsMaps ไม่พบโฉนด,11010,10_34_16339,10,34,16339,กรุงเทพมหานคร,สวนหลวง,2,ห้องชุด/คอนโด,,,22.54,"877,616,337,163,381,000,000,000",7/11/2026 3:47
not_found,LandsMaps ไม่พบโฉนด,11010,10_34_16340,10,34,16340,กรุงเทพมหานคร,สวนหลวง,2,ห้องชุด/คอนโด,,,22.54,"877,616,337,163,381,000,000,000",7/11/2026 3:47
not_found,LandsMaps ไม่พบโฉนด,11011,10_32_216107,10,32,216107,กรุงเทพมหานคร,ประเวศ(พระโขนง),2,ห้องชุด/คอนโด,,,25.71,216107,7/11/2026 3:47
not_found,LandsMaps ไม่พบโฉนด,11012,10_32_216107,10,32,216107,กรุงเทพมหานคร,ประเวศ (พระโขนง),2,ห้องชุด/คอนโด,,,25.71,216107,7/11/2026 3:47
not_found,LandsMaps ไม่พบโฉนด,11013,10_32_1798,10,32,1798,กรุงเทพมหานคร,ประเวศ,2,ห้องชุด/คอนโด,,,25.73,"1798,5386-5391,6309-6315",7/11/2026 3:47
not_found,LandsMaps ไม่พบโฉนด,11013,10_32_5386,10,32,5386,กรุงเทพมหานคร,ประเวศ,2,ห้องชุด/คอนโด,,,25.73,"1798,5386-5391,6309-6315",7/11/2026 3:47
not_found,LandsMaps ไม่พบโฉนด,11013,10_32_5387,10,32,5387,กรุงเทพมหานคร,ประเวศ,2,ห้องชุด/คอนโด,,,25.73,"1798,5386-5391,6309-6315",7/11/2026 3:47
not_found,LandsMaps ไม่พบโฉนด,11013,10_32_5388,10,32,5388,กรุงเทพมหานคร,ประเวศ,2,ห้องชุด/คอนโด,,,25.73,"1798,5386-5391,6309-6315",7/11/2026 3:47
not_found,LandsMaps ไม่พบโฉนด,11013,10_32_5389,10,32,5389,กรุงเทพมหานคร,ประเวศ,2,ห้องชุด/คอนโด,,,25.73,"1798,5386-5391,6309-6315",7/11/2026 3:47
not_found,LandsMaps ไม่พบโฉนด,11013,10_32_5390,10,32,5390,กรุงเทพมหานคร,ประเวศ,2,ห้องชุด/คอนโด,,,25.73,"1798,5386-5391,6309-6315",7/11/2026 3:47
not_found,LandsMaps ไม่พบโฉนด,11013,10_32_5391,10,32,5391,กรุงเทพมหานคร,ประเวศ,2,ห้องชุด/คอนโด,,,25.73,"1798,5386-5391,6309-6315",7/11/2026 3:47
not_found,LandsMaps ไม่พบโฉนด,11013,10_32_6309,10,32,6309,กรุงเทพมหานคร,ประเวศ,2,ห้องชุด/คอนโด,,,25.73,"1798,5386-5391,6309-6315",7/11/2026 3:47
not_found,LandsMaps ไม่พบโฉนด,11013,10_32_6310,10,32,6310,กรุงเทพมหานคร,ประเวศ,2,ห้องชุด/คอนโด,,,25.73,"1798,5386-5391,6309-6315",7/11/2026 3:47
not_found,LandsMaps ไม่พบโฉนด,11013,10_32_6311,10,32,6311,กรุงเทพมหานคร,ประเวศ,2,ห้องชุด/คอนโด,,,25.73,"1798,5386-5391,6309-6315",7/11/2026 3:47
not_found,LandsMaps ไม่พบโฉนด,11013,10_32_6312,10,32,6312,กรุงเทพมหานคร,ประเวศ,2,ห้องชุด/คอนโด,,,25.73,"1798,5386-5391,6309-6315",7/11/2026 3:47
not_found,LandsMaps ไม่พบโฉนด,11013,10_32_6313,10,32,6313,กรุงเทพมหานคร,ประเวศ,2,ห้องชุด/คอนโด,,,25.73,"1798,5386-5391,6309-6315",7/11/2026 3:47
not_found,LandsMaps ไม่พบโฉนด,11013,10_32_6314,10,32,6314,กรุงเทพมหานคร,ประเวศ,2,ห้องชุด/คอนโด,,,25.73,"1798,5386-5391,6309-6315",7/11/2026 3:47
not_found,LandsMaps ไม่พบโฉนด,11013,10_32_6315,10,32,6315,กรุงเทพมหานคร,ประเวศ,2,ห้องชุด/คอนโด,,,25.73,"1798,5386-5391,6309-6315",7/11/2026 3:47
not_found,LandsMaps ไม่พบโฉนด,11014,10_47_3061,10,47,3061,กรุงเทพมหานคร,บางนา,2,ห้องชุด/คอนโด,,,32.34,"30,613,062",7/11/2026 3:47
not_found,LandsMaps ไม่พบโฉนด,11014,10_47_3062,10,47,3062,กรุงเทพมหานคร,บางนา,2,ห้องชุด/คอนโด,,,32.34,"30,613,062",7/11/2026 3:47
not_found,LandsMaps ไม่พบโฉนด,11015,10_09_24582,10,9,24582,กรุงเทพมหานคร,พระโขนง,2,ห้องชุด/คอนโด,,,26.23,"2,458,224,584",7/11/2026 3:47
not_found,LandsMaps ไม่พบโฉนด,11015,10_09_24584,10,9,24584,กรุงเทพมหานคร,พระโขนง,2,ห้องชุด/คอนโด,,,26.23,"2,458,224,584",7/11/2026 3:47
not_found,LandsMaps ไม่พบโฉนด,11016,10_32_57775,10,32,57775,กรุงเทพมหานคร,ประเวศ,2,ห้องชุด/คอนโด,,,30.22,57775,7/11/2026 3:47
not_found,LandsMaps ไม่พบโฉนด,11017,10_32_24991,10,32,24991,กรุงเทพมหานคร,ประเวศ,3,ที่ดิน+สิ่งปลูกสร้าง,,,22,24991,7/11/2026 3:47
not_found,LandsMaps ไม่พบโฉนด,11018,10_32_245063,10,32,245063,กรุงเทพมหานคร,ประเวศ,2,ห้องชุด/คอนโด,,,25.48,"1569-1579,1601,1602,3497,245063,245064",7/11/2026 3:47
not_found,LandsMaps ไม่พบโฉนด,11018,10_32_245064,10,32,245064,กรุงเทพมหานคร,ประเวศ,2,ห้องชุด/คอนโด,,,25.48,"1569-1579,1601,1602,3497,245063,245064",7/11/2026 3:47
not_found,LandsMaps ไม่พบโฉนด,11019,10_32_245063,10,32,245063,กรุงเทพมหานคร,ประเวศ,2,ห้องชุด/คอนโด,,,25.48,"1569-1579,1601,1602,3497,245063,245064",7/11/2026 3:48
not_found,LandsMaps ไม่พบโฉนด,11019,10_32_245064,10,32,245064,กรุงเทพมหานคร,ประเวศ,2,ห้องชุด/คอนโด,,,25.48,"1569-1579,1601,1602,3497,245063,245064",7/11/2026 3:48
not_found,LandsMaps ไม่พบโฉนด,11020,10_32_11122,10,32,11122,กรุงเทพมหานคร,ประเวศ,2,ห้องชุด/คอนโด,,,25.8,11122,7/11/2026 3:48
not_found,LandsMaps ไม่พบโฉนด,11021,10_09_2420,10,9,2420,กรุงเทพมหานคร,พระโขนง,2,ห้องชุด/คอนโด,,,24.22,"2,420,249,173",7/11/2026 3:48
not_found,LandsMaps ไม่พบโฉนด,11021,10_09_249173,10,9,249173,กรุงเทพมหานคร,พระโขนง,2,ห้องชุด/คอนโด,,,24.22,"2,420,249,173",7/11/2026 3:48
not_found,LandsMaps ไม่พบโฉนด,11022,10_34_5374,10,34,5374,กรุงเทพมหานคร,สวนหลวง,2,ห้องชุด/คอนโด,,,28.54,5374,7/11/2026 3:48
not_found,LandsMaps ไม่พบโฉนด,11023,10_32_245063,10,32,245063,กรุงเทพมหานคร,ประเวศ,2,ห้องชุด/คอนโด,,,25.48,"1569-1579,1601,1602,3497,245063,245064",7/11/2026 3:48
not_found,LandsMaps ไม่พบโฉนด,11023,10_32_245064,10,32,245064,กรุงเทพมหานคร,ประเวศ,2,ห้องชุด/คอนโด,,,25.48,"1569-1579,1601,1602,3497,245063,245064",7/11/2026 3:48
not_found,LandsMaps ไม่พบโฉนด,11024,10_32_245063,10,32,245063,กรุงเทพมหานคร,ประเวศ,2,ห้องชุด/คอนโด,,,25.48,"1569-1579,1601,1602,3497,245063,245064",7/11/2026 3:48
not_found,LandsMaps ไม่พบโฉนด,11024,10_32_245064,10,32,245064,กรุงเทพมหานคร,ประเวศ,2,ห้องชุด/คอนโด,,,25.48,"1569-1579,1601,1602,3497,245063,245064",7/11/2026 3:48
not_found,LandsMaps ไม่พบโฉนด,11025,10_47_1760,10,47,1760,กรุงเทพมหานคร,บางนา,2,ห้องชุด/คอนโด,,,26.06,1760,7/11/2026 3:48
not_found,LandsMaps ไม่พบโฉนด,11026,10_09_251416,10,9,251416,กรุงเทพมหานคร,พระโขนง,2,ห้องชุด/คอนโด,,,34.9,"251416,5142 (บางส่วน)",7/11/2026 3:48
not_found,LandsMaps ไม่พบโฉนด,11026,10_09_5142,10,9,5142,กรุงเทพมหานคร,พระโขนง,2,ห้องชุด/คอนโด,,,34.9,"251416,5142 (บางส่วน)",7/11/2026 3:48
not_found,LandsMaps ไม่พบโฉนด,11027,10_09_206937,10,9,206937,กรุงเทพมหานคร,พระโขนง,3,ที่ดิน+สิ่งปลูกสร้าง,,,60,206937,7/11/2026 3:48
not_found,LandsMaps ไม่พบโฉนด,11028,10_09_206938,10,9,206938,กรุงเทพมหานคร,พระโขนง,3,ที่ดิน+สิ่งปลูกสร้าง,,,90,206938,7/11/2026 3:48
not_found,LandsMaps ไม่พบโฉนด,11029,10_32_41077,10,32,41077,กรุงเทพมหานคร,ประเวศ,2,ห้องชุด/คอนโด,,,22.66,41077,7/11/2026 3:48
not_found,LandsMaps ไม่พบโฉนด,11030,10_32_52797,10,32,52797,กรุงเทพมหานคร,ประเวศ,3,ที่ดิน+สิ่งปลูกสร้าง,,1,65,52797,7/11/2026 3:48
not_found,LandsMaps ไม่พบโฉนด,11031,10_34_58274,10,34,58274,กรุงเทพมหานคร,สวนหลวง,2,ห้องชุด/คอนโด,,,36,58274,7/11/2026 3:48
not_found,LandsMaps ไม่พบโฉนด,11032,10_32_37333,10,32,37333,กรุงเทพมหานคร,ประเวศ,2,ห้องชุด/คอนโด,,,36.95,"3,733,337,334",7/11/2026 3:48
not_found,LandsMaps ไม่พบโฉนด,11032,10_32_37334,10,32,37334,กรุงเทพมหานคร,ประเวศ,2,ห้องชุด/คอนโด,,,36.95,"3,733,337,334",7/11/2026 3:48
not_found,LandsMaps ไม่พบโฉนด,11033,10_32_41309,10,32,41309,กรุงเทพมหานคร,ประเวศ,2,ห้องชุด/คอนโด,,,22.54,"41,309,413,104,131,100,000",7/11/2026 3:48
not_found,LandsMaps ไม่พบโฉนด,11033,10_32_41310,10,32,41310,กรุงเทพมหานคร,ประเวศ,2,ห้องชุด/คอนโด,,,22.54,"41,309,413,104,131,100,000",7/11/2026 3:48
not_found,LandsMaps ไม่พบโฉนด,11033,10_32_41311,10,32,41311,กรุงเทพมหานคร,ประเวศ,2,ห้องชุด/คอนโด,,,22.54,"41,309,413,104,131,100,000",7/11/2026 3:48
not_found,LandsMaps ไม่พบโฉนด,11033,10_32_41312,10,32,41312,กรุงเทพมหานคร,ประเวศ,2,ห้องชุด/คอนโด,,,22.54,"41,309,413,104,131,100,000",7/11/2026 3:48
not_found,LandsMaps ไม่พบโฉนด,11034,10_32_247290,10,32,247290,กรุงเทพมหานคร,ประเวศ,2,ห้องชุด/คอนโด,,,25.08,247290,7/11/2026 3:48
not_found,LandsMaps ไม่พบโฉนด,11035,10_32_231122,10,32,231122,กรุงเทพมหานคร,ประเวศ(พระโขนง),2,ห้องชุด/คอนโด,,,58.55,231122,7/11/2026 3:48
not_found,LandsMaps ไม่พบโฉนด,11036,10_09_24721,10,9,24721,กรุงเทพมหานคร,พระโขนง,2,ห้องชุด/คอนโด,,,91.76,"24721, 24722",7/11/2026 3:48
not_found,LandsMaps ไม่พบโฉนด,11036,10_09_24722,10,9,24722,กรุงเทพมหานคร,พระโขนง,2,ห้องชุด/คอนโด,,,91.76,"24721, 24722",7/11/2026 3:48
not_found,LandsMaps ไม่พบโฉนด,11037,10_32_247004,10,32,247004,กรุงเทพมหานคร,ประเวศ,3,ที่ดิน+สิ่งปลูกสร้าง,,,46,247004,7/11/2026 3:48
not_found,LandsMaps ไม่พบโฉนด,11038,10_32_247005,10,32,247005,กรุงเทพมหานคร,ประเวศ,3,ที่ดิน+สิ่งปลูกสร้าง,,,26,247005,7/11/2026 3:48
not_found,LandsMaps ไม่พบโฉนด,11039,10_32_33697,10,32,33697,กรุงเทพมหานคร,ประเวศ,2,ห้องชุด/คอนโด,,,28.38,33697,7/11/2026 3:48
not_found,LandsMaps ไม่พบโฉนด,11040,10_09_33643,10,9,33643,กรุงเทพมหานคร,พระโขนง,2,ห้องชุด/คอนโด,,,78.98,"336,433,364,433,645",7/11/2026 3:48
not_found,LandsMaps ไม่พบโฉนด,11040,10_09_33644,10,9,33644,กรุงเทพมหานคร,พระโขนง,2,ห้องชุด/คอนโด,,,78.98,"336,433,364,433,645",7/11/2026 3:48
not_found,LandsMaps ไม่พบโฉนด,11040,10_09_33645,10,9,33645,กรุงเทพมหานคร,พระโขนง,2,ห้องชุด/คอนโด,,,78.98,"336,433,364,433,645",7/11/2026 3:48
not_found,LandsMaps ไม่พบโฉนด,11041,10_47_3455,10,47,3455,กรุงเทพมหานคร,บางนา,2,ห้องชุด/คอนโด,,,25.07,3455,7/11/2026 3:48
not_found,LandsMaps ไม่พบโฉนด,11042,10_32_37333,10,32,37333,กรุงเทพมหานคร,ประเวศ,2,ห้องชุด/คอนโด,,,36.95,"3,733,337,334",7/11/2026 3:48
not_found,LandsMaps ไม่พบโฉนด,11042,10_32_37334,10,32,37334,กรุงเทพมหานคร,ประเวศ,2,ห้องชุด/คอนโด,,,36.95,"3,733,337,334",7/11/2026 3:48
not_found,LandsMaps ไม่พบโฉนด,11043,10_32_43068,10,32,43068,กรุงเทพมหานคร,ประเวศ,2,ห้องชุด/คอนโด,,,29.44,43068,7/11/2026 3:48
not_found,LandsMaps ไม่พบโฉนด,11044,10_32_41077,10,32,41077,กรุงเทพมหานคร,ประเวศ,2,ห้องชุด/คอนโด,,,26.12,41077,7/11/2026 3:48
not_found,LandsMaps ไม่พบโฉนด,11046,10_32_45112,10,32,45112,กรุงเทพมหานคร,ประเวศ,3,ที่ดิน+สิ่งปลูกสร้าง,,,19.5,45112,7/11/2026 3:48
not_found,LandsMaps ไม่พบโฉนด,11047,10_09_2420,10,9,2420,กรุงเทพมหานคร,พระโขนง,2,ห้องชุด/คอนโด,,,33.67,"2420, 249173",7/11/2026 3:48
not_found,LandsMaps ไม่พบโฉนด,11047,10_09_249173,10,9,249173,กรุงเทพมหานคร,พระโขนง,2,ห้องชุด/คอนโด,,,33.67,"2420, 249173",7/11/2026 3:48
not_found,LandsMaps ไม่พบโฉนด,11048,10_32_245063,10,32,245063,กรุงเทพมหานคร,ประเวศ,2,ห้องชุด/คอนโด,,,25.48,"1569-1579,1601,1602,3497,245063,245064",7/11/2026 3:48
not_found,LandsMaps ไม่พบโฉนด,11048,10_32_245064,10,32,245064,กรุงเทพมหานคร,ประเวศ,2,ห้องชุด/คอนโด,,,25.48,"1569-1579,1601,1602,3497,245063,245064",7/11/2026 3:48
not_found,LandsMaps ไม่พบโฉนด,11049,10_32_33422,10,32,33422,กรุงเทพมหานคร,ประเวศ,3,ที่ดิน+สิ่งปลูกสร้าง,,,57.4,33422,7/11/2026 3:48
not_found,LandsMaps ไม่พบโฉนด,11050,10_09_10653,10,9,10653,กรุงเทพมหานคร,พระโขนง,2,ห้องชุด/คอนโด,,,34.63,"10,653,106,544,097,400,000,000,000,000,000,000,000,000,000",7/11/2026 3:48
not_found,LandsMaps ไม่พบโฉนด,11050,10_09_10654,10,9,10654,กรุงเทพมหานคร,พระโขนง,2,ห้องชุด/คอนโด,,,34.63,"10,653,106,544,097,400,000,000,000,000,000,000,000,000,000",7/11/2026 3:48
not_found,LandsMaps ไม่พบโฉนด,11050,10_09_40974,10,9,40974,กรุงเทพมหานคร,พระโขนง,2,ห้องชุด/คอนโด,,,34.63,"10,653,106,544,097,400,000,000,000,000,000,000,000,000,000",7/11/2026 3:48
not_found,LandsMaps ไม่พบโฉนด,11050,10_09_40975,10,9,40975,กรุงเทพมหานคร,พระโขนง,2,ห้องชุด/คอนโด,,,34.63,"10,653,106,544,097,400,000,000,000,000,000,000,000,000,000",7/11/2026 3:48
not_found,LandsMaps ไม่พบโฉนด,11050,10_09_188114,10,9,188114,กรุงเทพมหานคร,พระโขนง,2,ห้องชุด/คอนโด,,,34.63,"10,653,106,544,097,400,000,000,000,000,000,000,000,000,000",7/11/2026 3:48
not_found,LandsMaps ไม่พบโฉนด,11050,10_09_188115,10,9,188115,กรุงเทพมหานคร,พระโขนง,2,ห้องชุด/คอนโด,,,34.63,"10,653,106,544,097,400,000,000,000,000,000,000,000,000,000",7/11/2026 3:48
not_found,LandsMaps ไม่พบโฉนด,11050,10_09_240931,10,9,240931,กรุงเทพมหานคร,พระโขนง,2,ห้องชุด/คอนโด,,,34.63,"10,653,106,544,097,400,000,000,000,000,000,000,000,000,000",7/11/2026 3:48
not_found,LandsMaps ไม่พบโฉนด,11050,10_09_240932,10,9,240932,กรุงเทพมหานคร,พระโขนง,2,ห้องชุด/คอนโด,,,34.63,"10,653,106,544,097,400,000,000,000,000,000,000,000,000,000",7/11/2026 3:48
not_found,LandsMaps ไม่พบโฉนด,11051,10_32_37332,10,32,37332,กรุงเทพมหานคร,ประเวศ,2,ห้องชุด/คอนโด,,,29.35,37332,7/11/2026 3:48
not_found,LandsMaps ไม่พบโฉนด,11052,10_34_80864,10,34,80864,กรุงเทพมหานคร,สวนหลวง,2,ห้องชุด/คอนโด,,,31,"80,864,200,889",7/11/2026 3:48
not_found,LandsMaps ไม่พบโฉนด,11052,10_34_200889,10,34,200889,กรุงเทพมหานคร,สวนหลวง,2,ห้องชุด/คอนโด,,,31,"80,864,200,889",7/11/2026 3:48
not_found,LandsMaps ไม่พบโฉนด,11053,10_09_186786,10,9,186786,กรุงเทพมหานคร,พระโขนง,3,ที่ดิน+สิ่งปลูกสร้าง,,,51,186786,7/11/2026 3:48
not_found,LandsMaps ไม่พบโฉนด,11054,10_32_57775,10,32,57775,กรุงเทพมหานคร,ประเวศ,2,ห้องชุด/คอนโด,,,30.95,57775,7/11/2026 3:48
not_found,LandsMaps ไม่พบโฉนด,11055,10_09_12958,10,9,12958,กรุงเทพมหานคร,พระโขนง,2,ห้องชุด/คอนโด,,,24.78,"1,295,812,959",7/11/2026 3:48
not_found,LandsMaps ไม่พบโฉนด,11055,10_09_12959,10,9,12959,กรุงเทพมหานคร,พระโขนง,2,ห้องชุด/คอนโด,,,24.78,"1,295,812,959",7/11/2026 3:48
not_found,LandsMaps ไม่พบโฉนด,11056,10_34_15683,10,34,15683,กรุงเทพมหานคร,สวนหลวง,2,ห้องชุด/คอนโด,,,29.73,"156,831,568,415,685,000,000,000,000,000,000,000,000,000,000",7/11/2026 3:48
not_found,LandsMaps ไม่พบโฉนด,11056,10_34_15684,10,34,15684,กรุงเทพมหานคร,สวนหลวง,2,ห้องชุด/คอนโด,,,29.73,"156,831,568,415,685,000,000,000,000,000,000,000,000,000,000",7/11/2026 3:48
not_found,LandsMaps ไม่พบโฉนด,11056,10_34_15685,10,34,15685,กรุงเทพมหานคร,สวนหลวง,2,ห้องชุด/คอนโด,,,29.73,"156,831,568,415,685,000,000,000,000,000,000,000,000,000,000",7/11/2026 3:48
not_found,LandsMaps ไม่พบโฉนด,11056,10_34_15686,10,34,15686,กรุงเทพมหานคร,สวนหลวง,2,ห้องชุด/คอนโด,,,29.73,"156,831,568,415,685,000,000,000,000,000,000,000,000,000,000",7/11/2026 3:48
not_found,LandsMaps ไม่พบโฉนด,11056,10_34_15687,10,34,15687,กรุงเทพมหานคร,สวนหลวง,2,ห้องชุด/คอนโด,,,29.73,"156,831,568,415,685,000,000,000,000,000,000,000,000,000,000",7/11/2026 3:48
not_found,LandsMaps ไม่พบโฉนด,11056,10_34_15688,10,34,15688,กรุงเทพมหานคร,สวนหลวง,2,ห้องชุด/คอนโด,,,29.73,"156,831,568,415,685,000,000,000,000,000,000,000,000,000,000",7/11/2026 3:48
not_found,LandsMaps ไม่พบโฉนด,11056,10_34_15689,10,34,15689,กรุงเทพมหานคร,สวนหลวง,2,ห้องชุด/คอนโด,,,29.73,"156,831,568,415,685,000,000,000,000,000,000,000,000,000,000",7/11/2026 3:48
not_found,LandsMaps ไม่พบโฉนด,11056,10_34_15690,10,34,15690,กรุงเทพมหานคร,สวนหลวง,2,ห้องชุด/คอนโด,,,29.73,"156,831,568,415,685,000,000,000,000,000,000,000,000,000,000",7/11/2026 3:48
not_found,LandsMaps ไม่พบโฉนด,11056,10_34_15691,10,34,15691,กรุงเทพมหานคร,สวนหลวง,2,ห้องชุด/คอนโด,,,29.73,"156,831,568,415,685,000,000,000,000,000,000,000,000,000,000",7/11/2026 3:48
not_found,LandsMaps ไม่พบโฉนด,11057,10_34_22143,10,34,22143,กรุงเทพมหานคร,สวนหลวง,2,ห้องชุด/คอนโด,,,27.28,"221,432,214,422,145,000,000,000,000,000",7/11/2026 3:48
not_found,LandsMaps ไม่พบโฉนด,11057,10_34_22144,10,34,22144,กรุงเทพมหานคร,สวนหลวง,2,ห้องชุด/คอนโด,,,27.28,"221,432,214,422,145,000,000,000,000,000",7/11/2026 3:48
not_found,LandsMaps ไม่พบโฉนด,11057,10_34_22145,10,34,22145,กรุงเทพมหานคร,สวนหลวง,2,ห้องชุด/คอนโด,,,27.28,"221,432,214,422,145,000,000,000,000,000",7/11/2026 3:48
not_found,LandsMaps ไม่พบโฉนด,11057,10_34_22146,10,34,22146,กรุงเทพมหานคร,สวนหลวง,2,ห้องชุด/คอนโด,,,27.28,"221,432,214,422,145,000,000,000,000,000",7/11/2026 3:48
not_found,LandsMaps ไม่พบโฉนด,11057,10_34_22147,10,34,22147,กรุงเทพมหานคร,สวนหลวง,2,ห้องชุด/คอนโด,,,27.28,"221,432,214,422,145,000,000,000,000,000",7/11/2026 3:48
not_found,LandsMaps ไม่พบโฉนด,11057,10_34_22148,10,34,22148,กรุงเทพมหานคร,สวนหลวง,2,ห้องชุด/คอนโด,,,27.28,"221,432,214,422,145,000,000,000,000,000",7/11/2026 3:48
not_found,LandsMaps ไม่พบโฉนด,11058,10_32_11122,10,32,11122,กรุงเทพมหานคร,ประเวศ,2,ห้องชุด/คอนโด,,,25.8,11122,7/11/2026 3:49
not_found,LandsMaps ไม่พบโฉนด,11059,10_34_13553,10,34,13553,กรุงเทพมหานคร,สวนหลวง,3,ที่ดิน+สิ่งปลูกสร้าง,,,21.1,13553,7/11/2026 3:49
not_found,LandsMaps ไม่พบโฉนด,11060,10_34_19394,10,34,19394,กรุงเทพมหานคร,สวนหลวง,2,ห้องชุด/คอนโด,,,26.82,19394,7/11/2026 3:49
not_found,LandsMaps ไม่พบโฉนด,11061,10_09_125491,10,9,125491,กรุงเทพมหานคร,พระโขนง,3,ที่ดิน+สิ่งปลูกสร้าง,,,12,125491,7/11/2026 3:49
not_found,LandsMaps ไม่พบโฉนด,11062,10_09_152147,10,9,152147,กรุงเทพมหานคร,พระโขนง,3,ที่ดิน+สิ่งปลูกสร้าง,,,12,152147,7/11/2026 3:49
not_found,LandsMaps ไม่พบโฉนด,11063,10_32_34369,10,32,34369,กรุงเทพมหานคร,ประเวศ,3,ที่ดิน+สิ่งปลูกสร้าง,,,20,34369,7/11/2026 3:49
not_found,LandsMaps ไม่พบโฉนด,11064,10_09_232441,10,9,232441,กรุงเทพมหานคร,พระโขนง,3,ที่ดิน+สิ่งปลูกสร้าง,,,17,232441,7/11/2026 3:49
not_found,LandsMaps ไม่พบโฉนด,11065,10_09_224033,10,9,224033,กรุงเทพมหานคร,พระโขนง,3,ที่ดิน+สิ่งปลูกสร้าง,,,16,224033,7/11/2026 3:49
not_found,LandsMaps ไม่พบโฉนด,11066,10_47_3061,10,47,3061,กรุงเทพมหานคร,บางนา,2,ห้องชุด/คอนโด,,,32.34,"30,613,062",7/11/2026 3:49
not_found,LandsMaps ไม่พบโฉนด,11066,10_47_3062,10,47,3062,กรุงเทพมหานคร,บางนา,2,ห้องชุด/คอนโด,,,32.34,"30,613,062",7/11/2026 3:49
not_found,LandsMaps ไม่พบโฉนด,11067,10_47_2479,10,47,2479,กรุงเทพมหานคร,บางนา,2,ห้องชุด/คอนโด,,,30.39,2479,7/11/2026 3:49
not_found,LandsMaps ไม่พบโฉนด,11068,10_32_28880,10,32,28880,กรุงเทพมหานคร,ประเวศ,3,ที่ดิน+สิ่งปลูกสร้าง,,,22.1,28880,7/11/2026 3:49
not_found,LandsMaps ไม่พบโฉนด,11069,10_34_5374,10,34,5374,กรุงเทพมหานคร,สวนหลวง,2,ห้องชุด/คอนโด,,,28.54,5374,7/11/2026 3:49
not_found,LandsMaps ไม่พบโฉนด,11070,10_32_24076,10,32,24076,กรุงเทพมหานคร,ประเวศ,2,ห้องชุด/คอนโด,,,37.17,24076,7/11/2026 3:49
not_found,LandsMaps ไม่พบโฉนด,11071,10_09_60704,10,9,60704,กรุงเทพมหานคร,พระโขนง,3,ที่ดิน+สิ่งปลูกสร้าง,,,80,60704,7/11/2026 3:49
not_found,LandsMaps ไม่พบโฉนด,11072,10_09_60705,10,9,60705,กรุงเทพมหานคร,พระโขนง,3,ที่ดิน+สิ่งปลูกสร้าง,,,82,60705,7/11/2026 3:49
not_found,LandsMaps ไม่พบโฉนด,11073,10_09_60706,10,9,60706,กรุงเทพมหานคร,พระโขนง,3,ที่ดิน+สิ่งปลูกสร้าง,,,83,60706,7/11/2026 3:49
not_found,LandsMaps ไม่พบโฉนด,11074,10_09_60713,10,9,60713,กรุงเทพมหานคร,พระโขนง,3,ที่ดิน+สิ่งปลูกสร้าง,,,80,60713,7/11/2026 3:49
not_found,LandsMaps ไม่พบโฉนด,11273,10_49_28628,10,49,28628,กรุงเทพมหานคร,ทุ่งครุ,3,ที่ดิน+สิ่งปลูกสร้าง,,,60.7,28628,7/11/2026 3:49
not_found,LandsMaps ไม่พบโฉนด,11274,10_22_113278,10,22,113278,กรุงเทพมหานคร,ภาษีเจริญ,3,ที่ดิน+สิ่งปลูกสร้าง,,,28,113278,7/11/2026 3:49
not_found,LandsMaps ไม่พบโฉนด,11275,10_22_88538,10,22,88538,กรุงเทพมหานคร,ภาษีเจริญ,3,ที่ดิน+สิ่งปลูกสร้าง,,1,80,88538,7/11/2026 3:49
not_found,LandsMaps ไม่พบโฉนด,11276,10_21_138761,10,21,138761,กรุงเทพมหานคร,บางขุนเทียน,3,ที่ดิน+สิ่งปลูกสร้าง,,1,16.9,138761,7/11/2026 3:49
not_found,LandsMaps ไม่พบโฉนด,11277,10_21_138762,10,21,138762,กรุงเทพมหานคร,บางขุนเทียน,3,ที่ดิน+สิ่งปลูกสร้าง,,1,15.5,138762,7/11/2026 3:49
not_found,LandsMaps ไม่พบโฉนด,11278,10_21_119921,10,21,119921,กรุงเทพมหานคร,บางขุนเทียน,3,ที่ดิน+สิ่งปลูกสร้าง,,3,50.5,119921,7/11/2026 3:49
not_found,LandsMaps ไม่พบโฉนด,11279,10_21_119922,10,21,119922,กรุงเทพมหานคร,บางขุนเทียน,3,ที่ดิน+สิ่งปลูกสร้าง,,2,,119922,7/11/2026 3:49
not_found,LandsMaps ไม่พบโฉนด,11280,10_22_121207,10,22,121207,กรุงเทพมหานคร,ภาษีเจริญ,3,ที่ดิน+สิ่งปลูกสร้าง,,1,99.9,121207,7/11/2026 3:49
not_found,LandsMaps ไม่พบโฉนด,11281,10_22_121208,10,22,121208,กรุงเทพมหานคร,ภาษีเจริญ,3,ที่ดิน+สิ่งปลูกสร้าง,,2,,121208,7/11/2026 3:49
not_found,LandsMaps ไม่พบโฉนด,11282,10_22_121209,10,22,121209,กรุงเทพมหานคร,ภาษีเจริญ,3,ที่ดิน+สิ่งปลูกสร้าง,,2,0.1,121209,7/11/2026 3:49
not_found,LandsMaps ไม่พบโฉนด,11283,10_22_68883,10,22,68883,กรุงเทพมหานคร,ภาษีเจริญ,2,ห้องชุด/คอนโด,,,24.85,"68,883,149,315",7/11/2026 3:49
not_found,LandsMaps ไม่พบโฉนด,11283,10_22_149315,10,22,149315,กรุงเทพมหานคร,ภาษีเจริญ,2,ห้องชุด/คอนโด,,,24.85,"68,883,149,315",7/11/2026 3:49
not_found,LandsMaps ไม่พบโฉนด,11284,10_40_29760,10,40,29760,กรุงเทพมหานคร,บางแค,2,ห้องชุด/คอนโด,,,26.18,29760,7/11/2026 3:49
not_found,LandsMaps ไม่พบโฉนด,11285,10_21_181907,10,21,181907,กรุงเทพมหานคร,บางขุนเทียน,3,ที่ดิน+สิ่งปลูกสร้าง,,,35,181907,7/11/2026 3:49
not_found,LandsMaps ไม่พบโฉนด,11286,10_22_58331,10,22,58331,กรุงเทพมหานคร,ภาษีเจริญ,2,ห้องชุด/คอนโด,,,30.27,"583,315,833,358,334",7/11/2026 3:49
not_found,LandsMaps ไม่พบโฉนด,11286,10_22_58333,10,22,58333,กรุงเทพมหานคร,ภาษีเจริญ,2,ห้องชุด/คอนโด,,,30.27,"583,315,833,358,334",7/11/2026 3:49
not_found,LandsMaps ไม่พบโฉนด,11286,10_22_58334,10,22,58334,กรุงเทพมหานคร,ภาษีเจริญ,2,ห้องชุด/คอนโด,,,30.27,"583,315,833,358,334",7/11/2026 3:49
not_found,LandsMaps ไม่พบโฉนด,11287,10_21_5449,10,21,5449,กรุงเทพมหานคร,บางขุนเทียน,1,ที่ดินเปล่า,,2,46,5449,7/11/2026 3:49
not_found,LandsMaps ไม่พบโฉนด,11288,10_21_9674,10,21,9674,กรุงเทพมหานคร,บางขุนเทียน,1,ที่ดินเปล่า,,3,61,9674,7/11/2026 3:49
not_found,LandsMaps ไม่พบโฉนด,11289,10_21_167045,10,21,167045,กรุงเทพมหานคร,บางขุนเทียน,1,ที่ดินเปล่า,,1,61,167045,7/11/2026 3:49
not_found,LandsMaps ไม่พบโฉนด,11290,10_23_87638,10,23,87638,กรุงเทพมหานคร,หนองแขม(ภาษีเจริญ),3,ที่ดิน+สิ่งปลูกสร้าง,,,21,87638,7/11/2026 3:49
not_found,LandsMaps ไม่พบโฉนด,11291,10_21_88677,10,21,88677,กรุงเทพมหานคร,บางขุนเทียน,3,ที่ดิน+สิ่งปลูกสร้าง,,,16.5,88677,7/11/2026 3:49
not_found,LandsMaps ไม่พบโฉนด,11292,10_22_4702,10,22,4702,กรุงเทพมหานคร,ภาษีเจริญ,2,ห้องชุด/คอนโด,,,31.23,"4,702,781,862,892",7/11/2026 3:49
not_found,LandsMaps ไม่พบโฉนด,11292,10_22_7818,10,22,7818,กรุงเทพมหานคร,ภาษีเจริญ,2,ห้องชุด/คอนโด,,,31.23,"4,702,781,862,892",7/11/2026 3:49
not_found,LandsMaps ไม่พบโฉนด,11292,10_22_62892,10,22,62892,กรุงเทพมหานคร,ภาษีเจริญ,2,ห้องชุด/คอนโด,,,31.23,"4,702,781,862,892",7/11/2026 3:49
not_found,LandsMaps ไม่พบโฉนด,11293,10_22_64186,10,22,64186,กรุงเทพมหานคร,ภาษีเจริญ,2,ห้องชุด/คอนโด,,,25.23,64186,7/11/2026 3:49
not_found,LandsMaps ไม่พบโฉนด,11294,10_22_86911,10,22,86911,กรุงเทพมหานคร,ภาษีเจริญ,3,ที่ดิน+สิ่งปลูกสร้าง,,,40,86911,7/11/2026 3:49
not_found,LandsMaps ไม่พบโฉนด,11295,10_22_64184,10,22,64184,กรุงเทพมหานคร,ภาษีเจริญ,2,ห้องชุด/คอนโด,,,25.02,64184,7/11/2026 3:49
not_found,LandsMaps ไม่พบโฉนด,11296,10_24_40489,10,24,40489,กรุงเทพมหานคร,ราษฎร์บูรณะ,2,ห้องชุด/คอนโด,,,26.25,"404,894,049,040,491,000,000,000,000,000",7/11/2026 3:49
not_found,LandsMaps ไม่พบโฉนด,11296,10_24_40490,10,24,40490,กรุงเทพมหานคร,ราษฎร์บูรณะ,2,ห้องชุด/คอนโด,,,26.25,"404,894,049,040,491,000,000,000,000,000",7/11/2026 3:49
not_found,LandsMaps ไม่พบโฉนด,11296,10_24_40491,10,24,40491,กรุงเทพมหานคร,ราษฎร์บูรณะ,2,ห้องชุด/คอนโด,,,26.25,"404,894,049,040,491,000,000,000,000,000",7/11/2026 3:49
not_found,LandsMaps ไม่พบโฉนด,11296,10_24_40492,10,24,40492,กรุงเทพมหานคร,ราษฎร์บูรณะ,2,ห้องชุด/คอนโด,,,26.25,"404,894,049,040,491,000,000,000,000,000",7/11/2026 3:49
not_found,LandsMaps ไม่พบโฉนด,11296,10_24_40496,10,24,40496,กรุงเทพมหานคร,ราษฎร์บูรณะ,2,ห้องชุด/คอนโด,,,26.25,"404,894,049,040,491,000,000,000,000,000",7/11/2026 3:49
not_found,LandsMaps ไม่พบโฉนด,11296,10_24_40497,10,24,40497,กรุงเทพมหานคร,ราษฎร์บูรณะ,2,ห้องชุด/คอนโด,,,26.25,"404,894,049,040,491,000,000,000,000,000",7/11/2026 3:49
not_found,LandsMaps ไม่พบโฉนด,11297,10_23_2207,10,23,2207,กรุงเทพมหานคร,หนองแขม,2,ห้องชุด/คอนโด,,,27.32,2207,7/11/2026 3:49
not_found,LandsMaps ไม่พบโฉนด,11298,10_21_129854,10,21,129854,กรุงเทพมหานคร,บางขุนเทียน,2,ห้องชุด/คอนโด,,,25.76,129854,7/11/2026 3:49
not_found,LandsMaps ไม่พบโฉนด,11299,10_35_1518,10,35,1518,กรุงเทพมหานคร,"จอมทอง(บางขุนเทียน), จอมทอง",2,ห้องชุด/คอนโด,,,30.63,"1,518,862,688,688,890",7/11/2026 3:49
not_found,LandsMaps ไม่พบโฉนด,11299,10_35_8626,10,35,8626,กรุงเทพมหานคร,"จอมทอง(บางขุนเทียน), จอมทอง",2,ห้องชุด/คอนโด,,,30.63,"1,518,862,688,688,890",7/11/2026 3:49
not_found,LandsMaps ไม่พบโฉนด,11299,10_35_8868,10,35,8868,กรุงเทพมหานคร,"จอมทอง(บางขุนเทียน), จอมทอง",2,ห้องชุด/คอนโด,,,30.63,"1,518,862,688,688,890",7/11/2026 3:49
not_found,LandsMaps ไม่พบโฉนด,11299,10_35_8896,10,35,8896,กรุงเทพมหานคร,"จอมทอง(บางขุนเทียน), จอมทอง",2,ห้องชุด/คอนโด,,,30.63,"1,518,862,688,688,890",7/11/2026 3:49
not_found,LandsMaps ไม่พบโฉนด,11300,10_21_169502,10,21,169502,กรุงเทพมหานคร,บางขุนเทียน,3,ที่ดิน+สิ่งปลูกสร้าง,,,58.9,169502,7/11/2026 3:49
not_found,LandsMaps ไม่พบโฉนด,11301,10_49_26844,10,49,26844,กรุงเทพมหานคร,ทุ่งครุ,3,ที่ดิน+สิ่งปลูกสร้าง,,,18.1,26844,7/11/2026 3:49
not_found,LandsMaps ไม่พบโฉนด,11302,10_23_9535,10,23,9535,กรุงเทพมหานคร,หนองแขม,2,ห้องชุด/คอนโด,,,21.96,9535,7/11/2026 3:49
not_found,LandsMaps ไม่พบโฉนด,11303,10_21_2234,10,21,2234,กรุงเทพมหานคร,บางขุนเทียน,2,ห้องชุด/คอนโด,,,31.16,2234,7/11/2026 3:49
not_found,LandsMaps ไม่พบโฉนด,11304,10_21_2234,10,21,2234,กรุงเทพมหานคร,บางขุนเทียน,2,ห้องชุด/คอนโด,,,31.16,2234,7/11/2026 3:49
not_found,LandsMaps ไม่พบโฉนด,11305,10_21_129853,10,21,129853,กรุงเทพมหานคร,บางขุนเทียน,2,ห้องชุด/คอนโด,,,25.85,129853,7/11/2026 3:49
not_found,LandsMaps ไม่พบโฉนด,11306,10_21_31574,10,21,31574,กรุงเทพมหานคร,บางขุนเทียน,3,ที่ดิน+สิ่งปลูกสร้าง,,,46.7,31574,7/11/2026 3:49
not_found,LandsMaps ไม่พบโฉนด,11307,10_21_147941,10,21,147941,กรุงเทพมหานคร,บางขุนเทียน,1,ที่ดินเปล่า,,,13.5,147941,7/11/2026 3:49
not_found,LandsMaps ไม่พบโฉนด,11308,10_21_132484,10,21,132484,กรุงเทพมหานคร,บางขุนเทียน,3,ที่ดิน+สิ่งปลูกสร้าง,,,18,132484,7/11/2026 3:49
not_found,LandsMaps ไม่พบโฉนด,11309,10_22_34116,10,22,34116,กรุงเทพมหานคร,ภาษีเจริญ,2,ห้องชุด/คอนโด,,,25.2,"3,411,663,854",7/11/2026 3:49
not_found,LandsMaps ไม่พบโฉนด,11309,10_22_63854,10,22,63854,กรุงเทพมหานคร,ภาษีเจริญ,2,ห้องชุด/คอนโด,,,25.2,"3,411,663,854",7/11/2026 3:49
not_found,LandsMaps ไม่พบโฉนด,11310,10_49_1537,10,49,1537,กรุงเทพมหานคร,ทุ่งครุ,3,ที่ดิน+สิ่งปลูกสร้าง,,,15.2,1537,7/11/2026 3:49
not_found,LandsMaps ไม่พบโฉนด,11311,10_40_27037,10,40,27037,กรุงเทพมหานคร,บางแค,3,ที่ดิน+สิ่งปลูกสร้าง,,,50,27037,7/11/2026 3:49
not_found,LandsMaps ไม่พบโฉนด,11312,10_22_64187,10,22,64187,กรุงเทพมหานคร,ภาษีเจริญ,2,ห้องชุด/คอนโด,,,25.53,64187,7/11/2026 3:49
not_found,LandsMaps ไม่พบโฉนด,11313,10_49_17772,10,49,17772,กรุงเทพมหานคร,ทุ่งครุ,2,ห้องชุด/คอนโด,,,20.43,"1,777,217,763",7/11/2026 3:49
not_found,LandsMaps ไม่พบโฉนด,11313,10_49_17763,10,49,17763,กรุงเทพมหานคร,ทุ่งครุ,2,ห้องชุด/คอนโด,,,20.43,"1,777,217,763",7/11/2026 3:49
not_found,LandsMaps ไม่พบโฉนด,11314,10_49_2420,10,49,2420,กรุงเทพมหานคร,ทุ่งครุ,3,ที่ดิน+สิ่งปลูกสร้าง,,,28.6,2420,7/11/2026 3:49
not_found,LandsMaps ไม่พบโฉนด,11315,10_23_2207,10,23,2207,กรุงเทพมหานคร,หนองแขม,2,ห้องชุด/คอนโด,,,27.32,2207,7/11/2026 3:49
not_found,LandsMaps ไม่พบโฉนด,11316,10_50_17176,10,50,17176,กรุงเทพมหานคร,บางบอน,2,ห้องชุด/คอนโด,,,29.74,17176,7/11/2026 3:49
not_found,LandsMaps ไม่พบโฉนด,11317,10_15_489,10,15,489,กรุงเทพมหานคร,ธนบุรี,2,ห้องชุด/คอนโด,,,30.21,"489,490",7/11/2026 3:49
not_found,LandsMaps ไม่พบโฉนด,11317,10_15_490,10,15,490,กรุงเทพมหานคร,ธนบุรี,2,ห้องชุด/คอนโด,,,30.21,"489,490",7/11/2026 3:49
not_found,LandsMaps ไม่พบโฉนด,11318,10_21_21111,10,21,21111,กรุงเทพมหานคร,บางขุนเทียน,2,ห้องชุด/คอนโด,,,36.61,21111,7/11/2026 3:49
not_found,LandsMaps ไม่พบโฉนด,11319,10_21_21111,10,21,21111,กรุงเทพมหานคร,บางขุนเทียน,2,ห้องชุด/คอนโด,,,28.18,21111,7/11/2026 3:49
not_found,LandsMaps ไม่พบโฉนด,11320,10_21_21111,10,21,21111,กรุงเทพมหานคร,บางขุนเทียน,2,ห้องชุด/คอนโด,,,36.61,21111,7/11/2026 3:49
not_found,LandsMaps ไม่พบโฉนด,11321,10_21_76657,10,21,76657,กรุงเทพมหานคร,บางขุนเทียน,2,ห้องชุด/คอนโด,,,31.84,76657,7/11/2026 3:49
not_found,LandsMaps ไม่พบโฉนด,11322,10_18_1776,10,18,1776,กรุงเทพมหานคร,คลองสาน,3,ที่ดิน+สิ่งปลูกสร้าง,,,20.8,1776,7/11/2026 3:49
not_found,LandsMaps ไม่พบโฉนด,11323,10_40_13540,10,40,13540,กรุงเทพมหานคร,บางแค,3,ที่ดิน+สิ่งปลูกสร้าง,,,30,13540,7/11/2026 3:49
not_found,LandsMaps ไม่พบโฉนด,11324,10_49_12443,10,49,12443,กรุงเทพมหานคร,ทุ่งครุ,3,ที่ดิน+สิ่งปลูกสร้าง,,,18.7,12443,7/11/2026 3:49
not_found,LandsMaps ไม่พบโฉนด,11325,10_49_13140,10,49,13140,กรุงเทพมหานคร,ทุ่งครุ,3,ที่ดิน+สิ่งปลูกสร้าง,,,39.4,13140,7/11/2026 3:49
not_found,LandsMaps ไม่พบโฉนด,11326,10_21_179357,10,21,179357,กรุงเทพมหานคร,บางขุนเทียน,3,ที่ดิน+สิ่งปลูกสร้าง,,,21.7,179357,7/11/2026 3:49
not_found,LandsMaps ไม่พบโฉนด,11327,10_35_23955,10,35,23955,กรุงเทพมหานคร,จอมทอง,3,ที่ดิน+สิ่งปลูกสร้าง,,,20.9,23955,7/11/2026 3:50
not_found,LandsMaps ไม่พบโฉนด,11328,10_21_177625,10,21,177625,กรุงเทพมหานคร,บางขุนเทียน,3,ที่ดิน+สิ่งปลูกสร้าง,,,24.2,177625,7/11/2026 3:50
not_found,LandsMaps ไม่พบโฉนด,11329,10_22_68883,10,22,68883,กรุงเทพมหานคร,ภาษีเจริญ,2,ห้องชุด/คอนโด,,,25.12,"68,883,149,315",7/11/2026 3:50
not_found,LandsMaps ไม่พบโฉนด,11329,10_22_149315,10,22,149315,กรุงเทพมหานคร,ภาษีเจริญ,2,ห้องชุด/คอนโด,,,25.12,"68,883,149,315",7/11/2026 3:50
not_found,LandsMaps ไม่พบโฉนด,11330,10_21_180381,10,21,180381,กรุงเทพมหานคร,บางขุนเทียน,2,ห้องชุด/คอนโด,,,26.18,180381,7/11/2026 3:50
not_found,LandsMaps ไม่พบโฉนด,11331,10_22_68883,10,22,68883,กรุงเทพมหานคร,ภาษีเจริญ,2,ห้องชุด/คอนโด,,,24.92,"68,883,149,315",7/11/2026 3:50
not_found,LandsMaps ไม่พบโฉนด,11331,10_22_149315,10,22,149315,กรุงเทพมหานคร,ภาษีเจริญ,2,ห้องชุด/คอนโด,,,24.92,"68,883,149,315",7/11/2026 3:50
not_found,LandsMaps ไม่พบโฉนด,11332,10_21_169825,10,21,169825,กรุงเทพมหานคร,บางขุนเทียน,3,ที่ดิน+สิ่งปลูกสร้าง,,,16.3,169825,7/11/2026 3:50
not_found,LandsMaps ไม่พบโฉนด,11333,10_35_14748,10,35,14748,กรุงเทพมหานคร,จอมทอง,3,ที่ดิน+สิ่งปลูกสร้าง,,,23.9,14748,7/11/2026 3:50
not_found,LandsMaps ไม่พบโฉนด,11334,10_22_151473,10,22,151473,กรุงเทพมหานคร,ภาษีเจริญ,2,ห้องชุด/คอนโด,,,34.82,151473,7/11/2026 3:50
not_found,LandsMaps ไม่พบโฉนด,11335,10_40_21510,10,40,21510,กรุงเทพมหานคร,บางแค,3,ที่ดิน+สิ่งปลูกสร้าง,,,20,21510,7/11/2026 3:50
not_found,LandsMaps ไม่พบโฉนด,11336,10_35_20627,10,35,20627,กรุงเทพมหานคร,จอมทอง,2,ห้องชุด/คอนโด,,,29.82,20627,7/11/2026 3:50
not_found,LandsMaps ไม่พบโฉนด,11337,10_35_19416,10,35,19416,กรุงเทพมหานคร,จอมทอง,2,ห้องชุด/คอนโด,,,21.69,19416,7/11/2026 3:50
not_found,LandsMaps ไม่พบโฉนด,11338,10_22_11220,10,22,11220,กรุงเทพมหานคร,ภาษีเจริญ,2,ห้องชุด/คอนโด,,,27.02,"11220,16496,16497,16498,45282,45283 ฯลฯ",7/11/2026 3:50
not_found,LandsMaps ไม่พบโฉนด,11338,10_22_16496,10,22,16496,กรุงเทพมหานคร,ภาษีเจริญ,2,ห้องชุด/คอนโด,,,27.02,"11220,16496,16497,16498,45282,45283 ฯลฯ",7/11/2026 3:50
not_found,LandsMaps ไม่พบโฉนด,11338,10_22_16497,10,22,16497,กรุงเทพมหานคร,ภาษีเจริญ,2,ห้องชุด/คอนโด,,,27.02,"11220,16496,16497,16498,45282,45283 ฯลฯ",7/11/2026 3:50
not_found,LandsMaps ไม่พบโฉนด,11338,10_22_16498,10,22,16498,กรุงเทพมหานคร,ภาษีเจริญ,2,ห้องชุด/คอนโด,,,27.02,"11220,16496,16497,16498,45282,45283 ฯลฯ",7/11/2026 3:50
not_found,LandsMaps ไม่พบโฉนด,11338,10_22_45282,10,22,45282,กรุงเทพมหานคร,ภาษีเจริญ,2,ห้องชุด/คอนโด,,,27.02,"11220,16496,16497,16498,45282,45283 ฯลฯ",7/11/2026 3:50
not_found,LandsMaps ไม่พบโฉนด,11338,10_22_45283,10,22,45283,กรุงเทพมหานคร,ภาษีเจริญ,2,ห้องชุด/คอนโด,,,27.02,"11220,16496,16497,16498,45282,45283 ฯลฯ",7/11/2026 3:50
not_found,LandsMaps ไม่พบโฉนด,11339,10_50_3069,10,50,3069,กรุงเทพมหานคร,บางบอน,3,ที่ดิน+สิ่งปลูกสร้าง,,,25.5,3069,7/11/2026 3:50
not_found,LandsMaps ไม่พบโฉนด,11340,10_22_146506,10,22,146506,กรุงเทพมหานคร,ภาษีเจริญ,2,ห้องชุด/คอนโด,,,31.61,"146506, 146507",7/11/2026 3:50
not_found,LandsMaps ไม่พบโฉนด,11340,10_22_146507,10,22,146507,กรุงเทพมหานคร,ภาษีเจริญ,2,ห้องชุด/คอนโด,,,31.61,"146506, 146507",7/11/2026 3:50
not_found,LandsMaps ไม่พบโฉนด,11341,10_35_20516,10,35,20516,กรุงเทพมหานคร,จอมทอง,2,ห้องชุด/คอนโด,,,27.67,20516,7/11/2026 3:50
not_found,LandsMaps ไม่พบโฉนด,11342,10_15_1769,10,15,1769,กรุงเทพมหานคร,ธนบุรี,2,ห้องชุด/คอนโด,,,27.28,"17,691,770,177,122,800",7/11/2026 3:50
not_found,LandsMaps ไม่พบโฉนด,11342,10_15_1770,10,15,1770,กรุงเทพมหานคร,ธนบุรี,2,ห้องชุด/คอนโด,,,27.28,"17,691,770,177,122,800",7/11/2026 3:50
not_found,LandsMaps ไม่พบโฉนด,11342,10_15_1771,10,15,1771,กรุงเทพมหานคร,ธนบุรี,2,ห้องชุด/คอนโด,,,27.28,"17,691,770,177,122,800",7/11/2026 3:50
not_found,LandsMaps ไม่พบโฉนด,11342,10_15_22876,10,15,22876,กรุงเทพมหานคร,ธนบุรี,2,ห้องชุด/คอนโด,,,27.28,"17,691,770,177,122,800",7/11/2026 3:50
not_found,LandsMaps ไม่พบโฉนด,11343,10_22_117061,10,22,117061,กรุงเทพมหานคร,ภาษีเจริญ,3,ที่ดิน+สิ่งปลูกสร้าง,,,18,117061,7/11/2026 3:50
not_found,LandsMaps ไม่พบโฉนด,11344,10_22_31728,10,22,31728,กรุงเทพมหานคร,ภาษีเจริญ,2,ห้องชุด/คอนโด,,,56.64,"31728, 31729",7/11/2026 3:50
not_found,LandsMaps ไม่พบโฉนด,11344,10_22_31729,10,22,31729,กรุงเทพมหานคร,ภาษีเจริญ,2,ห้องชุด/คอนโด,,,56.64,"31728, 31729",7/11/2026 3:50
not_found,LandsMaps ไม่พบโฉนด,11345,10_22_146479,10,22,146479,กรุงเทพมหานคร,ภาษีเจริญ,2,ห้องชุด/คอนโด,,,41.81,"146479,146480,146497,146498,146499ฯ",7/11/2026 3:50
not_found,LandsMaps ไม่พบโฉนด,11345,10_22_146480,10,22,146480,กรุงเทพมหานคร,ภาษีเจริญ,2,ห้องชุด/คอนโด,,,41.81,"146479,146480,146497,146498,146499ฯ",7/11/2026 3:50
not_found,LandsMaps ไม่พบโฉนด,11345,10_22_146497,10,22,146497,กรุงเทพมหานคร,ภาษีเจริญ,2,ห้องชุด/คอนโด,,,41.81,"146479,146480,146497,146498,146499ฯ",7/11/2026 3:50
not_found,LandsMaps ไม่พบโฉนด,11345,10_22_146498,10,22,146498,กรุงเทพมหานคร,ภาษีเจริญ,2,ห้องชุด/คอนโด,,,41.81,"146479,146480,146497,146498,146499ฯ",7/11/2026 3:50
not_found,LandsMaps ไม่พบโฉนด,11345,10_22_146499,10,22,146499,กรุงเทพมหานคร,ภาษีเจริญ,2,ห้องชุด/คอนโด,,,41.81,"146479,146480,146497,146498,146499ฯ",7/11/2026 3:50
not_found,LandsMaps ไม่พบโฉนด,11346,10_22_38419,10,22,38419,กรุงเทพมหานคร,ภาษีเจริญ,2,ห้องชุด/คอนโด,,,28.28,"3,841,938,420,115,410",7/11/2026 3:50
not_found,LandsMaps ไม่พบโฉนด,11346,10_22_38420,10,22,38420,กรุงเทพมหานคร,ภาษีเจริญ,2,ห้องชุด/คอนโด,,,28.28,"3,841,938,420,115,410",7/11/2026 3:50
not_found,LandsMaps ไม่พบโฉนด,11346,10_22_115410,10,22,115410,กรุงเทพมหานคร,ภาษีเจริญ,2,ห้องชุด/คอนโด,,,28.28,"3,841,938,420,115,410",7/11/2026 3:50
not_found,LandsMaps ไม่พบโฉนด,11347,10_15_5936,10,15,5936,กรุงเทพมหานคร,ธนบุรี,2,ห้องชุด/คอนโด,,,39.48,"593,659,375,940,594,000,000,000",7/11/2026 3:50
not_found,LandsMaps ไม่พบโฉนด,11347,10_15_5937,10,15,5937,กรุงเทพมหานคร,ธนบุรี,2,ห้องชุด/คอนโด,,,39.48,"593,659,375,940,594,000,000,000",7/11/2026 3:50
not_found,LandsMaps ไม่พบโฉนด,11347,10_15_5940,10,15,5940,กรุงเทพมหานคร,ธนบุรี,2,ห้องชุด/คอนโด,,,39.48,"593,659,375,940,594,000,000,000",7/11/2026 3:50
not_found,LandsMaps ไม่พบโฉนด,11347,10_15_5941,10,15,5941,กรุงเทพมหานคร,ธนบุรี,2,ห้องชุด/คอนโด,,,39.48,"593,659,375,940,594,000,000,000",7/11/2026 3:50
not_found,LandsMaps ไม่พบโฉนด,11347,10_15_5942,10,15,5942,กรุงเทพมหานคร,ธนบุรี,2,ห้องชุด/คอนโด,,,39.48,"593,659,375,940,594,000,000,000",7/11/2026 3:50
not_found,LandsMaps ไม่พบโฉนด,11347,10_15_5943,10,15,5943,กรุงเทพมหานคร,ธนบุรี,2,ห้องชุด/คอนโด,,,39.48,"593,659,375,940,594,000,000,000",7/11/2026 3:50
not_found,LandsMaps ไม่พบโฉนด,11348,10_40_3616,10,40,3616,กรุงเทพมหานคร,บางแค,2,ห้องชุด/คอนโด,,,46.3,"361,636,173,618",7/11/2026 3:50
not_found,LandsMaps ไม่พบโฉนด,11348,10_40_3617,10,40,3617,กรุงเทพมหานคร,บางแค,2,ห้องชุด/คอนโด,,,46.3,"361,636,173,618",7/11/2026 3:50
not_found,LandsMaps ไม่พบโฉนด,11348,10_40_3618,10,40,3618,กรุงเทพมหานคร,บางแค,2,ห้องชุด/คอนโด,,,46.3,"361,636,173,618",7/11/2026 3:50
not_found,LandsMaps ไม่พบโฉนด,11349,10_21_131300,10,21,131300,กรุงเทพมหานคร,บางขุนเทียน,3,ที่ดิน+สิ่งปลูกสร้าง,,,16,131300,7/11/2026 3:50
not_found,LandsMaps ไม่พบโฉนด,11350,10_40_22628,10,40,22628,กรุงเทพมหานคร,บางแค,3,ที่ดิน+สิ่งปลูกสร้าง,,,38.2,22628,7/11/2026 3:50
not_found,LandsMaps ไม่พบโฉนด,11351,10_21_1557,10,21,1557,กรุงเทพมหานคร,บางขุนเทียน,2,ห้องชุด/คอนโด,,,35.03,"1557, 20420, 20653, 58841",7/11/2026 3:50
not_found,LandsMaps ไม่พบโฉนด,11351,10_21_20420,10,21,20420,กรุงเทพมหานคร,บางขุนเทียน,2,ห้องชุด/คอนโด,,,35.03,"1557, 20420, 20653, 58841",7/11/2026 3:50
not_found,LandsMaps ไม่พบโฉนด,11351,10_21_20653,10,21,20653,กรุงเทพมหานคร,บางขุนเทียน,2,ห้องชุด/คอนโด,,,35.03,"1557, 20420, 20653, 58841",7/11/2026 3:50
not_found,LandsMaps ไม่พบโฉนด,11351,10_21_58841,10,21,58841,กรุงเทพมหานคร,บางขุนเทียน,2,ห้องชุด/คอนโด,,,35.03,"1557, 20420, 20653, 58841",7/11/2026 3:50
not_found,LandsMaps ไม่พบโฉนด,11352,10_22_68883,10,22,68883,กรุงเทพมหานคร,ภาษีเจริญ,2,ห้องชุด/คอนโด,,,25.152,"68883, 149315",7/11/2026 3:50
not_found,LandsMaps ไม่พบโฉนด,11352,10_22_149315,10,22,149315,กรุงเทพมหานคร,ภาษีเจริญ,2,ห้องชุด/คอนโด,,,25.152,"68883, 149315",7/11/2026 3:50
not_found,LandsMaps ไม่พบโฉนด,11353,10_22_68883,10,22,68883,กรุงเทพมหานคร,ภาษีเจริญ,2,ห้องชุด/คอนโด,,,24.95,"68883 , 149315",7/11/2026 3:50
not_found,LandsMaps ไม่พบโฉนด,11353,10_22_149315,10,22,149315,กรุงเทพมหานคร,ภาษีเจริญ,2,ห้องชุด/คอนโด,,,24.95,"68883 , 149315",7/11/2026 3:50
not_found,LandsMaps ไม่พบโฉนด,11354,10_49_23169,10,49,23169,กรุงเทพมหานคร,ทุ่งครุ,3,ที่ดิน+สิ่งปลูกสร้าง,,1,,23169,7/11/2026 3:50
not_found,LandsMaps ไม่พบโฉนด,11355,10_22_2694,10,22,2694,กรุงเทพมหานคร,ภาษีเจริญ,2,ห้องชุด/คอนโด,,,23.94,"2,694,791,312,604",7/11/2026 3:50
not_found,LandsMaps ไม่พบโฉนด,11355,10_22_7913,10,22,7913,กรุงเทพมหานคร,ภาษีเจริญ,2,ห้องชุด/คอนโด,,,23.94,"2,694,791,312,604",7/11/2026 3:50
not_found,LandsMaps ไม่พบโฉนด,11355,10_22_12604,10,22,12604,กรุงเทพมหานคร,ภาษีเจริญ,2,ห้องชุด/คอนโด,,,23.94,"2,694,791,312,604",7/11/2026 3:50
not_found,LandsMaps ไม่พบโฉนด,11356,10_23_35752,10,23,35752,กรุงเทพมหานคร,หนองแขม,3,ที่ดิน+สิ่งปลูกสร้าง,,,20,35752,7/11/2026 3:50
not_found,LandsMaps ไม่พบโฉนด,11357,10_21_180383,10,21,180383,กรุงเทพมหานคร,บางขุนเทียน,2,ห้องชุด/คอนโด,,,26.28,180383,7/11/2026 3:50
not_found,LandsMaps ไม่พบโฉนด,11358,10_23_18576,10,23,18576,กรุงเทพมหานคร,หนองแขม,3,ที่ดิน+สิ่งปลูกสร้าง,,,59,18576,7/11/2026 3:50
not_found,LandsMaps ไม่พบโฉนด,11359,10_50_6396,10,50,6396,กรุงเทพมหานคร,บางบอน,3,ที่ดิน+สิ่งปลูกสร้าง,,,95,6396,7/11/2026 3:50
not_found,LandsMaps ไม่พบโฉนด,11360,10_22_4513,10,22,4513,กรุงเทพมหานคร,ภาษีเจริญ,2,ห้องชุด/คอนโด,,,32.48,"4,513,146,465,146,460,000,000",7/11/2026 3:50
not_found,LandsMaps ไม่พบโฉนด,11360,10_22_146465,10,22,146465,กรุงเทพมหานคร,ภาษีเจริญ,2,ห้องชุด/คอนโด,,,32.48,"4,513,146,465,146,460,000,000",7/11/2026 3:50
not_found,LandsMaps ไม่พบโฉนด,11360,10_22_146466,10,22,146466,กรุงเทพมหานคร,ภาษีเจริญ,2,ห้องชุด/คอนโด,,,32.48,"4,513,146,465,146,460,000,000",7/11/2026 3:50
not_found,LandsMaps ไม่พบโฉนด,11360,10_22_146467,10,22,146467,กรุงเทพมหานคร,ภาษีเจริญ,2,ห้องชุด/คอนโด,,,32.48,"4,513,146,465,146,460,000,000",7/11/2026 3:50
not_found,LandsMaps ไม่พบโฉนด,11361,10_22_52633,10,22,52633,กรุงเทพมหานคร,ภาษีเจริญ,2,ห้องชุด/คอนโด,,,30.19,"526,335,263,452,635",7/11/2026 3:50
not_found,LandsMaps ไม่พบโฉนด,11361,10_22_52634,10,22,52634,กรุงเทพมหานคร,ภาษีเจริญ,2,ห้องชุด/คอนโด,,,30.19,"526,335,263,452,635",7/11/2026 3:50
not_found,LandsMaps ไม่พบโฉนด,11361,10_22_52635,10,22,52635,กรุงเทพมหานคร,ภาษีเจริญ,2,ห้องชุด/คอนโด,,,30.19,"526,335,263,452,635",7/11/2026 3:50
not_found,LandsMaps ไม่พบโฉนด,11362,10_24_62276,10,24,62276,กรุงเทพมหานคร,ราษฎร์บูรณะ,3,ที่ดิน+สิ่งปลูกสร้าง,,,23.4,62276,7/11/2026 3:50
not_found,LandsMaps ไม่พบโฉนด,11363,10_35_2257,10,35,2257,กรุงเทพมหานคร,จอมทอง,3,ที่ดิน+สิ่งปลูกสร้าง,,,23,2257,7/11/2026 3:50
not_found,LandsMaps ไม่พบโฉนด,11364,10_22_68883,10,22,68883,กรุงเทพมหานคร,ภาษีเจริญ,2,ห้องชุด/คอนโด,,,32.62,"68883, 149315",7/11/2026 3:50
not_found,LandsMaps ไม่พบโฉนด,11364,10_22_149315,10,22,149315,กรุงเทพมหานคร,ภาษีเจริญ,2,ห้องชุด/คอนโด,,,32.62,"68883, 149315",7/11/2026 3:50
not_found,LandsMaps ไม่พบโฉนด,11365,10_15_11842,10,15,11842,กรุงเทพมหานคร,ธนบุรี(บางกอกใหญ่),3,ที่ดิน+สิ่งปลูกสร้าง,,,7,11842,7/11/2026 3:50
not_found,LandsMaps ไม่พบโฉนด,11366,10_22_68883,10,22,68883,กรุงเทพมหานคร,ภาษีเจริญ,2,ห้องชุด/คอนโด,,,24.92,"68883, 149315",7/11/2026 3:50
not_found,LandsMaps ไม่พบโฉนด,11366,10_22_149315,10,22,149315,กรุงเทพมหานคร,ภาษีเจริญ,2,ห้องชุด/คอนโด,,,24.92,"68883, 149315",7/11/2026 3:50
not_found,LandsMaps ไม่พบโฉนด,11367,10_35_20516,10,35,20516,กรุงเทพมหานคร,จอมทอง,2,ห้องชุด/คอนโด,,,29.74,20516,7/11/2026 3:50
not_found,LandsMaps ไม่พบโฉนด,11368,10_21_55659,10,21,55659,กรุงเทพมหานคร,บางขุนเทียน,2,ห้องชุด/คอนโด,,,26.66,"55,659,155,192",7/11/2026 3:50
not_found,LandsMaps ไม่พบโฉนด,11368,10_21_155192,10,21,155192,กรุงเทพมหานคร,บางขุนเทียน,2,ห้องชุด/คอนโด,,,26.66,"55,659,155,192",7/11/2026 3:50
not_found,LandsMaps ไม่พบโฉนด,11369,10_21_1265,10,21,1265,กรุงเทพมหานคร,บางขุนเทียน,2,ห้องชุด/คอนโด,,,28.5,1265,7/11/2026 3:50
not_found,LandsMaps ไม่พบโฉนด,11569,10_40_6610,10,40,6610,กรุงเทพมหานคร,บางแค,3,ที่ดิน+สิ่งปลูกสร้าง,,,17.1,6610,7/11/2026 3:50
not_found,LandsMaps ไม่พบโฉนด,11570,10_22_1098,10,22,1098,กรุงเทพมหานคร,ภาษีเจริญ,2,ห้องชุด/คอนโด,,,26.68,1098,7/11/2026 3:50
not_found,LandsMaps ไม่พบโฉนด,11571,10_15_1769,10,15,1769,กรุงเทพมหานคร,ธนบุรี,2,ห้องชุด/คอนโด,,,34.23,"1769, 1770, 1771, 22876",7/11/2026 3:50
not_found,LandsMaps ไม่พบโฉนด,11571,10_15_1770,10,15,1770,กรุงเทพมหานคร,ธนบุรี,2,ห้องชุด/คอนโด,,,34.23,"1769, 1770, 1771, 22876",7/11/2026 3:50
not_found,LandsMaps ไม่พบโฉนด,11571,10_15_1771,10,15,1771,กรุงเทพมหานคร,ธนบุรี,2,ห้องชุด/คอนโด,,,34.23,"1769, 1770, 1771, 22876",7/11/2026 3:50
not_found,LandsMaps ไม่พบโฉนด,11571,10_15_22876,10,15,22876,กรุงเทพมหานคร,ธนบุรี,2,ห้องชุด/คอนโด,,,34.23,"1769, 1770, 1771, 22876",7/11/2026 3:50
not_found,LandsMaps ไม่พบโฉนด,11572,10_40_23153,10,40,23153,กรุงเทพมหานคร,บางแค,2,ห้องชุด/คอนโด,,,26.25,23153,7/11/2026 3:51
not_found,LandsMaps ไม่พบโฉนด,11573,10_40_21464,10,40,21464,กรุงเทพมหานคร,บางแค,3,ที่ดิน+สิ่งปลูกสร้าง,,,18.1,21464,7/11/2026 3:51
not_found,LandsMaps ไม่พบโฉนด,11574,10_40_23152,10,40,23152,กรุงเทพมหานคร,บางแค,2,ห้องชุด/คอนโด,,,26.06,23152,7/11/2026 3:51
not_found,LandsMaps ไม่พบโฉนด,11575,10_24_3097,10,24,3097,กรุงเทพมหานคร,ราษฎร์บูรณะ,2,ห้องชุด/คอนโด,,,25.33,"30,973,103",7/11/2026 3:51
not_found,LandsMaps ไม่พบโฉนด,11575,10_24_3103,10,24,3103,กรุงเทพมหานคร,ราษฎร์บูรณะ,2,ห้องชุด/คอนโด,,,25.33,"30,973,103",7/11/2026 3:51
not_found,LandsMaps ไม่พบโฉนด,11576,10_24_43807,10,24,43807,กรุงเทพมหานคร,ราษฎร์บูรณะ,3,ที่ดิน+สิ่งปลูกสร้าง,,,16,43807,7/11/2026 3:51
not_found,LandsMaps ไม่พบโฉนด,11577,10_40_24312,10,40,24312,กรุงเทพมหานคร,บางแค,2,ห้องชุด/คอนโด,,,31.44,"24312, 24313",7/11/2026 3:51
not_found,LandsMaps ไม่พบโฉนด,11577,10_40_24313,10,40,24313,กรุงเทพมหานคร,บางแค,2,ห้องชุด/คอนโด,,,31.44,"24312, 24313",7/11/2026 3:51
not_found,LandsMaps ไม่พบโฉนด,11578,10_21_175769,10,21,175769,กรุงเทพมหานคร,บางขุนเทียน,3,ที่ดิน+สิ่งปลูกสร้าง,,,19.6,175769,7/11/2026 3:51
not_found,LandsMaps ไม่พบโฉนด,11579,10_40_21402,10,40,21402,กรุงเทพมหานคร,บางแค,3,ที่ดิน+สิ่งปลูกสร้าง,,,18.1,21402,7/11/2026 3:51
not_found,LandsMaps ไม่พบโฉนด,11580,10_21_164994,10,21,164994,กรุงเทพมหานคร,บางขุนเทียน,3,ที่ดิน+สิ่งปลูกสร้าง,,,17.5,164994,7/11/2026 3:51
not_found,LandsMaps ไม่พบโฉนด,11581,10_22_30044,10,22,30044,กรุงเทพมหานคร,ภาษีเจริญ,3,ที่ดิน+สิ่งปลูกสร้าง,,1,7,30044,7/11/2026 3:51
not_found,LandsMaps ไม่พบโฉนด,11583,10_40_24811,10,40,24811,กรุงเทพมหานคร,บางแค,3,ที่ดิน+สิ่งปลูกสร้าง,,,30.1,24811,7/11/2026 3:51
not_found,LandsMaps ไม่พบโฉนด,11584,10_35_28220,10,35,28220,กรุงเทพมหานคร,จอมทอง,3,ที่ดิน+สิ่งปลูกสร้าง,,,19,28220,7/11/2026 3:51
not_found,LandsMaps ไม่พบโฉนด,11585,10_21_145260,10,21,145260,กรุงเทพมหานคร,บางขุนเทียน,3,ที่ดิน+สิ่งปลูกสร้าง,,,21.9,145260,7/11/2026 3:51
not_found,LandsMaps ไม่พบโฉนด,11586,10_21_145261,10,21,145261,กรุงเทพมหานคร,บางขุนเทียน,3,ที่ดิน+สิ่งปลูกสร้าง,,,21.9,145261,7/11/2026 3:51
not_found,LandsMaps ไม่พบโฉนด,11587,10_21_145262,10,21,145262,กรุงเทพมหานคร,บางขุนเทียน,3,ที่ดิน+สิ่งปลูกสร้าง,,,22,145262,7/11/2026 3:51
not_found,LandsMaps ไม่พบโฉนด,11588,10_15_4566,10,15,4566,กรุงเทพมหานคร,ธนบุรี(บางกอกใหญ่),3,ที่ดิน+สิ่งปลูกสร้าง,,1,57.8,4566,7/11/2026 3:51
not_found,LandsMaps ไม่พบโฉนด,11589,10_15_21611,10,15,21611,กรุงเทพมหานคร,ธนบุรี(บางกอกใหญ่),3,ที่ดิน+สิ่งปลูกสร้าง,,,25,21611,7/11/2026 3:51
not_found,LandsMaps ไม่พบโฉนด,11590,10_21_167013,10,21,167013,กรุงเทพมหานคร,บางขุนเทียน,3,ที่ดิน+สิ่งปลูกสร้าง,,1,60.9,167013,7/11/2026 3:51
not_found,LandsMaps ไม่พบโฉนด,11591,10_21_176583,10,21,176583,กรุงเทพมหานคร,บางขุนเทียน,3,ที่ดิน+สิ่งปลูกสร้าง,,,50.7,176583,7/11/2026 3:51
not_found,LandsMaps ไม่พบโฉนด,11592,10_23_107172,10,23,107172,กรุงเทพมหานคร,หนองแขม,3,ที่ดิน+สิ่งปลูกสร้าง,,1,19,107172,7/11/2026 3:51
not_found,LandsMaps ไม่พบโฉนด,11593,10_22_123986,10,22,123986,กรุงเทพมหานคร,ภาษีเจริญ,3,ที่ดิน+สิ่งปลูกสร้าง,,1,21.2,123986,7/11/2026 3:51
not_found,LandsMaps ไม่พบโฉนด,11594,10_22_123987,10,22,123987,กรุงเทพมหานคร,ภาษีเจริญ,3,ที่ดิน+สิ่งปลูกสร้าง,,,82.9,123987,7/11/2026 3:51
not_found,LandsMaps ไม่พบโฉนด,11595,10_22_28919,10,22,28919,กรุงเทพมหานคร,ภาษีเจริญ,1,ที่ดินเปล่า,1,3,5,28919,7/11/2026 3:51
not_found,LandsMaps ไม่พบโฉนด,11596,10_21_99646,10,21,99646,กรุงเทพมหานคร,บางขุนเทียน,3,ที่ดิน+สิ่งปลูกสร้าง,,,41.8,99646,7/11/2026 3:51
not_found,LandsMaps ไม่พบโฉนด,11597,10_21_99647,10,21,99647,กรุงเทพมหานคร,บางขุนเทียน,3,ที่ดิน+สิ่งปลูกสร้าง,,,41.8,99647,7/11/2026 3:51
not_found,LandsMaps ไม่พบโฉนด,11598,10_21_99648,10,21,99648,กรุงเทพมหานคร,บางขุนเทียน,3,ที่ดิน+สิ่งปลูกสร้าง,,,41.8,99648,7/11/2026 3:51
not_found,LandsMaps ไม่พบโฉนด,11599,10_22_124024,10,22,124024,กรุงเทพมหานคร,ภาษีเจริญ,3,ที่ดิน+สิ่งปลูกสร้าง,,,99,124024,7/11/2026 3:51
not_found,LandsMaps ไม่พบโฉนด,11600,10_22_124025,10,22,124025,กรุงเทพมหานคร,ภาษีเจริญ,3,ที่ดิน+สิ่งปลูกสร้าง,,,99,124025,7/11/2026 3:51
not_found,LandsMaps ไม่พบโฉนด,11601,10_22_124026,10,22,124026,กรุงเทพมหานคร,ภาษีเจริญ,3,ที่ดิน+สิ่งปลูกสร้าง,,,99,124026,7/11/2026 3:51
not_found,LandsMaps ไม่พบโฉนด,11602,10_22_124027,10,22,124027,กรุงเทพมหานคร,ภาษีเจริญ,3,ที่ดิน+สิ่งปลูกสร้าง,,,99,124027,7/11/2026 3:51
not_found,LandsMaps ไม่พบโฉนด,11603,10_18_1158,10,18,1158,กรุงเทพมหานคร,คลองสาน,2,ห้องชุด/คอนโด,,,109.76,"11,584,528",7/11/2026 3:51
not_found,LandsMaps ไม่พบโฉนด,11603,10_18_4528,10,18,4528,กรุงเทพมหานคร,คลองสาน,2,ห้องชุด/คอนโด,,,109.76,"11,584,528",7/11/2026 3:51
not_found,LandsMaps ไม่พบโฉนด,11604,10_21_15342,10,21,15342,กรุงเทพมหานคร,บางขุนเทียน,3,ที่ดิน+สิ่งปลูกสร้าง,2,2,9,15342,7/11/2026 3:51
not_found,LandsMaps ไม่พบโฉนด,11605,10_21_101009,10,21,101009,กรุงเทพมหานคร,บางขุนเทียน,3,ที่ดิน+สิ่งปลูกสร้าง,1,2,88,101009,7/11/2026 3:51
not_found,LandsMaps ไม่พบโฉนด,11606,10_22_7570,10,22,7570,กรุงเทพมหานคร,ภาษีเจริญ,3,ที่ดิน+สิ่งปลูกสร้าง,,1,70,7570,7/11/2026 3:51
not_found,LandsMaps ไม่พบโฉนด,11607,10_22_7569,10,22,7569,กรุงเทพมหานคร,ภาษีเจริญ,1,ที่ดินเปล่า,,1,62.8,7569,7/11/2026 3:51
not_found,LandsMaps ไม่พบโฉนด,11608,10_22_130504,10,22,130504,กรุงเทพมหานคร,ภาษีเจริญ,3,ที่ดิน+สิ่งปลูกสร้าง,,,86.2,130504,7/11/2026 3:51
not_found,LandsMaps ไม่พบโฉนด,11609,10_23_56200,10,23,56200,กรุงเทพมหานคร,หนองแขม,2,ห้องชุด/คอนโด,,,23.7,"562,006,221,262,213",7/11/2026 3:51
not_found,LandsMaps ไม่พบโฉนด,11609,10_23_62212,10,23,62212,กรุงเทพมหานคร,หนองแขม,2,ห้องชุด/คอนโด,,,23.7,"562,006,221,262,213",7/11/2026 3:51
not_found,LandsMaps ไม่พบโฉนด,11609,10_23_62213,10,23,62213,กรุงเทพมหานคร,หนองแขม,2,ห้องชุด/คอนโด,,,23.7,"562,006,221,262,213",7/11/2026 3:51
not_found,LandsMaps ไม่พบโฉนด,11610,10_35_23321,10,35,23321,กรุงเทพมหานคร,จอมทอง,2,ห้องชุด/คอนโด,,,23.5,23321,7/11/2026 3:51
not_found,LandsMaps ไม่พบโฉนด,11611,10_22_140877,10,22,140877,กรุงเทพมหานคร,ภาษีเจริญ,2,ห้องชุด/คอนโด,,,31.14,140877,7/11/2026 3:51
not_found,LandsMaps ไม่พบโฉนด,11612,10_15_4162,10,15,4162,กรุงเทพมหานคร,ธนบุรี,2,ห้องชุด/คอนโด,,,23.7,"416,267,456,746,719,000,000",7/11/2026 3:51
not_found,LandsMaps ไม่พบโฉนด,11612,10_15_6745,10,15,6745,กรุงเทพมหานคร,ธนบุรี,2,ห้องชุด/คอนโด,,,23.7,"416,267,456,746,719,000,000",7/11/2026 3:51
not_found,LandsMaps ไม่พบโฉนด,11612,10_15_6746,10,15,6746,กรุงเทพมหานคร,ธนบุรี,2,ห้องชุด/คอนโด,,,23.7,"416,267,456,746,719,000,000",7/11/2026 3:51
not_found,LandsMaps ไม่พบโฉนด,11612,10_15_7193,10,15,7193,กรุงเทพมหานคร,ธนบุรี,2,ห้องชุด/คอนโด,,,23.7,"416,267,456,746,719,000,000",7/11/2026 3:51
not_found,LandsMaps ไม่พบโฉนด,11612,10_15_10619,10,15,10619,กรุงเทพมหานคร,ธนบุรี,2,ห้องชุด/คอนโด,,,23.7,"416,267,456,746,719,000,000",7/11/2026 3:51
not_found,LandsMaps ไม่พบโฉนด,11613,10_15_4162,10,15,4162,กรุงเทพมหานคร,ธนบุรี,2,ห้องชุด/คอนโด,,,23.68,"416,267,456,746,719,000,000",7/11/2026 3:51
not_found,LandsMaps ไม่พบโฉนด,11613,10_15_6745,10,15,6745,กรุงเทพมหานคร,ธนบุรี,2,ห้องชุด/คอนโด,,,23.68,"416,267,456,746,719,000,000",7/11/2026 3:51
not_found,LandsMaps ไม่พบโฉนด,11613,10_15_6746,10,15,6746,กรุงเทพมหานคร,ธนบุรี,2,ห้องชุด/คอนโด,,,23.68,"416,267,456,746,719,000,000",7/11/2026 3:51
not_found,LandsMaps ไม่พบโฉนด,11613,10_15_7193,10,15,7193,กรุงเทพมหานคร,ธนบุรี,2,ห้องชุด/คอนโด,,,23.68,"416,267,456,746,719,000,000",7/11/2026 3:51
not_found,LandsMaps ไม่พบโฉนด,11613,10_15_10619,10,15,10619,กรุงเทพมหานคร,ธนบุรี,2,ห้องชุด/คอนโด,,,23.68,"416,267,456,746,719,000,000",7/11/2026 3:51
not_found,LandsMaps ไม่พบโฉนด,11614,10_22_1098,10,22,1098,กรุงเทพมหานคร,ภาษีเจริญ,2,ห้องชุด/คอนโด,,,22.62,1098,7/11/2026 3:51
not_found,LandsMaps ไม่พบโฉนด,11615,10_22_4513,10,22,4513,กรุงเทพมหานคร,ภาษีเจริญ,2,ห้องชุด/คอนโด,,,30.91,"4,513,146,465,146,460,000,000",7/11/2026 3:51
not_found,LandsMaps ไม่พบโฉนด,11615,10_22_146465,10,22,146465,กรุงเทพมหานคร,ภาษีเจริญ,2,ห้องชุด/คอนโด,,,30.91,"4,513,146,465,146,460,000,000",7/11/2026 3:51
not_found,LandsMaps ไม่พบโฉนด,11615,10_22_146466,10,22,146466,กรุงเทพมหานคร,ภาษีเจริญ,2,ห้องชุด/คอนโด,,,30.91,"4,513,146,465,146,460,000,000",7/11/2026 3:51
not_found,LandsMaps ไม่พบโฉนด,11615,10_22_146467,10,22,146467,กรุงเทพมหานคร,ภาษีเจริญ,2,ห้องชุด/คอนโด,,,30.91,"4,513,146,465,146,460,000,000",7/11/2026 3:51
not_found,LandsMaps ไม่พบโฉนด,11616,10_15_4340,10,15,4340,กรุงเทพมหานคร,ธนบุรี,2,ห้องชุด/คอนโด,,,34.94,"43,404,341",7/11/2026 3:51
not_found,LandsMaps ไม่พบโฉนด,11616,10_15_4341,10,15,4341,กรุงเทพมหานคร,ธนบุรี,2,ห้องชุด/คอนโด,,,34.94,"43,404,341",7/11/2026 3:51
not_found,LandsMaps ไม่พบโฉนด,11617,10_21_162072,10,21,162072,กรุงเทพมหานคร,บางขุนเทียน,2,ห้องชุด/คอนโด,,,34.22,"162072,162076,162077,162073,162074,162075,162082-3",7/11/2026 3:51
not_found,LandsMaps ไม่พบโฉนด,11617,10_21_162076,10,21,162076,กรุงเทพมหานคร,บางขุนเทียน,2,ห้องชุด/คอนโด,,,34.22,"162072,162076,162077,162073,162074,162075,162082-3",7/11/2026 3:51
not_found,LandsMaps ไม่พบโฉนด,11617,10_21_162077,10,21,162077,กรุงเทพมหานคร,บางขุนเทียน,2,ห้องชุด/คอนโด,,,34.22,"162072,162076,162077,162073,162074,162075,162082-3",7/11/2026 3:51
not_found,LandsMaps ไม่พบโฉนด,11617,10_21_162073,10,21,162073,กรุงเทพมหานคร,บางขุนเทียน,2,ห้องชุด/คอนโด,,,34.22,"162072,162076,162077,162073,162074,162075,162082-3",7/11/2026 3:51
not_found,LandsMaps ไม่พบโฉนด,11617,10_21_162074,10,21,162074,กรุงเทพมหานคร,บางขุนเทียน,2,ห้องชุด/คอนโด,,,34.22,"162072,162076,162077,162073,162074,162075,162082-3",7/11/2026 3:51
not_found,LandsMaps ไม่พบโฉนด,11617,10_21_162075,10,21,162075,กรุงเทพมหานคร,บางขุนเทียน,2,ห้องชุด/คอนโด,,,34.22,"162072,162076,162077,162073,162074,162075,162082-3",7/11/2026 3:51
not_found,LandsMaps ไม่พบโฉนด,11617,10_21_162082,10,21,162082,กรุงเทพมหานคร,บางขุนเทียน,2,ห้องชุด/คอนโด,,,34.22,"162072,162076,162077,162073,162074,162075,162082-3",7/11/2026 3:51
not_found,LandsMaps ไม่พบโฉนด,11618,10_22_68883,10,22,68883,กรุงเทพมหานคร,ภาษีเจริญ,2,ห้องชุด/คอนโด,,,24.85,"68,883,149,315",7/11/2026 3:51
not_found,LandsMaps ไม่พบโฉนด,11618,10_22_149315,10,22,149315,กรุงเทพมหานคร,ภาษีเจริญ,2,ห้องชุด/คอนโด,,,24.85,"68,883,149,315",7/11/2026 3:51
not_found,LandsMaps ไม่พบโฉนด,11619,10_21_166818,10,21,166818,กรุงเทพมหานคร,บางขุนเทียน,2,ห้องชุด/คอนโด,,,32.76,"166818,166817,166819,166824 (บ่อหน่วงน้ำร่วม)",7/11/2026 3:51
not_found,LandsMaps ไม่พบโฉนด,11619,10_21_166817,10,21,166817,กรุงเทพมหานคร,บางขุนเทียน,2,ห้องชุด/คอนโด,,,32.76,"166818,166817,166819,166824 (บ่อหน่วงน้ำร่วม)",7/11/2026 3:51
not_found,LandsMaps ไม่พบโฉนด,11619,10_21_166819,10,21,166819,กรุงเทพมหานคร,บางขุนเทียน,2,ห้องชุด/คอนโด,,,32.76,"166818,166817,166819,166824 (บ่อหน่วงน้ำร่วม)",7/11/2026 3:51
not_found,LandsMaps ไม่พบโฉนด,11619,10_21_166824,10,21,166824,กรุงเทพมหานคร,บางขุนเทียน,2,ห้องชุด/คอนโด,,,32.76,"166818,166817,166819,166824 (บ่อหน่วงน้ำร่วม)",7/11/2026 3:51
not_found,LandsMaps ไม่พบโฉนด,11620,10_21_88220,10,21,88220,กรุงเทพมหานคร,บางขุนเทียน,2,ห้องชุด/คอนโด,,,26.25,"8,822,088,227",7/11/2026 3:51
not_found,LandsMaps ไม่พบโฉนด,11620,10_21_88227,10,21,88227,กรุงเทพมหานคร,บางขุนเทียน,2,ห้องชุด/คอนโด,,,26.25,"8,822,088,227",7/11/2026 3:51
not_found,LandsMaps ไม่พบโฉนด,11621,10_21_106116,10,21,106116,กรุงเทพมหานคร,บางขุนเทียน,2,ห้องชุด/คอนโด,,,26.25,106116,7/11/2026 3:51
not_found,LandsMaps ไม่พบโฉนด,11622,10_24_40822,10,24,40822,กรุงเทพมหานคร,ราษฎร์บูรณะ,2,ห้องชุด/คอนโด,,,26.25,"40,822,408,234,082,400,000,000,000,000,000,000",7/11/2026 3:51
not_found,LandsMaps ไม่พบโฉนด,11622,10_24_40823,10,24,40823,กรุงเทพมหานคร,ราษฎร์บูรณะ,2,ห้องชุด/คอนโด,,,26.25,"40,822,408,234,082,400,000,000,000,000,000,000",7/11/2026 3:51
not_found,LandsMaps ไม่พบโฉนด,11622,10_24_40824,10,24,40824,กรุงเทพมหานคร,ราษฎร์บูรณะ,2,ห้องชุด/คอนโด,,,26.25,"40,822,408,234,082,400,000,000,000,000,000,000",7/11/2026 3:51
not_found,LandsMaps ไม่พบโฉนด,11622,10_24_40825,10,24,40825,กรุงเทพมหานคร,ราษฎร์บูรณะ,2,ห้องชุด/คอนโด,,,26.25,"40,822,408,234,082,400,000,000,000,000,000,000",7/11/2026 3:51
not_found,LandsMaps ไม่พบโฉนด,11622,10_24_40826,10,24,40826,กรุงเทพมหานคร,ราษฎร์บูรณะ,2,ห้องชุด/คอนโด,,,26.25,"40,822,408,234,082,400,000,000,000,000,000,000",7/11/2026 3:51
not_found,LandsMaps ไม่พบโฉนด,11622,10_24_40827,10,24,40827,กรุงเทพมหานคร,ราษฎร์บูรณะ,2,ห้องชุด/คอนโด,,,26.25,"40,822,408,234,082,400,000,000,000,000,000,000",7/11/2026 3:51
not_found,LandsMaps ไม่พบโฉนด,11622,10_24_40828,10,24,40828,กรุงเทพมหานคร,ราษฎร์บูรณะ,2,ห้องชุด/คอนโด,,,26.25,"40,822,408,234,082,400,000,000,000,000,000,000",7/11/2026 3:51
not_found,LandsMaps ไม่พบโฉนด,11623,10_35_4503,10,35,4503,กรุงเทพมหานคร,จอมทอง,1,ที่ดินเปล่า,,,12.5,4503,7/11/2026 3:51
not_found,LandsMaps ไม่พบโฉนด,11624,10_35_4504,10,35,4504,กรุงเทพมหานคร,จอมทอง,1,ที่ดินเปล่า,,,12.5,4504,7/11/2026 3:51
not_found,LandsMaps ไม่พบโฉนด,11625,10_35_4505,10,35,4505,กรุงเทพมหานคร,จอมทอง,1,ที่ดินเปล่า,,,12.5,4505,7/11/2026 3:51
not_found,LandsMaps ไม่พบโฉนด,11626,10_35_4506,10,35,4506,กรุงเทพมหานคร,จอมทอง,1,ที่ดินเปล่า,,,12.5,4506,7/11/2026 3:51
not_found,LandsMaps ไม่พบโฉนด,11627,10_22_4702,10,22,4702,กรุงเทพมหานคร,ภาษีเจริญ,2,ห้องชุด/คอนโด,,,31.44,"4,702,781,862,892",7/11/2026 3:51
not_found,LandsMaps ไม่พบโฉนด,11627,10_22_7818,10,22,7818,กรุงเทพมหานคร,ภาษีเจริญ,2,ห้องชุด/คอนโด,,,31.44,"4,702,781,862,892",7/11/2026 3:52
not_found,LandsMaps ไม่พบโฉนด,11627,10_22_62892,10,22,62892,กรุงเทพมหานคร,ภาษีเจริญ,2,ห้องชุด/คอนโด,,,31.44,"4,702,781,862,892",7/11/2026 3:52
not_found,LandsMaps ไม่พบโฉนด,11628,10_22_98149,10,22,98149,กรุงเทพมหานคร,ภาษีเจริญ,2,ห้องชุด/คอนโด,,,23.35,"9,814,998,150",7/11/2026 3:52
not_found,LandsMaps ไม่พบโฉนด,11628,10_22_98150,10,22,98150,กรุงเทพมหานคร,ภาษีเจริญ,2,ห้องชุด/คอนโด,,,23.35,"9,814,998,150",7/11/2026 3:52
not_found,LandsMaps ไม่พบโฉนด,11629,10_24_40676,10,24,40676,กรุงเทพมหานคร,ราษฎร์บูรณะ,2,ห้องชุด/คอนโด,,,26.25,"406,764,069,740,698,000,000,000,000,000,000,000,000,000,000",7/11/2026 3:52
not_found,LandsMaps ไม่พบโฉนด,11629,10_24_40697,10,24,40697,กรุงเทพมหานคร,ราษฎร์บูรณะ,2,ห้องชุด/คอนโด,,,26.25,"406,764,069,740,698,000,000,000,000,000,000,000,000,000,000",7/11/2026 3:52
not_found,LandsMaps ไม่พบโฉนด,11629,10_24_40698,10,24,40698,กรุงเทพมหานคร,ราษฎร์บูรณะ,2,ห้องชุด/คอนโด,,,26.25,"406,764,069,740,698,000,000,000,000,000,000,000,000,000,000",7/11/2026 3:52
not_found,LandsMaps ไม่พบโฉนด,11629,10_24_40699,10,24,40699,กรุงเทพมหานคร,ราษฎร์บูรณะ,2,ห้องชุด/คอนโด,,,26.25,"406,764,069,740,698,000,000,000,000,000,000,000,000,000,000",7/11/2026 3:52
not_found,LandsMaps ไม่พบโฉนด,11629,10_24_40700,10,24,40700,กรุงเทพมหานคร,ราษฎร์บูรณะ,2,ห้องชุด/คอนโด,,,26.25,"406,764,069,740,698,000,000,000,000,000,000,000,000,000,000",7/11/2026 3:52
not_found,LandsMaps ไม่พบโฉนด,11629,10_24_40701,10,24,40701,กรุงเทพมหานคร,ราษฎร์บูรณะ,2,ห้องชุด/คอนโด,,,26.25,"406,764,069,740,698,000,000,000,000,000,000,000,000,000,000",7/11/2026 3:52
not_found,LandsMaps ไม่พบโฉนด,11629,10_24_40702,10,24,40702,กรุงเทพมหานคร,ราษฎร์บูรณะ,2,ห้องชุด/คอนโด,,,26.25,"406,764,069,740,698,000,000,000,000,000,000,000,000,000,000",7/11/2026 3:52
not_found,LandsMaps ไม่พบโฉนด,11629,10_24_40703,10,24,40703,กรุงเทพมหานคร,ราษฎร์บูรณะ,2,ห้องชุด/คอนโด,,,26.25,"406,764,069,740,698,000,000,000,000,000,000,000,000,000,000",7/11/2026 3:52
not_found,LandsMaps ไม่พบโฉนด,11629,10_24_40704,10,24,40704,กรุงเทพมหานคร,ราษฎร์บูรณะ,2,ห้องชุด/คอนโด,,,26.25,"406,764,069,740,698,000,000,000,000,000,000,000,000,000,000",7/11/2026 3:52
not_found,LandsMaps ไม่พบโฉนด,11630,10_24_35993,10,24,35993,กรุงเทพมหานคร,ราษฎร์บูรณะ,2,ห้องชุด/คอนโด,,,20.3,"3,599,335,626,517,400,000,000,000,000,000,000",7/11/2026 3:52
not_found,LandsMaps ไม่พบโฉนด,11630,10_24_35626,10,24,35626,กรุงเทพมหานคร,ราษฎร์บูรณะ,2,ห้องชุด/คอนโด,,,20.3,"3,599,335,626,517,400,000,000,000,000,000,000",7/11/2026 3:52
not_found,LandsMaps ไม่พบโฉนด,11630,10_24_51740,10,24,51740,กรุงเทพมหานคร,ราษฎร์บูรณะ,2,ห้องชุด/คอนโด,,,20.3,"3,599,335,626,517,400,000,000,000,000,000,000",7/11/2026 3:52
not_found,LandsMaps ไม่พบโฉนด,11630,10_24_1243,10,24,1243,กรุงเทพมหานคร,ราษฎร์บูรณะ,2,ห้องชุด/คอนโด,,,20.3,"3,599,335,626,517,400,000,000,000,000,000,000",7/11/2026 3:52
not_found,LandsMaps ไม่พบโฉนด,11630,10_24_53810,10,24,53810,กรุงเทพมหานคร,ราษฎร์บูรณะ,2,ห้องชุด/คอนโด,,,20.3,"3,599,335,626,517,400,000,000,000,000,000,000",7/11/2026 3:52
not_found,LandsMaps ไม่พบโฉนด,11630,10_24_53811,10,24,53811,กรุงเทพมหานคร,ราษฎร์บูรณะ,2,ห้องชุด/คอนโด,,,20.3,"3,599,335,626,517,400,000,000,000,000,000,000",7/11/2026 3:52
not_found,LandsMaps ไม่พบโฉนด,11630,10_24_35992,10,24,35992,กรุงเทพมหานคร,ราษฎร์บูรณะ,2,ห้องชุด/คอนโด,,,20.3,"3,599,335,626,517,400,000,000,000,000,000,000",7/11/2026 3:52
not_found,LandsMaps ไม่พบโฉนด,11631,10_22_64186,10,22,64186,กรุงเทพมหานคร,ภาษีเจริญ,2,ห้องชุด/คอนโด,,,25.16,64186,7/11/2026 3:52
not_found,LandsMaps ไม่พบโฉนด,11632,10_21_162072,10,21,162072,กรุงเทพมหานคร,บางขุนเทียน,2,ห้องชุด/คอนโด,,,34.22,"162072,162076,162077,162073-5,162082,162083",7/11/2026 3:52
not_found,LandsMaps ไม่พบโฉนด,11632,10_21_162076,10,21,162076,กรุงเทพมหานคร,บางขุนเทียน,2,ห้องชุด/คอนโด,,,34.22,"162072,162076,162077,162073-5,162082,162083",7/11/2026 3:52
not_found,LandsMaps ไม่พบโฉนด,11632,10_21_162077,10,21,162077,กรุงเทพมหานคร,บางขุนเทียน,2,ห้องชุด/คอนโด,,,34.22,"162072,162076,162077,162073-5,162082,162083",7/11/2026 3:52
not_found,LandsMaps ไม่พบโฉนด,11632,10_21_162073,10,21,162073,กรุงเทพมหานคร,บางขุนเทียน,2,ห้องชุด/คอนโด,,,34.22,"162072,162076,162077,162073-5,162082,162083",7/11/2026 3:52
not_found,LandsMaps ไม่พบโฉนด,11632,10_21_162074,10,21,162074,กรุงเทพมหานคร,บางขุนเทียน,2,ห้องชุด/คอนโด,,,34.22,"162072,162076,162077,162073-5,162082,162083",7/11/2026 3:52
not_found,LandsMaps ไม่พบโฉนด,11632,10_21_162075,10,21,162075,กรุงเทพมหานคร,บางขุนเทียน,2,ห้องชุด/คอนโด,,,34.22,"162072,162076,162077,162073-5,162082,162083",7/11/2026 3:52
not_found,LandsMaps ไม่พบโฉนด,11632,10_21_162082,10,21,162082,กรุงเทพมหานคร,บางขุนเทียน,2,ห้องชุด/คอนโด,,,34.22,"162072,162076,162077,162073-5,162082,162083",7/11/2026 3:52
not_found,LandsMaps ไม่พบโฉนด,11633,10_24_3117,10,24,3117,กรุงเทพมหานคร,ราษฎร์บูรณะ,2,ห้องชุด/คอนโด,,,25.16,"31,173,830,738,308,300,000,000,000,000",7/11/2026 3:52
not_found,LandsMaps ไม่พบโฉนด,11633,10_24_38307,10,24,38307,กรุงเทพมหานคร,ราษฎร์บูรณะ,2,ห้องชุด/คอนโด,,,25.16,"31,173,830,738,308,300,000,000,000,000",7/11/2026 3:52
not_found,LandsMaps ไม่พบโฉนด,11633,10_24_38308,10,24,38308,กรุงเทพมหานคร,ราษฎร์บูรณะ,2,ห้องชุด/คอนโด,,,25.16,"31,173,830,738,308,300,000,000,000,000",7/11/2026 3:52
not_found,LandsMaps ไม่พบโฉนด,11633,10_24_38309,10,24,38309,กรุงเทพมหานคร,ราษฎร์บูรณะ,2,ห้องชุด/คอนโด,,,25.16,"31,173,830,738,308,300,000,000,000,000",7/11/2026 3:52
not_found,LandsMaps ไม่พบโฉนด,11633,10_24_38310,10,24,38310,กรุงเทพมหานคร,ราษฎร์บูรณะ,2,ห้องชุด/คอนโด,,,25.16,"31,173,830,738,308,300,000,000,000,000",7/11/2026 3:52
not_found,LandsMaps ไม่พบโฉนด,11633,10_24_38311,10,24,38311,กรุงเทพมหานคร,ราษฎร์บูรณะ,2,ห้องชุด/คอนโด,,,25.16,"31,173,830,738,308,300,000,000,000,000",7/11/2026 3:52
not_found,LandsMaps ไม่พบโฉนด,11634,10_21_166818,10,21,166818,กรุงเทพมหานคร,บางขุนเทียน,2,ห้องชุด/คอนโด,,,33.02,"166818,166817,166819,166824 (บ่อหน่วงน้ำร่วม)",7/11/2026 3:52
not_found,LandsMaps ไม่พบโฉนด,11634,10_21_166817,10,21,166817,กรุงเทพมหานคร,บางขุนเทียน,2,ห้องชุด/คอนโด,,,33.02,"166818,166817,166819,166824 (บ่อหน่วงน้ำร่วม)",7/11/2026 3:52
not_found,LandsMaps ไม่พบโฉนด,11634,10_21_166819,10,21,166819,กรุงเทพมหานคร,บางขุนเทียน,2,ห้องชุด/คอนโด,,,33.02,"166818,166817,166819,166824 (บ่อหน่วงน้ำร่วม)",7/11/2026 3:52
not_found,LandsMaps ไม่พบโฉนด,11634,10_21_166824,10,21,166824,กรุงเทพมหานคร,บางขุนเทียน,2,ห้องชุด/คอนโด,,,33.02,"166818,166817,166819,166824 (บ่อหน่วงน้ำร่วม)",7/11/2026 3:52
not_found,LandsMaps ไม่พบโฉนด,11635,10_22_4702,10,22,4702,กรุงเทพมหานคร,ภาษีเจริญ,2,ห้องชุด/คอนโด,,,30.98,"4,702,781,862,892",7/11/2026 3:52
not_found,LandsMaps ไม่พบโฉนด,11635,10_22_7818,10,22,7818,กรุงเทพมหานคร,ภาษีเจริญ,2,ห้องชุด/คอนโด,,,30.98,"4,702,781,862,892",7/11/2026 3:52
not_found,LandsMaps ไม่พบโฉนด,11635,10_22_62892,10,22,62892,กรุงเทพมหานคร,ภาษีเจริญ,2,ห้องชุด/คอนโด,,,30.98,"4,702,781,862,892",7/11/2026 3:52
not_found,LandsMaps ไม่พบโฉนด,11636,10_22_4702,10,22,4702,กรุงเทพมหานคร,ภาษีเจริญ,2,ห้องชุด/คอนโด,,,31.5,"4,702,781,862,892",7/11/2026 3:52
not_found,LandsMaps ไม่พบโฉนด,11636,10_22_7818,10,22,7818,กรุงเทพมหานคร,ภาษีเจริญ,2,ห้องชุด/คอนโด,,,31.5,"4,702,781,862,892",7/11/2026 3:52
not_found,LandsMaps ไม่พบโฉนด,11636,10_22_62892,10,22,62892,กรุงเทพมหานคร,ภาษีเจริญ,2,ห้องชุด/คอนโด,,,31.5,"4,702,781,862,892",7/11/2026 3:52
not_found,LandsMaps ไม่พบโฉนด,11637,10_23_25507,10,23,25507,กรุงเทพมหานคร,หนองแขม,2,ห้องชุด/คอนโด,,,34.98,25507,7/11/2026 3:52
not_found,LandsMaps ไม่พบโฉนด,11639,10_23_19693,10,23,19693,กรุงเทพมหานคร,หนองแขม,3,ที่ดิน+สิ่งปลูกสร้าง,,,31,19693,7/11/2026 3:52
not_found,LandsMaps ไม่พบโฉนด,11640,10_24_49598,10,24,49598,กรุงเทพมหานคร,ราษฎร์บูรณะ,3,ที่ดิน+สิ่งปลูกสร้าง,,,17,49598,7/11/2026 3:52
not_found,LandsMaps ไม่พบโฉนด,11641,10_24_11805,10,24,11805,กรุงเทพมหานคร,ราษฎร์บูรณะ,2,ห้องชุด/คอนโด,,,30.19,"1,180,529,435",7/11/2026 3:52
not_found,LandsMaps ไม่พบโฉนด,11641,10_24_29435,10,24,29435,กรุงเทพมหานคร,ราษฎร์บูรณะ,2,ห้องชุด/คอนโด,,,30.19,"1,180,529,435",7/11/2026 3:52
not_found,LandsMaps ไม่พบโฉนด,11642,10_22_55419,10,22,55419,กรุงเทพมหานคร,ภาษีเจริญ,3,ที่ดิน+สิ่งปลูกสร้าง,,,30,55419,7/11/2026 3:52
not_found,LandsMaps ไม่พบโฉนด,11643,10_35_19885,10,35,19885,กรุงเทพมหานคร,จอมทอง,2,ห้องชุด/คอนโด,,,28.24,19885,7/11/2026 3:52
not_found,LandsMaps ไม่พบโฉนด,11644,10_15_686,10,15,686,กรุงเทพมหานคร,ธนบุรี,2,ห้องชุด/คอนโด,,,21.75,"686,882,883,884,885,886,3618,3619,3620,3621,3622,3623ฯ",7/11/2026 3:52
not_found,LandsMaps ไม่พบโฉนด,11644,10_15_882,10,15,882,กรุงเทพมหานคร,ธนบุรี,2,ห้องชุด/คอนโด,,,21.75,"686,882,883,884,885,886,3618,3619,3620,3621,3622,3623ฯ",7/11/2026 3:52
not_found,LandsMaps ไม่พบโฉนด,11644,10_15_883,10,15,883,กรุงเทพมหานคร,ธนบุรี,2,ห้องชุด/คอนโด,,,21.75,"686,882,883,884,885,886,3618,3619,3620,3621,3622,3623ฯ",7/11/2026 3:52
not_found,LandsMaps ไม่พบโฉนด,11644,10_15_884,10,15,884,กรุงเทพมหานคร,ธนบุรี,2,ห้องชุด/คอนโด,,,21.75,"686,882,883,884,885,886,3618,3619,3620,3621,3622,3623ฯ",7/11/2026 3:52
not_found,LandsMaps ไม่พบโฉนด,11644,10_15_885,10,15,885,กรุงเทพมหานคร,ธนบุรี,2,ห้องชุด/คอนโด,,,21.75,"686,882,883,884,885,886,3618,3619,3620,3621,3622,3623ฯ",7/11/2026 3:52
not_found,LandsMaps ไม่พบโฉนด,11644,10_15_886,10,15,886,กรุงเทพมหานคร,ธนบุรี,2,ห้องชุด/คอนโด,,,21.75,"686,882,883,884,885,886,3618,3619,3620,3621,3622,3623ฯ",7/11/2026 3:52
not_found,LandsMaps ไม่พบโฉนด,11644,10_15_3618,10,15,3618,กรุงเทพมหานคร,ธนบุรี,2,ห้องชุด/คอนโด,,,21.75,"686,882,883,884,885,886,3618,3619,3620,3621,3622,3623ฯ",7/11/2026 3:52
not_found,LandsMaps ไม่พบโฉนด,11644,10_15_3619,10,15,3619,กรุงเทพมหานคร,ธนบุรี,2,ห้องชุด/คอนโด,,,21.75,"686,882,883,884,885,886,3618,3619,3620,3621,3622,3623ฯ",7/11/2026 3:52
not_found,LandsMaps ไม่พบโฉนด,11644,10_15_3620,10,15,3620,กรุงเทพมหานคร,ธนบุรี,2,ห้องชุด/คอนโด,,,21.75,"686,882,883,884,885,886,3618,3619,3620,3621,3622,3623ฯ",7/11/2026 3:52
not_found,LandsMaps ไม่พบโฉนด,11644,10_15_3621,10,15,3621,กรุงเทพมหานคร,ธนบุรี,2,ห้องชุด/คอนโด,,,21.75,"686,882,883,884,885,886,3618,3619,3620,3621,3622,3623ฯ",7/11/2026 3:52
not_found,LandsMaps ไม่พบโฉนด,11644,10_15_3622,10,15,3622,กรุงเทพมหานคร,ธนบุรี,2,ห้องชุด/คอนโด,,,21.75,"686,882,883,884,885,886,3618,3619,3620,3621,3622,3623ฯ",7/11/2026 3:52
not_found,LandsMaps ไม่พบโฉนด,11644,10_15_3623,10,15,3623,กรุงเทพมหานคร,ธนบุรี,2,ห้องชุด/คอนโด,,,21.75,"686,882,883,884,885,886,3618,3619,3620,3621,3622,3623ฯ",7/11/2026 3:52
not_found,LandsMaps ไม่พบโฉนด,11645,10_23_21025,10,23,21025,กรุงเทพมหานคร,หนองแขม,3,ที่ดิน+สิ่งปลูกสร้าง,,,62.3,21025,7/11/2026 3:52
not_found,LandsMaps ไม่พบโฉนด,11646,10_24_6187,10,24,6187,กรุงเทพมหานคร,ราษฎร์บูรณะ,2,ห้องชุด/คอนโด,,,22.57,6187,7/11/2026 3:52
not_found,LandsMaps ไม่พบโฉนด,11647,10_24_6187,10,24,6187,กรุงเทพมหานคร,ราษฎร์บูรณะ,2,ห้องชุด/คอนโด,,,22.57,6187,7/11/2026 3:52
not_found,LandsMaps ไม่พบโฉนด,11648,10_35_20627,10,35,20627,กรุงเทพมหานคร,จอมทอง,2,ห้องชุด/คอนโด,,,30.01,20627,7/11/2026 3:52
not_found,LandsMaps ไม่พบโฉนด,11649,10_49_1451,10,49,1451,กรุงเทพมหานคร,ทุ่งครุ,3,ที่ดิน+สิ่งปลูกสร้าง,,,18,1451,7/11/2026 3:52
not_found,LandsMaps ไม่พบโฉนด,11650,10_22_146479,10,22,146479,กรุงเทพมหานคร,ภาษีเจริญ,2,ห้องชุด/คอนโด,,,44.05,"146,479,146,480,146,000,000,000,000,000,000,000",7/11/2026 3:52
not_found,LandsMaps ไม่พบโฉนด,11650,10_22_146480,10,22,146480,กรุงเทพมหานคร,ภาษีเจริญ,2,ห้องชุด/คอนโด,,,44.05,"146,479,146,480,146,000,000,000,000,000,000,000",7/11/2026 3:52
not_found,LandsMaps ไม่พบโฉนด,11650,10_22_146497,10,22,146497,กรุงเทพมหานคร,ภาษีเจริญ,2,ห้องชุด/คอนโด,,,44.05,"146,479,146,480,146,000,000,000,000,000,000,000",7/11/2026 3:52
not_found,LandsMaps ไม่พบโฉนด,11650,10_22_146498,10,22,146498,กรุงเทพมหานคร,ภาษีเจริญ,2,ห้องชุด/คอนโด,,,44.05,"146,479,146,480,146,000,000,000,000,000,000,000",7/11/2026 3:52
not_found,LandsMaps ไม่พบโฉนด,11650,10_22_146499,10,22,146499,กรุงเทพมหานคร,ภาษีเจริญ,2,ห้องชุด/คอนโด,,,44.05,"146,479,146,480,146,000,000,000,000,000,000,000",7/11/2026 3:52
not_found,LandsMaps ไม่พบโฉนด,11650,10_22_146500,10,22,146500,กรุงเทพมหานคร,ภาษีเจริญ,2,ห้องชุด/คอนโด,,,44.05,"146,479,146,480,146,000,000,000,000,000,000,000",7/11/2026 3:52
not_found,LandsMaps ไม่พบโฉนด,11651,10_22_146479,10,22,146479,กรุงเทพมหานคร,ภาษีเจริญ,2,ห้องชุด/คอนโด,,,31.63,"146,479,146,480,146,000,000,000,000,000,000,000",7/11/2026 3:52
not_found,LandsMaps ไม่พบโฉนด,11651,10_22_146480,10,22,146480,กรุงเทพมหานคร,ภาษีเจริญ,2,ห้องชุด/คอนโด,,,31.63,"146,479,146,480,146,000,000,000,000,000,000,000",7/11/2026 3:52
not_found,LandsMaps ไม่พบโฉนด,11651,10_22_146497,10,22,146497,กรุงเทพมหานคร,ภาษีเจริญ,2,ห้องชุด/คอนโด,,,31.63,"146,479,146,480,146,000,000,000,000,000,000,000",7/11/2026 3:52
not_found,LandsMaps ไม่พบโฉนด,11651,10_22_146498,10,22,146498,กรุงเทพมหานคร,ภาษีเจริญ,2,ห้องชุด/คอนโด,,,31.63,"146,479,146,480,146,000,000,000,000,000,000,000",7/11/2026 3:52
not_found,LandsMaps ไม่พบโฉนด,11651,10_22_146499,10,22,146499,กรุงเทพมหานคร,ภาษีเจริญ,2,ห้องชุด/คอนโด,,,31.63,"146,479,146,480,146,000,000,000,000,000,000,000",7/11/2026 3:52
not_found,LandsMaps ไม่พบโฉนด,11651,10_22_146500,10,22,146500,กรุงเทพมหานคร,ภาษีเจริญ,2,ห้องชุด/คอนโด,,,31.63,"146,479,146,480,146,000,000,000,000,000,000,000",7/11/2026 3:52
not_found,LandsMaps ไม่พบโฉนด,11652,10_22_146479,10,22,146479,กรุงเทพมหานคร,ภาษีเจริญ,2,ห้องชุด/คอนโด,,,31.61,"146,479,146,480,146,000,000,000,000,000,000,000",7/11/2026 3:52
not_found,LandsMaps ไม่พบโฉนด,11652,10_22_146480,10,22,146480,กรุงเทพมหานคร,ภาษีเจริญ,2,ห้องชุด/คอนโด,,,31.61,"146,479,146,480,146,000,000,000,000,000,000,000",7/11/2026 3:52
not_found,LandsMaps ไม่พบโฉนด,11652,10_22_146497,10,22,146497,กรุงเทพมหานคร,ภาษีเจริญ,2,ห้องชุด/คอนโด,,,31.61,"146,479,146,480,146,000,000,000,000,000,000,000",7/11/2026 3:52
not_found,LandsMaps ไม่พบโฉนด,11652,10_22_146498,10,22,146498,กรุงเทพมหานคร,ภาษีเจริญ,2,ห้องชุด/คอนโด,,,31.61,"146,479,146,480,146,000,000,000,000,000,000,000",7/11/2026 3:52
not_found,LandsMaps ไม่พบโฉนด,11652,10_22_146499,10,22,146499,กรุงเทพมหานคร,ภาษีเจริญ,2,ห้องชุด/คอนโด,,,31.61,"146,479,146,480,146,000,000,000,000,000,000,000",7/11/2026 3:52
not_found,LandsMaps ไม่พบโฉนด,11652,10_22_146500,10,22,146500,กรุงเทพมหานคร,ภาษีเจริญ,2,ห้องชุด/คอนโด,,,31.61,"146,479,146,480,146,000,000,000,000,000,000,000",7/11/2026 3:52
not_found,LandsMaps ไม่พบโฉนด,11653,10_22_146479,10,22,146479,กรุงเทพมหานคร,ภาษีเจริญ,2,ห้องชุด/คอนโด,,,31.61,"146,479,146,480,146,000,000,000,000,000,000,000",7/11/2026 3:52
not_found,LandsMaps ไม่พบโฉนด,11653,10_22_146480,10,22,146480,กรุงเทพมหานคร,ภาษีเจริญ,2,ห้องชุด/คอนโด,,,31.61,"146,479,146,480,146,000,000,000,000,000,000,000",7/11/2026 3:52
not_found,LandsMaps ไม่พบโฉนด,11653,10_22_146497,10,22,146497,กรุงเทพมหานคร,ภาษีเจริญ,2,ห้องชุด/คอนโด,,,31.61,"146,479,146,480,146,000,000,000,000,000,000,000",7/11/2026 3:53
not_found,LandsMaps ไม่พบโฉนด,11653,10_22_146498,10,22,146498,กรุงเทพมหานคร,ภาษีเจริญ,2,ห้องชุด/คอนโด,,,31.61,"146,479,146,480,146,000,000,000,000,000,000,000",7/11/2026 3:53
not_found,LandsMaps ไม่พบโฉนด,11653,10_22_146499,10,22,146499,กรุงเทพมหานคร,ภาษีเจริญ,2,ห้องชุด/คอนโด,,,31.61,"146,479,146,480,146,000,000,000,000,000,000,000",7/11/2026 3:53
not_found,LandsMaps ไม่พบโฉนด,11653,10_22_146500,10,22,146500,กรุงเทพมหานคร,ภาษีเจริญ,2,ห้องชุด/คอนโด,,,31.61,"146,479,146,480,146,000,000,000,000,000,000,000",7/11/2026 3:53
not_found,LandsMaps ไม่พบโฉนด,11654,10_22_146479,10,22,146479,กรุงเทพมหานคร,ภาษีเจริญ,2,ห้องชุด/คอนโด,,,31.63,"146,479,146,480,146,000,000,000,000,000,000,000",7/11/2026 3:53
not_found,LandsMaps ไม่พบโฉนด,11654,10_22_146480,10,22,146480,กรุงเทพมหานคร,ภาษีเจริญ,2,ห้องชุด/คอนโด,,,31.63,"146,479,146,480,146,000,000,000,000,000,000,000",7/11/2026 3:53
not_found,LandsMaps ไม่พบโฉนด,11654,10_22_146497,10,22,146497,กรุงเทพมหานคร,ภาษีเจริญ,2,ห้องชุด/คอนโด,,,31.63,"146,479,146,480,146,000,000,000,000,000,000,000",7/11/2026 3:53
not_found,LandsMaps ไม่พบโฉนด,11654,10_22_146498,10,22,146498,กรุงเทพมหานคร,ภาษีเจริญ,2,ห้องชุด/คอนโด,,,31.63,"146,479,146,480,146,000,000,000,000,000,000,000",7/11/2026 3:53
not_found,LandsMaps ไม่พบโฉนด,11654,10_22_146499,10,22,146499,กรุงเทพมหานคร,ภาษีเจริญ,2,ห้องชุด/คอนโด,,,31.63,"146,479,146,480,146,000,000,000,000,000,000,000",7/11/2026 3:53
not_found,LandsMaps ไม่พบโฉนด,11654,10_22_146500,10,22,146500,กรุงเทพมหานคร,ภาษีเจริญ,2,ห้องชุด/คอนโด,,,31.63,"146,479,146,480,146,000,000,000,000,000,000,000",7/11/2026 3:53
not_found,LandsMaps ไม่พบโฉนด,11655,10_22_146479,10,22,146479,กรุงเทพมหานคร,ภาษีเจริญ,2,ห้องชุด/คอนโด,,,31.63,"146,479,146,480,146,000,000,000,000,000,000,000",7/11/2026 3:53
not_found,LandsMaps ไม่พบโฉนด,11655,10_22_146480,10,22,146480,กรุงเทพมหานคร,ภาษีเจริญ,2,ห้องชุด/คอนโด,,,31.63,"146,479,146,480,146,000,000,000,000,000,000,000",7/11/2026 3:53
not_found,LandsMaps ไม่พบโฉนด,11655,10_22_146497,10,22,146497,กรุงเทพมหานคร,ภาษีเจริญ,2,ห้องชุด/คอนโด,,,31.63,"146,479,146,480,146,000,000,000,000,000,000,000",7/11/2026 3:53
not_found,LandsMaps ไม่พบโฉนด,11655,10_22_146498,10,22,146498,กรุงเทพมหานคร,ภาษีเจริญ,2,ห้องชุด/คอนโด,,,31.63,"146,479,146,480,146,000,000,000,000,000,000,000",7/11/2026 3:53
not_found,LandsMaps ไม่พบโฉนด,11655,10_22_146499,10,22,146499,กรุงเทพมหานคร,ภาษีเจริญ,2,ห้องชุด/คอนโด,,,31.63,"146,479,146,480,146,000,000,000,000,000,000,000",7/11/2026 3:53
not_found,LandsMaps ไม่พบโฉนด,11655,10_22_146500,10,22,146500,กรุงเทพมหานคร,ภาษีเจริญ,2,ห้องชุด/คอนโด,,,31.63,"146,479,146,480,146,000,000,000,000,000,000,000",7/11/2026 3:53
not_found,LandsMaps ไม่พบโฉนด,11656,10_22_146479,10,22,146479,กรุงเทพมหานคร,ภาษีเจริญ,2,ห้องชุด/คอนโด,,,31.63,"146,479,146,480,146,000,000,000,000,000,000,000",7/11/2026 3:53
not_found,LandsMaps ไม่พบโฉนด,11656,10_22_146480,10,22,146480,กรุงเทพมหานคร,ภาษีเจริญ,2,ห้องชุด/คอนโด,,,31.63,"146,479,146,480,146,000,000,000,000,000,000,000",7/11/2026 3:53
not_found,LandsMaps ไม่พบโฉนด,11656,10_22_146497,10,22,146497,กรุงเทพมหานคร,ภาษีเจริญ,2,ห้องชุด/คอนโด,,,31.63,"146,479,146,480,146,000,000,000,000,000,000,000",7/11/2026 3:53
not_found,LandsMaps ไม่พบโฉนด,11656,10_22_146498,10,22,146498,กรุงเทพมหานคร,ภาษีเจริญ,2,ห้องชุด/คอนโด,,,31.63,"146,479,146,480,146,000,000,000,000,000,000,000",7/11/2026 3:53
not_found,LandsMaps ไม่พบโฉนด,11656,10_22_146499,10,22,146499,กรุงเทพมหานคร,ภาษีเจริญ,2,ห้องชุด/คอนโด,,,31.63,"146,479,146,480,146,000,000,000,000,000,000,000",7/11/2026 3:53
not_found,LandsMaps ไม่พบโฉนด,11656,10_22_146500,10,22,146500,กรุงเทพมหานคร,ภาษีเจริญ,2,ห้องชุด/คอนโด,,,31.63,"146,479,146,480,146,000,000,000,000,000,000,000",7/11/2026 3:53
not_found,LandsMaps ไม่พบโฉนด,11657,10_22_146479,10,22,146479,กรุงเทพมหานคร,ภาษีเจริญ,2,ห้องชุด/คอนโด,,,44.05,"146,479,146,480,146,000,000,000,000,000,000,000",7/11/2026 3:53
not_found,LandsMaps ไม่พบโฉนด,11657,10_22_146480,10,22,146480,กรุงเทพมหานคร,ภาษีเจริญ,2,ห้องชุด/คอนโด,,,44.05,"146,479,146,480,146,000,000,000,000,000,000,000",7/11/2026 3:53
not_found,LandsMaps ไม่พบโฉนด,11657,10_22_146497,10,22,146497,กรุงเทพมหานคร,ภาษีเจริญ,2,ห้องชุด/คอนโด,,,44.05,"146,479,146,480,146,000,000,000,000,000,000,000",7/11/2026 3:53
not_found,LandsMaps ไม่พบโฉนด,11657,10_22_146498,10,22,146498,กรุงเทพมหานคร,ภาษีเจริญ,2,ห้องชุด/คอนโด,,,44.05,"146,479,146,480,146,000,000,000,000,000,000,000",7/11/2026 3:53
not_found,LandsMaps ไม่พบโฉนด,11657,10_22_146499,10,22,146499,กรุงเทพมหานคร,ภาษีเจริญ,2,ห้องชุด/คอนโด,,,44.05,"146,479,146,480,146,000,000,000,000,000,000,000",7/11/2026 3:53
not_found,LandsMaps ไม่พบโฉนด,11657,10_22_146500,10,22,146500,กรุงเทพมหานคร,ภาษีเจริญ,2,ห้องชุด/คอนโด,,,44.05,"146,479,146,480,146,000,000,000,000,000,000,000",7/11/2026 3:53
not_found,LandsMaps ไม่พบโฉนด,11658,10_22_146479,10,22,146479,กรุงเทพมหานคร,ภาษีเจริญ,2,ห้องชุด/คอนโด,,,44.05,"146,479,146,480,146,000,000,000,000,000,000,000",7/11/2026 3:53
not_found,LandsMaps ไม่พบโฉนด,11658,10_22_146480,10,22,146480,กรุงเทพมหานคร,ภาษีเจริญ,2,ห้องชุด/คอนโด,,,44.05,"146,479,146,480,146,000,000,000,000,000,000,000",7/11/2026 3:53
not_found,LandsMaps ไม่พบโฉนด,11658,10_22_146497,10,22,146497,กรุงเทพมหานคร,ภาษีเจริญ,2,ห้องชุด/คอนโด,,,44.05,"146,479,146,480,146,000,000,000,000,000,000,000",7/11/2026 3:53
not_found,LandsMaps ไม่พบโฉนด,11658,10_22_146498,10,22,146498,กรุงเทพมหานคร,ภาษีเจริญ,2,ห้องชุด/คอนโด,,,44.05,"146,479,146,480,146,000,000,000,000,000,000,000",7/11/2026 3:53
not_found,LandsMaps ไม่พบโฉนด,11658,10_22_146499,10,22,146499,กรุงเทพมหานคร,ภาษีเจริญ,2,ห้องชุด/คอนโด,,,44.05,"146,479,146,480,146,000,000,000,000,000,000,000",7/11/2026 3:53
not_found,LandsMaps ไม่พบโฉนด,11658,10_22_146500,10,22,146500,กรุงเทพมหานคร,ภาษีเจริญ,2,ห้องชุด/คอนโด,,,44.05,"146,479,146,480,146,000,000,000,000,000,000,000",7/11/2026 3:53
not_found,LandsMaps ไม่พบโฉนด,11659,10_21_76657,10,21,76657,กรุงเทพมหานคร,บางขุนเทียน,2,ห้องชุด/คอนโด,,,32.23,76657,7/11/2026 3:53
not_found,LandsMaps ไม่พบโฉนด,11660,10_23_37883,10,23,37883,กรุงเทพมหานคร,หนองแขม,3,ที่ดิน+สิ่งปลูกสร้าง,,,16.3,37883,7/11/2026 3:53
not_found,LandsMaps ไม่พบโฉนด,11661,10_35_109479,10,35,109479,กรุงเทพมหานคร,จอมทอง,3,ที่ดิน+สิ่งปลูกสร้าง,,,18.3,109479,7/11/2026 3:53
not_found,LandsMaps ไม่พบโฉนด,11662,10_24_45442,10,24,45442,กรุงเทพมหานคร,ราษฎร์บูรณะ,3,ที่ดิน+สิ่งปลูกสร้าง,,,19,45442,7/11/2026 3:53
not_found,LandsMaps ไม่พบโฉนด,11663,10_49_5842,10,49,5842,กรุงเทพมหานคร,ทุ่งครุ,3,ที่ดิน+สิ่งปลูกสร้าง,,,30.6,5842,7/11/2026 3:53
not_found,LandsMaps ไม่พบโฉนด,11664,10_15_494,10,15,494,กรุงเทพมหานคร,ธนบุรี,2,ห้องชุด/คอนโด,,,30.08,"494,495",7/11/2026 3:53
not_found,LandsMaps ไม่พบโฉนด,11664,10_15_495,10,15,495,กรุงเทพมหานคร,ธนบุรี,2,ห้องชุด/คอนโด,,,30.08,"494,495",7/11/2026 3:53
not_found,LandsMaps ไม่พบโฉนด,11665,10_22_94343,10,22,94343,กรุงเทพมหานคร,ภาษีเจริญ,3,ที่ดิน+สิ่งปลูกสร้าง,,,16,94343,7/11/2026 3:53
not_found,LandsMaps ไม่พบโฉนด,11862,10_21_133720,10,21,133720,กรุงเทพมหานคร,บางขุนเทียน,2,ห้องชุด/คอนโด,,,30.4,133720,7/11/2026 3:53
not_found,LandsMaps ไม่พบโฉนด,11863,10_21_133720,10,21,133720,กรุงเทพมหานคร,บางขุนเทียน,2,ห้องชุด/คอนโด,,,30.4,133720,7/11/2026 3:53
not_found,LandsMaps ไม่พบโฉนด,11864,10_24_16087,10,24,16087,กรุงเทพมหานคร,ราษฎร์บูรณะ(เมือง),1,ที่ดินเปล่า,,,25,16087,7/11/2026 3:53
not_found,LandsMaps ไม่พบโฉนด,11865,10_21_143577,10,21,143577,กรุงเทพมหานคร,บางขุนเทียน,1,ที่ดินเปล่า,,3,97,143577,7/11/2026 3:53
not_found,LandsMaps ไม่พบโฉนด,11866,10_22_89025,10,22,89025,กรุงเทพมหานคร,ภาษีเจริญ,3,ที่ดิน+สิ่งปลูกสร้าง,,,81,89025,7/11/2026 3:53
not_found,LandsMaps ไม่พบโฉนด,11867,10_22_64184,10,22,64184,กรุงเทพมหานคร,ภาษีเจริญ,2,ห้องชุด/คอนโด,,,25.52,64184,7/11/2026 3:53
not_found,LandsMaps ไม่พบโฉนด,11868,10_21_137051,10,21,137051,กรุงเทพมหานคร,บางขุนเทียน,2,ห้องชุด/คอนโด,,,37.17,"137,051,137,056",7/11/2026 3:53
not_found,LandsMaps ไม่พบโฉนด,11868,10_21_137056,10,21,137056,กรุงเทพมหานคร,บางขุนเทียน,2,ห้องชุด/คอนโด,,,37.17,"137,051,137,056",7/11/2026 3:53
not_found,LandsMaps ไม่พบโฉนด,11869,10_23_14367,10,23,14367,กรุงเทพมหานคร,หนองแขม,3,ที่ดิน+สิ่งปลูกสร้าง,,,25,14367,7/11/2026 3:53
not_found,LandsMaps ไม่พบโฉนด,11870,10_35_22319,10,35,22319,กรุงเทพมหานคร,จอมทอง,2,ห้องชุด/คอนโด,,,27.42,"2,231,922,320",7/11/2026 3:53
not_found,LandsMaps ไม่พบโฉนด,11870,10_35_22320,10,35,22320,กรุงเทพมหานคร,จอมทอง,2,ห้องชุด/คอนโด,,,27.42,"2,231,922,320",7/11/2026 3:53
not_found,LandsMaps ไม่พบโฉนด,11871,10_24_52524,10,24,52524,กรุงเทพมหานคร,ราษฎร์บูรณะ,3,ที่ดิน+สิ่งปลูกสร้าง,,,18,52524,7/11/2026 3:53
not_found,LandsMaps ไม่พบโฉนด,11872,10_21_148834,10,21,148834,กรุงเทพมหานคร,บางขุนเทียน,1,ที่ดินเปล่า,,,87,148834,7/11/2026 3:53
not_found,LandsMaps ไม่พบโฉนด,11873,10_23_30850,10,23,30850,กรุงเทพมหานคร,หนองแขม,3,ที่ดิน+สิ่งปลูกสร้าง,,,16,30850,7/11/2026 3:53
not_found,LandsMaps ไม่พบโฉนด,11874,10_21_129853,10,21,129853,กรุงเทพมหานคร,บางขุนเทียน,2,ห้องชุด/คอนโด,,,25.95,129853,7/11/2026 3:53
not_found,LandsMaps ไม่พบโฉนด,11875,10_23_9537,10,23,9537,กรุงเทพมหานคร,หนองแขม,2,ห้องชุด/คอนโด,,,23.4,9537,7/11/2026 3:53
not_found,LandsMaps ไม่พบโฉนด,11876,10_22_68883,10,22,68883,กรุงเทพมหานคร,ภาษีเจริญ,2,ห้องชุด/คอนโด,,,29.45,"68,883,149,315",7/11/2026 3:53
not_found,LandsMaps ไม่พบโฉนด,11876,10_22_149315,10,22,149315,กรุงเทพมหานคร,ภาษีเจริญ,2,ห้องชุด/คอนโด,,,29.45,"68,883,149,315",7/11/2026 3:53
not_found,LandsMaps ไม่พบโฉนด,11877,10_21_173163,10,21,173163,กรุงเทพมหานคร,บางขุนเทียน,3,ที่ดิน+สิ่งปลูกสร้าง,,,50.6,173163,7/11/2026 3:53
not_found,LandsMaps ไม่พบโฉนด,11878,10_40_20454,10,40,20454,กรุงเทพมหานคร,บางแค,3,ที่ดิน+สิ่งปลูกสร้าง,,,23.5,20454,7/11/2026 3:53
not_found,LandsMaps ไม่พบโฉนด,11879,10_40_25518,10,40,25518,กรุงเทพมหานคร,บางแค,3,ที่ดิน+สิ่งปลูกสร้าง,,,19.9,25518,7/11/2026 3:53
not_found,LandsMaps ไม่พบโฉนด,11880,10_40_21403,10,40,21403,กรุงเทพมหานคร,บางแค,3,ที่ดิน+สิ่งปลูกสร้าง,,,18.1,21403,7/11/2026 3:53
not_found,LandsMaps ไม่พบโฉนด,11881,10_22_1925,10,22,1925,กรุงเทพมหานคร,ภาษีเจริญ,2,ห้องชุด/คอนโด,,,32.1,"19,251,463,623,136,500,000,000,000,000",7/11/2026 3:53
not_found,LandsMaps ไม่พบโฉนด,11881,10_22_14636,10,22,14636,กรุงเทพมหานคร,ภาษีเจริญ,2,ห้องชุด/คอนโด,,,32.1,"19,251,463,623,136,500,000,000,000,000",7/11/2026 3:53
not_found,LandsMaps ไม่พบโฉนด,11881,10_22_23136,10,22,23136,กรุงเทพมหานคร,ภาษีเจริญ,2,ห้องชุด/คอนโด,,,32.1,"19,251,463,623,136,500,000,000,000,000",7/11/2026 3:53
not_found,LandsMaps ไม่พบโฉนด,11881,10_22_50316,10,22,50316,กรุงเทพมหานคร,ภาษีเจริญ,2,ห้องชุด/คอนโด,,,32.1,"19,251,463,623,136,500,000,000,000,000",7/11/2026 3:53
not_found,LandsMaps ไม่พบโฉนด,11881,10_22_51273,10,22,51273,กรุงเทพมหานคร,ภาษีเจริญ,2,ห้องชุด/คอนโด,,,32.1,"19,251,463,623,136,500,000,000,000,000",7/11/2026 3:53
not_found,LandsMaps ไม่พบโฉนด,11881,10_22_71503,10,22,71503,กรุงเทพมหานคร,ภาษีเจริญ,2,ห้องชุด/คอนโด,,,32.1,"19,251,463,623,136,500,000,000,000,000",7/11/2026 3:53
not_found,LandsMaps ไม่พบโฉนด,11882,10_35_19885,10,35,19885,กรุงเทพมหานคร,จอมทอง,2,ห้องชุด/คอนโด,,,28.24,19885,7/11/2026 3:53
not_found,LandsMaps ไม่พบโฉนด,11883,10_15_489,10,15,489,กรุงเทพมหานคร,ธนบุรี,2,ห้องชุด/คอนโด,,,29.99,"489,490",7/11/2026 3:53
not_found,LandsMaps ไม่พบโฉนด,11883,10_15_490,10,15,490,กรุงเทพมหานคร,ธนบุรี,2,ห้องชุด/คอนโด,,,29.99,"489,490",7/11/2026 3:53
not_found,LandsMaps ไม่พบโฉนด,11884,10_22_1098,10,22,1098,กรุงเทพมหานคร,ภาษีเจริญ,2,ห้องชุด/คอนโด,,,26.16,1098,7/11/2026 3:53
not_found,LandsMaps ไม่พบโฉนด,11885,10_49_25514,10,49,25514,กรุงเทพมหานคร,ทุ่งครุ,3,ที่ดิน+สิ่งปลูกสร้าง,,,16.3,25514,7/11/2026 3:53
not_found,LandsMaps ไม่พบโฉนด,11886,10_50_19305,10,50,19305,กรุงเทพมหานคร,บางบอน,3,ที่ดิน+สิ่งปลูกสร้าง,,,19.9,19305,7/11/2026 3:53
not_found,LandsMaps ไม่พบโฉนด,11887,10_22_1925,10,22,1925,กรุงเทพมหานคร,ภาษีเจริญ,2,ห้องชุด/คอนโด,,,35.48,"19,251,463,623,136,500,000,000,000,000",7/11/2026 3:53
not_found,LandsMaps ไม่พบโฉนด,11887,10_22_14636,10,22,14636,กรุงเทพมหานคร,ภาษีเจริญ,2,ห้องชุด/คอนโด,,,35.48,"19,251,463,623,136,500,000,000,000,000",7/11/2026 3:53
not_found,LandsMaps ไม่พบโฉนด,11887,10_22_23136,10,22,23136,กรุงเทพมหานคร,ภาษีเจริญ,2,ห้องชุด/คอนโด,,,35.48,"19,251,463,623,136,500,000,000,000,000",7/11/2026 3:53
not_found,LandsMaps ไม่พบโฉนด,11887,10_22_50316,10,22,50316,กรุงเทพมหานคร,ภาษีเจริญ,2,ห้องชุด/คอนโด,,,35.48,"19,251,463,623,136,500,000,000,000,000",7/11/2026 3:53
not_found,LandsMaps ไม่พบโฉนด,11887,10_22_51273,10,22,51273,กรุงเทพมหานคร,ภาษีเจริญ,2,ห้องชุด/คอนโด,,,35.48,"19,251,463,623,136,500,000,000,000,000",7/11/2026 3:53
not_found,LandsMaps ไม่พบโฉนด,11887,10_22_71503,10,22,71503,กรุงเทพมหานคร,ภาษีเจริญ,2,ห้องชุด/คอนโด,,,35.48,"19,251,463,623,136,500,000,000,000,000",7/11/2026 3:53
not_found,LandsMaps ไม่พบโฉนด,11888,10_22_127989,10,22,127989,กรุงเทพมหานคร,ภาษีเจริญ,3,ที่ดิน+สิ่งปลูกสร้าง,,,20,127989,7/11/2026 3:53
not_found,LandsMaps ไม่พบโฉนด,11889,10_18_424,10,18,424,กรุงเทพมหานคร,คลองสาน,2,ห้องชุด/คอนโด,,,41.14,"424, 2024, 2025, 2026, 2027",7/11/2026 3:53
not_found,LandsMaps ไม่พบโฉนด,11889,10_18_2024,10,18,2024,กรุงเทพมหานคร,คลองสาน,2,ห้องชุด/คอนโด,,,41.14,"424, 2024, 2025, 2026, 2027",7/11/2026 3:53
not_found,LandsMaps ไม่พบโฉนด,11889,10_18_2025,10,18,2025,กรุงเทพมหานคร,คลองสาน,2,ห้องชุด/คอนโด,,,41.14,"424, 2024, 2025, 2026, 2027",7/11/2026 3:53
not_found,LandsMaps ไม่พบโฉนด,11889,10_18_2026,10,18,2026,กรุงเทพมหานคร,คลองสาน,2,ห้องชุด/คอนโด,,,41.14,"424, 2024, 2025, 2026, 2027",7/11/2026 3:53
not_found,LandsMaps ไม่พบโฉนด,11889,10_18_2027,10,18,2027,กรุงเทพมหานคร,คลองสาน,2,ห้องชุด/คอนโด,,,41.14,"424, 2024, 2025, 2026, 2027",7/11/2026 3:53
not_found,LandsMaps ไม่พบโฉนด,11890,10_21_6930,10,21,6930,กรุงเทพมหานคร,บางขุนเทียน,2,ห้องชุด/คอนโด,,,28.2,"6930, 17321",7/11/2026 3:53
not_found,LandsMaps ไม่พบโฉนด,11890,10_21_17321,10,21,17321,กรุงเทพมหานคร,บางขุนเทียน,2,ห้องชุด/คอนโด,,,28.2,"6930, 17321",7/11/2026 3:54
not_found,LandsMaps ไม่พบโฉนด,11891,10_24_6187,10,24,6187,กรุงเทพมหานคร,ราษฎร์บูรณะ,2,ห้องชุด/คอนโด,,,22.57,6187,7/11/2026 3:54
not_found,LandsMaps ไม่พบโฉนด,11892,10_15_2793,10,15,2793,กรุงเทพมหานคร,ธนบุรี,2,ห้องชุด/คอนโด,,,47.37,2793,7/11/2026 3:54
not_found,LandsMaps ไม่พบโฉนด,11893,10_22_146475,10,22,146475,กรุงเทพมหานคร,ภาษีเจริญ,2,ห้องชุด/คอนโด,,,31.61,"146,475,146,476,146,000,000,000",7/11/2026 3:54
not_found,LandsMaps ไม่พบโฉนด,11893,10_22_146476,10,22,146476,กรุงเทพมหานคร,ภาษีเจริญ,2,ห้องชุด/คอนโด,,,31.61,"146,475,146,476,146,000,000,000",7/11/2026 3:54
not_found,LandsMaps ไม่พบโฉนด,11893,10_22_146477,10,22,146477,กรุงเทพมหานคร,ภาษีเจริญ,2,ห้องชุด/คอนโด,,,31.61,"146,475,146,476,146,000,000,000",7/11/2026 3:54
not_found,LandsMaps ไม่พบโฉนด,11893,10_22_146493,10,22,146493,กรุงเทพมหานคร,ภาษีเจริญ,2,ห้องชุด/คอนโด,,,31.61,"146,475,146,476,146,000,000,000",7/11/2026 3:54
not_found,LandsMaps ไม่พบโฉนด,11894,10_22_146479,10,22,146479,กรุงเทพมหานคร,ภาษีเจริญ,2,ห้องชุด/คอนโด,,,31.61,"146479, 146480, 146497, 146498, 146499, 146500",7/11/2026 3:54
not_found,LandsMaps ไม่พบโฉนด,11894,10_22_146480,10,22,146480,กรุงเทพมหานคร,ภาษีเจริญ,2,ห้องชุด/คอนโด,,,31.61,"146479, 146480, 146497, 146498, 146499, 146500",7/11/2026 3:54
not_found,LandsMaps ไม่พบโฉนด,11894,10_22_146497,10,22,146497,กรุงเทพมหานคร,ภาษีเจริญ,2,ห้องชุด/คอนโด,,,31.61,"146479, 146480, 146497, 146498, 146499, 146500",7/11/2026 3:54
not_found,LandsMaps ไม่พบโฉนด,11894,10_22_146498,10,22,146498,กรุงเทพมหานคร,ภาษีเจริญ,2,ห้องชุด/คอนโด,,,31.61,"146479, 146480, 146497, 146498, 146499, 146500",7/11/2026 3:54
not_found,LandsMaps ไม่พบโฉนด,11894,10_22_146499,10,22,146499,กรุงเทพมหานคร,ภาษีเจริญ,2,ห้องชุด/คอนโด,,,31.61,"146479, 146480, 146497, 146498, 146499, 146500",7/11/2026 3:54
not_found,LandsMaps ไม่พบโฉนด,11894,10_22_146500,10,22,146500,กรุงเทพมหานคร,ภาษีเจริญ,2,ห้องชุด/คอนโด,,,31.61,"146479, 146480, 146497, 146498, 146499, 146500",7/11/2026 3:54
not_found,LandsMaps ไม่พบโฉนด,11895,10_22_146479,10,22,146479,กรุงเทพมหานคร,ภาษีเจริญ,2,ห้องชุด/คอนโด,,,34.74,"146479, 146480, 146497, 146498, 146499, 146500",7/11/2026 3:54
not_found,LandsMaps ไม่พบโฉนด,11895,10_22_146480,10,22,146480,กรุงเทพมหานคร,ภาษีเจริญ,2,ห้องชุด/คอนโด,,,34.74,"146479, 146480, 146497, 146498, 146499, 146500",7/11/2026 3:54
not_found,LandsMaps ไม่พบโฉนด,11895,10_22_146497,10,22,146497,กรุงเทพมหานคร,ภาษีเจริญ,2,ห้องชุด/คอนโด,,,34.74,"146479, 146480, 146497, 146498, 146499, 146500",7/11/2026 3:54
not_found,LandsMaps ไม่พบโฉนด,11895,10_22_146498,10,22,146498,กรุงเทพมหานคร,ภาษีเจริญ,2,ห้องชุด/คอนโด,,,34.74,"146479, 146480, 146497, 146498, 146499, 146500",7/11/2026 3:54
not_found,LandsMaps ไม่พบโฉนด,11895,10_22_146499,10,22,146499,กรุงเทพมหานคร,ภาษีเจริญ,2,ห้องชุด/คอนโด,,,34.74,"146479, 146480, 146497, 146498, 146499, 146500",7/11/2026 3:54
not_found,LandsMaps ไม่พบโฉนด,11895,10_22_146500,10,22,146500,กรุงเทพมหานคร,ภาษีเจริญ,2,ห้องชุด/คอนโด,,,34.74,"146479, 146480, 146497, 146498, 146499, 146500",7/11/2026 3:54
not_found,LandsMaps ไม่พบโฉนด,11896,10_49_24205,10,49,24205,กรุงเทพมหานคร,ทุ่งครุ,3,ที่ดิน+สิ่งปลูกสร้าง,,,24,24205,7/11/2026 3:54
not_found,LandsMaps ไม่พบโฉนด,11897,10_22_38419,10,22,38419,กรุงเทพมหานคร,ภาษีเจริญ,2,ห้องชุด/คอนโด,,,39.44,"3,841,938,420,115,410",7/11/2026 3:54
not_found,LandsMaps ไม่พบโฉนด,11897,10_22_38420,10,22,38420,กรุงเทพมหานคร,ภาษีเจริญ,2,ห้องชุด/คอนโด,,,39.44,"3,841,938,420,115,410",7/11/2026 3:54
not_found,LandsMaps ไม่พบโฉนด,11897,10_22_115410,10,22,115410,กรุงเทพมหานคร,ภาษีเจริญ,2,ห้องชุด/คอนโด,,,39.44,"3,841,938,420,115,410",7/11/2026 3:54
not_found,LandsMaps ไม่พบโฉนด,11898,10_40_16014,10,40,16014,กรุงเทพมหานคร,บางแค,3,ที่ดิน+สิ่งปลูกสร้าง,,,18.1,16014,7/11/2026 3:54
not_found,LandsMaps ไม่พบโฉนด,11900,10_49_19766,10,49,19766,กรุงเทพมหานคร,ทุ่งครุ,3,ที่ดิน+สิ่งปลูกสร้าง,,,21.4,19766,7/11/2026 3:54
not_found,LandsMaps ไม่พบโฉนด,11901,10_22_146479,10,22,146479,กรุงเทพมหานคร,ภาษีเจริญ,2,ห้องชุด/คอนโด,,,31.61,"146479,146480,146497,146498,146499ฯ",7/11/2026 3:54
not_found,LandsMaps ไม่พบโฉนด,11901,10_22_146480,10,22,146480,กรุงเทพมหานคร,ภาษีเจริญ,2,ห้องชุด/คอนโด,,,31.61,"146479,146480,146497,146498,146499ฯ",7/11/2026 3:54
not_found,LandsMaps ไม่พบโฉนด,11901,10_22_146497,10,22,146497,กรุงเทพมหานคร,ภาษีเจริญ,2,ห้องชุด/คอนโด,,,31.61,"146479,146480,146497,146498,146499ฯ",7/11/2026 3:54
not_found,LandsMaps ไม่พบโฉนด,11901,10_22_146498,10,22,146498,กรุงเทพมหานคร,ภาษีเจริญ,2,ห้องชุด/คอนโด,,,31.61,"146479,146480,146497,146498,146499ฯ",7/11/2026 3:54
not_found,LandsMaps ไม่พบโฉนด,11901,10_22_146499,10,22,146499,กรุงเทพมหานคร,ภาษีเจริญ,2,ห้องชุด/คอนโด,,,31.61,"146479,146480,146497,146498,146499ฯ",7/11/2026 3:54
not_found,LandsMaps ไม่พบโฉนด,11902,10_40_24312,10,40,24312,กรุงเทพมหานคร,บางแค,2,ห้องชุด/คอนโด,,,30.89,"2,431,224,313",7/11/2026 3:54
not_found,LandsMaps ไม่พบโฉนด,11902,10_40_24313,10,40,24313,กรุงเทพมหานคร,บางแค,2,ห้องชุด/คอนโด,,,30.89,"2,431,224,313",7/11/2026 3:54
not_found,LandsMaps ไม่พบโฉนด,11903,10_21_107624,10,21,107624,กรุงเทพมหานคร,บางขุนเทียน,3,ที่ดิน+สิ่งปลูกสร้าง,,,40.1,107624,7/11/2026 3:54
not_found,LandsMaps ไม่พบโฉนด,11904,10_40_21720,10,40,21720,กรุงเทพมหานคร,บางแค,2,ห้องชุด/คอนโด,,,30.36,21720,7/11/2026 3:54
not_found,LandsMaps ไม่พบโฉนด,11905,10_23_31708,10,23,31708,กรุงเทพมหานคร,หนองแขม,3,ที่ดิน+สิ่งปลูกสร้าง,,,51,31708,7/11/2026 3:54
not_found,LandsMaps ไม่พบโฉนด,11906,10_22_147470,10,22,147470,กรุงเทพมหานคร,ภาษีเจริญ,2,ห้องชุด/คอนโด,,,30.72,147470,7/11/2026 3:54
not_found,LandsMaps ไม่พบโฉนด,11907,10_22_367,10,22,367,กรุงเทพมหานคร,ภาษีเจริญ,2,ห้องชุด/คอนโด,,,29.44,"36,768,363",7/11/2026 3:54
not_found,LandsMaps ไม่พบโฉนด,11907,10_22_68363,10,22,68363,กรุงเทพมหานคร,ภาษีเจริญ,2,ห้องชุด/คอนโด,,,29.44,"36,768,363",7/11/2026 3:54
not_found,LandsMaps ไม่พบโฉนด,11908,10_22_146475,10,22,146475,กรุงเทพมหานคร,ภาษีเจริญ,2,ห้องชุด/คอนโด,,,31.61,"146,475,146,476,146,000,000,000",7/11/2026 3:54
not_found,LandsMaps ไม่พบโฉนด,11908,10_22_146476,10,22,146476,กรุงเทพมหานคร,ภาษีเจริญ,2,ห้องชุด/คอนโด,,,31.61,"146,475,146,476,146,000,000,000",7/11/2026 3:54
not_found,LandsMaps ไม่พบโฉนด,11908,10_22_146477,10,22,146477,กรุงเทพมหานคร,ภาษีเจริญ,2,ห้องชุด/คอนโด,,,31.61,"146,475,146,476,146,000,000,000",7/11/2026 3:54
not_found,LandsMaps ไม่พบโฉนด,11908,10_22_146493,10,22,146493,กรุงเทพมหานคร,ภาษีเจริญ,2,ห้องชุด/คอนโด,,,31.61,"146,475,146,476,146,000,000,000",7/11/2026 3:54
not_found,LandsMaps ไม่พบโฉนด,11909,10_21_106338,10,21,106338,กรุงเทพมหานคร,บางขุนเทียน,3,ที่ดิน+สิ่งปลูกสร้าง,,,28.2,106338,7/11/2026 3:54
not_found,LandsMaps ไม่พบโฉนด,11910,10_49_22117,10,49,22117,กรุงเทพมหานคร,ทุ่งครุ,3,ที่ดิน+สิ่งปลูกสร้าง,,,18,22117,7/11/2026 3:54
not_found,LandsMaps ไม่พบโฉนด,11911,10_49_28148,10,49,28148,กรุงเทพมหานคร,ทุ่งครุ,3,ที่ดิน+สิ่งปลูกสร้าง,,,17.8,28148,7/11/2026 3:54
not_found,LandsMaps ไม่พบโฉนด,11912,10_22_60260,10,22,60260,กรุงเทพมหานคร,ภาษีเจริญ,3,ที่ดิน+สิ่งปลูกสร้าง,,,79.4,60260,7/11/2026 3:54
not_found,LandsMaps ไม่พบโฉนด,11913,10_40_21721,10,40,21721,กรุงเทพมหานคร,บางแค,2,ห้องชุด/คอนโด,,,28.75,21721,7/11/2026 3:54
not_found,LandsMaps ไม่พบโฉนด,11914,10_35_20517,10,35,20517,กรุงเทพมหานคร,จอมทอง,2,ห้องชุด/คอนโด,,,34.94,"20,517,212,502,056,800,000",7/11/2026 3:54
not_found,LandsMaps ไม่พบโฉนด,11914,10_35_21250,10,35,21250,กรุงเทพมหานคร,จอมทอง,2,ห้องชุด/คอนโด,,,34.94,"20,517,212,502,056,800,000",7/11/2026 3:54
not_found,LandsMaps ไม่พบโฉนด,11914,10_35_20568,10,35,20568,กรุงเทพมหานคร,จอมทอง,2,ห้องชุด/คอนโด,,,34.94,"20,517,212,502,056,800,000",7/11/2026 3:54
not_found,LandsMaps ไม่พบโฉนด,11914,10_35_20569,10,35,20569,กรุงเทพมหานคร,จอมทอง,2,ห้องชุด/คอนโด,,,34.94,"20,517,212,502,056,800,000",7/11/2026 3:54
not_found,LandsMaps ไม่พบโฉนด,11915,10_24_11805,10,24,11805,กรุงเทพมหานคร,ราษฎร์บูรณะ,2,ห้องชุด/คอนโด,,,26.97,"1,180,529,435",7/11/2026 3:54
not_found,LandsMaps ไม่พบโฉนด,11915,10_24_29435,10,24,29435,กรุงเทพมหานคร,ราษฎร์บูรณะ,2,ห้องชุด/คอนโด,,,26.97,"1,180,529,435",7/11/2026 3:54
not_found,LandsMaps ไม่พบโฉนด,11916,10_22_68883,10,22,68883,กรุงเทพมหานคร,ภาษีเจริญ,2,ห้องชุด/คอนโด,,,25.12,"68,883,149,315",7/11/2026 3:54
not_found,LandsMaps ไม่พบโฉนด,11916,10_22_149315,10,22,149315,กรุงเทพมหานคร,ภาษีเจริญ,2,ห้องชุด/คอนโด,,,25.12,"68,883,149,315",7/11/2026 3:54
not_found,LandsMaps ไม่พบโฉนด,11917,10_22_610,10,22,610,กรุงเทพมหานคร,ภาษีเจริญ,2,ห้องชุด/คอนโด,,,30.24,"61,060,772,473,624,700",7/11/2026 3:54
not_found,LandsMaps ไม่พบโฉนด,11917,10_22_6077,10,22,6077,กรุงเทพมหานคร,ภาษีเจริญ,2,ห้องชุด/คอนโด,,,30.24,"61,060,772,473,624,700",7/11/2026 3:54
not_found,LandsMaps ไม่พบโฉนด,11917,10_22_24736,10,22,24736,กรุงเทพมหานคร,ภาษีเจริญ,2,ห้องชุด/คอนโด,,,30.24,"61,060,772,473,624,700",7/11/2026 3:54
not_found,LandsMaps ไม่พบโฉนด,11917,10_22_24737,10,22,24737,กรุงเทพมหานคร,ภาษีเจริญ,2,ห้องชุด/คอนโด,,,30.24,"61,060,772,473,624,700",7/11/2026 3:54
not_found,LandsMaps ไม่พบโฉนด,11918,10_35_20517,10,35,20517,กรุงเทพมหานคร,จอมทอง,2,ห้องชุด/คอนโด,,,34.2,"20517 , 21250 , 20568 , 20569",7/11/2026 3:54
not_found,LandsMaps ไม่พบโฉนด,11918,10_35_21250,10,35,21250,กรุงเทพมหานคร,จอมทอง,2,ห้องชุด/คอนโด,,,34.2,"20517 , 21250 , 20568 , 20569",7/11/2026 3:54
not_found,LandsMaps ไม่พบโฉนด,11918,10_35_20568,10,35,20568,กรุงเทพมหานคร,จอมทอง,2,ห้องชุด/คอนโด,,,34.2,"20517 , 21250 , 20568 , 20569",7/11/2026 3:54
not_found,LandsMaps ไม่พบโฉนด,11918,10_35_20569,10,35,20569,กรุงเทพมหานคร,จอมทอง,2,ห้องชุด/คอนโด,,,34.2,"20517 , 21250 , 20568 , 20569",7/11/2026 3:54
not_found,LandsMaps ไม่พบโฉนด,11919,10_22_83388,10,22,83388,กรุงเทพมหานคร,ภาษีเจริญ,3,ที่ดิน+สิ่งปลูกสร้าง,,,20,83388,7/11/2026 3:54
not_found,LandsMaps ไม่พบโฉนด,11920,10_22_68883,10,22,68883,กรุงเทพมหานคร,ภาษีเจริญ,2,ห้องชุด/คอนโด,,,27.7,"68883 ,149315",7/11/2026 3:54
not_found,LandsMaps ไม่พบโฉนด,11920,10_22_149315,10,22,149315,กรุงเทพมหานคร,ภาษีเจริญ,2,ห้องชุด/คอนโด,,,27.7,"68883 ,149315",7/11/2026 3:54
not_found,LandsMaps ไม่พบโฉนด,11921,10_35_22070,10,35,22070,กรุงเทพมหานคร,จอมทอง,3,ที่ดิน+สิ่งปลูกสร้าง,,,18,22070,7/11/2026 3:54
not_found,LandsMaps ไม่พบโฉนด,11922,10_21_162425,10,21,162425,กรุงเทพมหานคร,บางขุนเทียน,3,ที่ดิน+สิ่งปลูกสร้าง,,,19.5,162425,7/11/2026 3:54
not_found,LandsMaps ไม่พบโฉนด,11923,10_22_77870,10,22,77870,กรุงเทพมหานคร,ภาษีเจริญ,3,ที่ดิน+สิ่งปลูกสร้าง,,,25,77870,7/11/2026 3:54
not_found,LandsMaps ไม่พบโฉนด,11924,10_21_173149,10,21,173149,กรุงเทพมหานคร,บางขุนเทียน,3,ที่ดิน+สิ่งปลูกสร้าง,,,72,173149,7/11/2026 3:54
not_found,LandsMaps ไม่พบโฉนด,11925,10_21_121827,10,21,121827,กรุงเทพมหานคร,บางขุนเทียน,3,ที่ดิน+สิ่งปลูกสร้าง,,,51,121827,7/11/2026 3:54
not_found,LandsMaps ไม่พบโฉนด,11926,10_21_81201,10,21,81201,กรุงเทพมหานคร,บางขุนเทียน,3,ที่ดิน+สิ่งปลูกสร้าง,,,16,81201,7/11/2026 3:54
not_found,LandsMaps ไม่พบโฉนด,11927,10_35_1964,10,35,1964,กรุงเทพมหานคร,จอมทอง,3,ที่ดิน+สิ่งปลูกสร้าง,,1,80,1964,7/11/2026 3:54
not_found,LandsMaps ไม่พบโฉนด,11928,10_22_4702,10,22,4702,กรุงเทพมหานคร,ภาษีเจริญ,2,ห้องชุด/คอนโด,,,31.18,"4702, 7818, 62892",7/11/2026 3:54
not_found,LandsMaps ไม่พบโฉนด,11928,10_22_7818,10,22,7818,กรุงเทพมหานคร,ภาษีเจริญ,2,ห้องชุด/คอนโด,,,31.18,"4702, 7818, 62892",7/11/2026 3:54
not_found,LandsMaps ไม่พบโฉนด,11928,10_22_62892,10,22,62892,กรุงเทพมหานคร,ภาษีเจริญ,2,ห้องชุด/คอนโด,,,31.18,"4702, 7818, 62892",7/11/2026 3:54
not_found,LandsMaps ไม่พบโฉนด,11929,10_23_2213,10,23,2213,กรุงเทพมหานคร,หนองแขม,2,ห้องชุด/คอนโด,,,24.89,"22,132,214",7/11/2026 3:54
not_found,LandsMaps ไม่พบโฉนด,11929,10_23_2214,10,23,2214,กรุงเทพมหานคร,หนองแขม,2,ห้องชุด/คอนโด,,,24.89,"22,132,214",7/11/2026 3:54
not_found,LandsMaps ไม่พบโฉนด,11930,10_18_24157,10,18,24157,กรุงเทพมหานคร,คลองสาน,3,ที่ดิน+สิ่งปลูกสร้าง,,,20,24157,7/11/2026 3:54
not_found,LandsMaps ไม่พบโฉนด,11931,10_18_23514,10,18,23514,กรุงเทพมหานคร,คลองสาน,3,ที่ดิน+สิ่งปลูกสร้าง,,,20,23514,7/11/2026 3:54
not_found,LandsMaps ไม่พบโฉนด,11932,10_21_32391,10,21,32391,กรุงเทพมหานคร,บางขุนเทียน,3,ที่ดิน+สิ่งปลูกสร้าง,,,61,32391,7/11/2026 3:54
not_found,LandsMaps ไม่พบโฉนด,11933,10_21_32408,10,21,32408,กรุงเทพมหานคร,บางขุนเทียน,3,ที่ดิน+สิ่งปลูกสร้าง,,,60,32408,7/11/2026 3:54
not_found,LandsMaps ไม่พบโฉนด,11934,10_22_38419,10,22,38419,กรุงเทพมหานคร,ภาษีเจริญ,2,ห้องชุด/คอนโด,,,50.45,"38419, 38420, 115410",7/11/2026 3:54
not_found,LandsMaps ไม่พบโฉนด,11934,10_22_38420,10,22,38420,กรุงเทพมหานคร,ภาษีเจริญ,2,ห้องชุด/คอนโด,,,50.45,"38419, 38420, 115410",7/11/2026 3:54
not_found,LandsMaps ไม่พบโฉนด,11934,10_22_115410,10,22,115410,กรุงเทพมหานคร,ภาษีเจริญ,2,ห้องชุด/คอนโด,,,50.45,"38419, 38420, 115410",7/11/2026 3:54
not_found,LandsMaps ไม่พบโฉนด,11935,10_21_146696,10,21,146696,กรุงเทพมหานคร,บางขุนเทียน,3,ที่ดิน+สิ่งปลูกสร้าง,,,73.2,146696,7/11/2026 3:54
not_found,LandsMaps ไม่พบโฉนด,11936,10_35_20054,10,35,20054,กรุงเทพมหานคร,จอมทอง,3,ที่ดิน+สิ่งปลูกสร้าง,,1,,20054,7/11/2026 3:54
not_found,LandsMaps ไม่พบโฉนด,11937,10_21_141056,10,21,141056,กรุงเทพมหานคร,บางขุนเทียน,3,ที่ดิน+สิ่งปลูกสร้าง,,1,6.5,141056,7/11/2026 3:54
not_found,LandsMaps ไม่พบโฉนด,11938,10_21_142123,10,21,142123,กรุงเทพมหานคร,บางขุนเทียน,3,ที่ดิน+สิ่งปลูกสร้าง,,,40.2,142123,7/11/2026 3:55
not_found,LandsMaps ไม่พบโฉนด,11939,10_49_15919,10,49,15919,กรุงเทพมหานคร,ทุ่งครุ,3,ที่ดิน+สิ่งปลูกสร้าง,,1,5.2,15919,7/11/2026 3:55
not_found,LandsMaps ไม่พบโฉนด,11940,10_21_65544,10,21,65544,กรุงเทพมหานคร,บางขุนเทียน,2,ห้องชุด/คอนโด,,,20.8,"65544,67170,67171,67172,67173ฯ",7/11/2026 3:55
not_found,LandsMaps ไม่พบโฉนด,11940,10_21_67170,10,21,67170,กรุงเทพมหานคร,บางขุนเทียน,2,ห้องชุด/คอนโด,,,20.8,"65544,67170,67171,67172,67173ฯ",7/11/2026 3:55
not_found,LandsMaps ไม่พบโฉนด,11940,10_21_67171,10,21,67171,กรุงเทพมหานคร,บางขุนเทียน,2,ห้องชุด/คอนโด,,,20.8,"65544,67170,67171,67172,67173ฯ",7/11/2026 3:55
not_found,LandsMaps ไม่พบโฉนด,11940,10_21_67172,10,21,67172,กรุงเทพมหานคร,บางขุนเทียน,2,ห้องชุด/คอนโด,,,20.8,"65544,67170,67171,67172,67173ฯ",7/11/2026 3:55
not_found,LandsMaps ไม่พบโฉนด,11940,10_21_67173,10,21,67173,กรุงเทพมหานคร,บางขุนเทียน,2,ห้องชุด/คอนโด,,,20.8,"65544,67170,67171,67172,67173ฯ",7/11/2026 3:55
not_found,LandsMaps ไม่พบโฉนด,11941,10_40_2940,10,40,2940,กรุงเทพมหานคร,บางแค,3,ที่ดิน+สิ่งปลูกสร้าง,,1,67.8,2940,7/11/2026 3:55
not_found,LandsMaps ไม่พบโฉนด,11942,10_23_387,10,23,387,กรุงเทพมหานคร,หนองแขม,3,ที่ดิน+สิ่งปลูกสร้าง,,,16,387,7/11/2026 3:55
not_found,LandsMaps ไม่พบโฉนด,11943,10_22_55589,10,22,55589,กรุงเทพมหานคร,ภาษีเจริญ,3,ที่ดิน+สิ่งปลูกสร้าง,,,29,55589,7/11/2026 3:55
not_found,LandsMaps ไม่พบโฉนด,11944,10_22_55590,10,22,55590,กรุงเทพมหานคร,ภาษีเจริญ,3,ที่ดิน+สิ่งปลูกสร้าง,,,26,55590,7/11/2026 3:55
not_found,LandsMaps ไม่พบโฉนด,11945,10_21_168315,10,21,168315,กรุงเทพมหานคร,บางขุนเทียน,2,ห้องชุด/คอนโด,,,25.06,168315,7/11/2026 3:55
not_found,LandsMaps ไม่พบโฉนด,11946,10_24_45002,10,24,45002,กรุงเทพมหานคร,ราษฎร์บูรณะ,2,ห้องชุด/คอนโด,,,26.25,45002,7/11/2026 3:55
not_found,LandsMaps ไม่พบโฉนด,11947,10_49_24206,10,49,24206,กรุงเทพมหานคร,ทุ่งครุ,3,ที่ดิน+สิ่งปลูกสร้าง,,,24,24206,7/11/2026 3:55
not_found,LandsMaps ไม่พบโฉนด,11948,10_22_68883,10,22,68883,กรุงเทพมหานคร,ภาษีเจริญ,2,ห้องชุด/คอนโด,,,24.92,"68,883,149,315",7/11/2026 3:55
not_found,LandsMaps ไม่พบโฉนด,11948,10_22_149315,10,22,149315,กรุงเทพมหานคร,ภาษีเจริญ,2,ห้องชุด/คอนโด,,,24.92,"68,883,149,315",7/11/2026 3:55
not_found,LandsMaps ไม่พบโฉนด,11949,10_49_18884,10,49,18884,กรุงเทพมหานคร,ทุ่งครุ,3,ที่ดิน+สิ่งปลูกสร้าง,,,21.2,18884,7/11/2026 3:55
not_found,LandsMaps ไม่พบโฉนด,11950,10_21_166820,10,21,166820,กรุงเทพมหานคร,บางขุนเทียน,2,ห้องชุด/คอนโด,,,33.02,"166820,166822,166817,166819,166824 (บ่อหน่วงน้ำร่วม)",7/11/2026 3:55
not_found,LandsMaps ไม่พบโฉนด,11950,10_21_166822,10,21,166822,กรุงเทพมหานคร,บางขุนเทียน,2,ห้องชุด/คอนโด,,,33.02,"166820,166822,166817,166819,166824 (บ่อหน่วงน้ำร่วม)",7/11/2026 3:55
not_found,LandsMaps ไม่พบโฉนด,11950,10_21_166817,10,21,166817,กรุงเทพมหานคร,บางขุนเทียน,2,ห้องชุด/คอนโด,,,33.02,"166820,166822,166817,166819,166824 (บ่อหน่วงน้ำร่วม)",7/11/2026 3:55
not_found,LandsMaps ไม่พบโฉนด,11950,10_21_166819,10,21,166819,กรุงเทพมหานคร,บางขุนเทียน,2,ห้องชุด/คอนโด,,,33.02,"166820,166822,166817,166819,166824 (บ่อหน่วงน้ำร่วม)",7/11/2026 3:55
not_found,LandsMaps ไม่พบโฉนด,11950,10_21_166824,10,21,166824,กรุงเทพมหานคร,บางขุนเทียน,2,ห้องชุด/คอนโด,,,33.02,"166820,166822,166817,166819,166824 (บ่อหน่วงน้ำร่วม)",7/11/2026 3:55
not_found,LandsMaps ไม่พบโฉนด,11951,10_22_68883,10,22,68883,กรุงเทพมหานคร,ภาษีเจริญ,2,ห้องชุด/คอนโด,,,27.7,"68,883,149,315",7/11/2026 3:55
not_found,LandsMaps ไม่พบโฉนด,11951,10_22_149315,10,22,149315,กรุงเทพมหานคร,ภาษีเจริญ,2,ห้องชุด/คอนโด,,,27.7,"68,883,149,315",7/11/2026 3:55
not_found,LandsMaps ไม่พบโฉนด,11952,10_23_30610,10,23,30610,กรุงเทพมหานคร,หนองแขม,3,ที่ดิน+สิ่งปลูกสร้าง,,,16,30610,7/11/2026 3:55
not_found,LandsMaps ไม่พบโฉนด,11953,10_49_19609,10,49,19609,กรุงเทพมหานคร,ทุ่งครุ,3,ที่ดิน+สิ่งปลูกสร้าง,,,19.4,19609,7/11/2026 3:55
not_found,LandsMaps ไม่พบโฉนด,11954,10_22_144268,10,22,144268,กรุงเทพมหานคร,ภาษีเจริญ,2,ห้องชุด/คอนโด,,,45.16,144268,7/11/2026 3:55
not_found,LandsMaps ไม่พบโฉนด,11955,10_35_20516,10,35,20516,กรุงเทพมหานคร,จอมทอง,2,ห้องชุด/คอนโด,,,27.74,20516,7/11/2026 3:55
not_found,LandsMaps ไม่พบโฉนด,11956,10_22_64184,10,22,64184,กรุงเทพมหานคร,ภาษีเจริญ,2,ห้องชุด/คอนโด,,,25.12,64184,7/11/2026 3:55
not_found,LandsMaps ไม่พบโฉนด,11957,10_35_19884,10,35,19884,กรุงเทพมหานคร,จอมทอง,2,ห้องชุด/คอนโด,,,22.68,19884,7/11/2026 3:55
not_found,LandsMaps ไม่พบโฉนด,12948,10_10_40383,10,10,40383,กรุงเทพมหานคร,มีนบุรี,3,ที่ดิน+สิ่งปลูกสร้าง,,,19,40383,7/11/2026 3:55
not_found,LandsMaps ไม่พบโฉนด,12949,10_11_25410,10,11,25410,กรุงเทพมหานคร,ลาดกระบัง,2,ห้องชุด/คอนโด,,,29.96,25410,7/11/2026 3:55
not_found,LandsMaps ไม่พบโฉนด,12950,10_46_102259,10,46,102259,กรุงเทพมหานคร,คลองสามวา,3,ที่ดิน+สิ่งปลูกสร้าง,,,20,102259,7/11/2026 3:55
not_found,LandsMaps ไม่พบโฉนด,12951,10_46_86897,10,46,86897,กรุงเทพมหานคร,คลองสามวา,3,ที่ดิน+สิ่งปลูกสร้าง,,,18.7,86897,7/11/2026 3:55
not_found,LandsMaps ไม่พบโฉนด,12952,10_42_10086,10,42,10086,กรุงเทพมหานคร,สายไหม,3,ที่ดิน+สิ่งปลูกสร้าง,,,54,10086,7/11/2026 3:55
not_found,LandsMaps ไม่พบโฉนด,12953,10_46_85254,10,46,85254,กรุงเทพมหานคร,คลองสามวา,3,ที่ดิน+สิ่งปลูกสร้าง,,,19.2,85254,7/11/2026 3:55
not_found,LandsMaps ไม่พบโฉนด,12954,10_11_38651,10,11,38651,กรุงเทพมหานคร,ลาดกระบัง,2,ห้องชุด/คอนโด,,,33.3,38651,7/11/2026 3:55
not_found,LandsMaps ไม่พบโฉนด,12955,10_05_217508,10,5,217508,กรุงเทพมหานคร,บางเขน,2,ห้องชุด/คอนโด,,,31.85,"217,508,217,511",7/11/2026 3:55
not_found,LandsMaps ไม่พบโฉนด,12955,10_05_217511,10,5,217511,กรุงเทพมหานคร,บางเขน,2,ห้องชุด/คอนโด,,,31.85,"217,508,217,511",7/11/2026 3:55
not_found,LandsMaps ไม่พบโฉนด,12956,10_05_225638,10,5,225638,กรุงเทพมหานคร,บางเขน,3,ที่ดิน+สิ่งปลูกสร้าง,,,19.9,225638,7/11/2026 3:55
not_found,LandsMaps ไม่พบโฉนด,12957,10_05_69288,10,5,69288,กรุงเทพมหานคร,บางเขน,2,ห้องชุด/คอนโด,,,26.64,"6,928,869,289",7/11/2026 3:55
not_found,LandsMaps ไม่พบโฉนด,12957,10_05_69289,10,5,69289,กรุงเทพมหานคร,บางเขน,2,ห้องชุด/คอนโด,,,26.64,"6,928,869,289",7/11/2026 3:55
not_found,LandsMaps ไม่พบโฉนด,12958,10_43_1690,10,43,1690,กรุงเทพมหานคร,คันนายาว,3,ที่ดิน+สิ่งปลูกสร้าง,,,31,1690,7/11/2026 3:55
not_found,LandsMaps ไม่พบโฉนด,12959,10_03_70966,10,3,70966,กรุงเทพมหานคร,หนองจอก,3,ที่ดิน+สิ่งปลูกสร้าง,,,20.1,70966,7/11/2026 3:55
not_found,LandsMaps ไม่พบโฉนด,12960,10_11_43748,10,11,43748,กรุงเทพมหานคร,ลาดกระบัง,2,ห้องชุด/คอนโด,,,21.54,"437,484,525,845,259",7/11/2026 3:55
not_found,LandsMaps ไม่พบโฉนด,12960,10_11_45258,10,11,45258,กรุงเทพมหานคร,ลาดกระบัง,2,ห้องชุด/คอนโด,,,21.54,"437,484,525,845,259",7/11/2026 3:55
not_found,LandsMaps ไม่พบโฉนด,12960,10_11_45259,10,11,45259,กรุงเทพมหานคร,ลาดกระบัง,2,ห้องชุด/คอนโด,,,21.54,"437,484,525,845,259",7/11/2026 3:55
not_found,LandsMaps ไม่พบโฉนด,12961,10_10_23928,10,10,23928,กรุงเทพมหานคร,มีนบุรี,2,ห้องชุด/คอนโด,,,27.25,23928,7/11/2026 3:55
not_found,LandsMaps ไม่พบโฉนด,12962,10_46_83100,10,46,83100,กรุงเทพมหานคร,คลองสามวา,3,ที่ดิน+สิ่งปลูกสร้าง,,,50,83100,7/11/2026 3:55
not_found,LandsMaps ไม่พบโฉนด,12963,10_10_29728,10,10,29728,กรุงเทพมหานคร,มีนบุรี(เมือง),2,ห้องชุด/คอนโด,,,30.4,29728,7/11/2026 3:55
not_found,LandsMaps ไม่พบโฉนด,12964,10_43_8339,10,43,8339,กรุงเทพมหานคร,คันนายาว,3,ที่ดิน+สิ่งปลูกสร้าง,,,27.3,8339,7/11/2026 3:55
not_found,LandsMaps ไม่พบโฉนด,12965,10_06_241883,10,6,241883,กรุงเทพมหานคร,บางกะปิ,3,ที่ดิน+สิ่งปลูกสร้าง,,,23,241883,7/11/2026 3:55
not_found,LandsMaps ไม่พบโฉนด,12966,10_42_14630,10,42,14630,กรุงเทพมหานคร,สายไหม,3,ที่ดิน+สิ่งปลูกสร้าง,,,32,14630,7/11/2026 3:55
not_found,LandsMaps ไม่พบโฉนด,12967,10_46_110641,10,46,110641,กรุงเทพมหานคร,คลองสามวา,3,ที่ดิน+สิ่งปลูกสร้าง,,,75.6,110641,7/11/2026 3:55
not_found,LandsMaps ไม่พบโฉนด,12968,10_11_43417,10,11,43417,กรุงเทพมหานคร,ลาดกระบัง,2,ห้องชุด/คอนโด,,,22.92,43417,7/11/2026 3:55
not_found,LandsMaps ไม่พบโฉนด,12969,10_44_3039,10,44,3039,กรุงเทพมหานคร,สะพานสูง,3,ที่ดิน+สิ่งปลูกสร้าง,,,23.2,3039,7/11/2026 3:55
not_found,LandsMaps ไม่พบโฉนด,12970,10_44_3110,10,44,3110,กรุงเทพมหานคร,สะพานสูง,3,ที่ดิน+สิ่งปลูกสร้าง,,,20.3,3110,7/11/2026 3:55
not_found,LandsMaps ไม่พบโฉนด,12971,10_44_5274,10,44,5274,กรุงเทพมหานคร,สะพานสูง,3,ที่ดิน+สิ่งปลูกสร้าง,,,61.9,5274,7/11/2026 3:55
not_found,LandsMaps ไม่พบโฉนด,12972,10_44_4072,10,44,4072,กรุงเทพมหานคร,สะพานสูง,3,ที่ดิน+สิ่งปลูกสร้าง,,,76.3,4072,7/11/2026 3:55
not_found,LandsMaps ไม่พบโฉนด,12973,10_05_203097,10,5,203097,กรุงเทพมหานคร,บางเขน,2,ห้องชุด/คอนโด,,,30.11,"203097,203098,203099,203100,203101ฯ",7/11/2026 3:55
not_found,LandsMaps ไม่พบโฉนด,12973,10_05_203098,10,5,203098,กรุงเทพมหานคร,บางเขน,2,ห้องชุด/คอนโด,,,30.11,"203097,203098,203099,203100,203101ฯ",7/11/2026 3:55
not_found,LandsMaps ไม่พบโฉนด,12973,10_05_203099,10,5,203099,กรุงเทพมหานคร,บางเขน,2,ห้องชุด/คอนโด,,,30.11,"203097,203098,203099,203100,203101ฯ",7/11/2026 3:55
not_found,LandsMaps ไม่พบโฉนด,12973,10_05_203100,10,5,203100,กรุงเทพมหานคร,บางเขน,2,ห้องชุด/คอนโด,,,30.11,"203097,203098,203099,203100,203101ฯ",7/11/2026 3:55
not_found,LandsMaps ไม่พบโฉนด,12973,10_05_203101,10,5,203101,กรุงเทพมหานคร,บางเขน,2,ห้องชุด/คอนโด,,,30.11,"203097,203098,203099,203100,203101ฯ",7/11/2026 3:55
not_found,LandsMaps ไม่พบโฉนด,12974,10_10_38868,10,10,38868,กรุงเทพมหานคร,มีนบุรี,3,ที่ดิน+สิ่งปลูกสร้าง,,,16,38868,7/11/2026 3:55
not_found,LandsMaps ไม่พบโฉนด,12975,10_03_38327,10,3,38327,กรุงเทพมหานคร,หนองจอก,3,ที่ดิน+สิ่งปลูกสร้าง,,,52.4,38327,7/11/2026 3:55
not_found,LandsMaps ไม่พบโฉนด,12976,10_10_19470,10,10,19470,กรุงเทพมหานคร,มีนบุรี (แสนแสบ),2,ห้องชุด/คอนโด,,,31.15,"1,947,049,489",7/11/2026 3:55
not_found,LandsMaps ไม่พบโฉนด,12976,10_10_49489,10,10,49489,กรุงเทพมหานคร,มีนบุรี (แสนแสบ),2,ห้องชุด/คอนโด,,,31.15,"1,947,049,489",7/11/2026 3:55
not_found,LandsMaps ไม่พบโฉนด,12977,10_46_93436,10,46,93436,กรุงเทพมหานคร,คลองสามวา,3,ที่ดิน+สิ่งปลูกสร้าง,1,,83,93436,7/11/2026 3:55
not_found,LandsMaps ไม่พบโฉนด,12978,10_11_47077,10,11,47077,กรุงเทพมหานคร,ลาดกระบัง,3,ที่ดิน+สิ่งปลูกสร้าง,,,35.6,47077,7/11/2026 3:55
not_found,LandsMaps ไม่พบโฉนด,12979,10_46_97681,10,46,97681,กรุงเทพมหานคร,คลองสามวา,3,ที่ดิน+สิ่งปลูกสร้าง,,,50.6,97681,7/11/2026 3:55
not_found,LandsMaps ไม่พบโฉนด,12980,10_46_81750,10,46,81750,กรุงเทพมหานคร,คลองสามวา,3,ที่ดิน+สิ่งปลูกสร้าง,,,19,81750,7/11/2026 3:55
not_found,LandsMaps ไม่พบโฉนด,12981,10_05_20653,10,5,20653,กรุงเทพมหานคร,บางเขน,3,ที่ดิน+สิ่งปลูกสร้าง,,,60,20653,7/11/2026 3:55
not_found,LandsMaps ไม่พบโฉนด,12982,10_27_7298,10,27,7298,กรุงเทพมหานคร,บึงกุ่ม,3,ที่ดิน+สิ่งปลูกสร้าง,,,56,7298,7/11/2026 3:55
not_found,LandsMaps ไม่พบโฉนด,12983,10_10_99503,10,10,99503,กรุงเทพมหานคร,มีนบุรี,2,ห้องชุด/คอนโด,,,24.03,99503,7/11/2026 3:55
not_found,LandsMaps ไม่พบโฉนด,12984,10_05_203837,10,5,203837,กรุงเทพมหานคร,บางเขน,3,ที่ดิน+สิ่งปลูกสร้าง,,,18,203837,7/11/2026 3:55
not_found,LandsMaps ไม่พบโฉนด,12985,10_03_37280,10,3,37280,กรุงเทพมหานคร,หนองจอก,3,ที่ดิน+สิ่งปลูกสร้าง,,,69.3,37280,7/11/2026 3:55
not_found,LandsMaps ไม่พบโฉนด,12986,10_42_22624,10,42,22624,กรุงเทพมหานคร,สายไหม,3,ที่ดิน+สิ่งปลูกสร้าง,,,21.3,22624,7/11/2026 3:55
not_found,LandsMaps ไม่พบโฉนด,12987,10_10_10663,10,10,10663,กรุงเทพมหานคร,มีนบุรี(เมือง),3,ที่ดิน+สิ่งปลูกสร้าง,,1,1,10663,7/11/2026 3:55
not_found,LandsMaps ไม่พบโฉนด,12988,10_10_48513,10,10,48513,กรุงเทพมหานคร,มีนบุรี,2,ห้องชุด/คอนโด,,,32,"4,851,349,492",7/11/2026 3:55
not_found,LandsMaps ไม่พบโฉนด,12988,10_10_49492,10,10,49492,กรุงเทพมหานคร,มีนบุรี,2,ห้องชุด/คอนโด,,,32,"4,851,349,492",7/11/2026 3:55
not_found,LandsMaps ไม่พบโฉนด,12989,10_11_41160,10,11,41160,กรุงเทพมหานคร,ลาดกระบัง(แสนแสบ),3,ที่ดิน+สิ่งปลูกสร้าง,,,22,41160,7/11/2026 3:55
not_found,LandsMaps ไม่พบโฉนด,12990,10_11_55210,10,11,55210,กรุงเทพมหานคร,ลาดกระบัง,3,ที่ดิน+สิ่งปลูกสร้าง,,,18.7,55210,7/11/2026 3:55
not_found,LandsMaps ไม่พบโฉนด,12991,10_44_19058,10,44,19058,กรุงเทพมหานคร,สะพานสูง,3,ที่ดิน+สิ่งปลูกสร้าง,,,23.8,19058,7/11/2026 3:55
not_found,LandsMaps ไม่พบโฉนด,12992,10_46_96657,10,46,96657,กรุงเทพมหานคร,คลองสามวา,3,ที่ดิน+สิ่งปลูกสร้าง,,1,1.1,96657,7/11/2026 3:55
not_found,LandsMaps ไม่พบโฉนด,12993,10_44_21702,10,44,21702,กรุงเทพมหานคร,สะพานสูง,3,ที่ดิน+สิ่งปลูกสร้าง,,,21.1,21702,7/11/2026 3:55
not_found,LandsMaps ไม่พบโฉนด,12994,10_03_81181,10,3,81181,กรุงเทพมหานคร,หนองจอก,3,ที่ดิน+สิ่งปลูกสร้าง,,,25.7,81181,7/11/2026 3:55
not_found,LandsMaps ไม่พบโฉนด,12995,10_11_23594,10,11,23594,กรุงเทพมหานคร,ลาดกระบัง,2,ห้องชุด/คอนโด,,,44.66,"2,359,423,601",7/11/2026 3:55
not_found,LandsMaps ไม่พบโฉนด,12995,10_11_23601,10,11,23601,กรุงเทพมหานคร,ลาดกระบัง,2,ห้องชุด/คอนโด,,,44.66,"2,359,423,601",7/11/2026 3:55
not_found,LandsMaps ไม่พบโฉนด,12996,10_10_107764,10,10,107764,กรุงเทพมหานคร,มีนบุรี,3,ที่ดิน+สิ่งปลูกสร้าง,,1,94,107764,7/11/2026 3:56
not_found,LandsMaps ไม่พบโฉนด,12997,10_11_53480,10,11,53480,กรุงเทพมหานคร,ลาดกระบัง(แสนแสบ),3,ที่ดิน+สิ่งปลูกสร้าง,,1,94,53480,7/11/2026 3:56
not_found,LandsMaps ไม่พบโฉนด,12998,10_46_16333,10,46,16333,กรุงเทพมหานคร,คลองสามวา,3,ที่ดิน+สิ่งปลูกสร้าง,,1,,16333,7/11/2026 3:56
not_found,LandsMaps ไม่พบโฉนด,12999,10_05_217032,10,5,217032,กรุงเทพมหานคร,บางเขน,3,ที่ดิน+สิ่งปลูกสร้าง,,,49,217032,7/11/2026 3:56
not_found,LandsMaps ไม่พบโฉนด,13000,10_05_148026,10,5,148026,กรุงเทพมหานคร,บางเขน,3,ที่ดิน+สิ่งปลูกสร้าง,,,43.4,148026,7/11/2026 3:56
not_found,LandsMaps ไม่พบโฉนด,13001,10_05_223174,10,5,223174,กรุงเทพมหานคร,บางเขน,3,ที่ดิน+สิ่งปลูกสร้าง,,,18.7,223174,7/11/2026 3:56
not_found,LandsMaps ไม่พบโฉนด,13002,10_03_31850,10,3,31850,กรุงเทพมหานคร,หนองจอก,3,ที่ดิน+สิ่งปลูกสร้าง,,,32,31850,7/11/2026 3:56
not_found,LandsMaps ไม่พบโฉนด,13003,10_44_5700,10,44,5700,กรุงเทพมหานคร,สะพานสูง,3,ที่ดิน+สิ่งปลูกสร้าง,,,40.5,5700,7/11/2026 3:56
not_found,LandsMaps ไม่พบโฉนด,13004,10_10_3613,10,10,3613,กรุงเทพมหานคร,มีนบุรี,3,ที่ดิน+สิ่งปลูกสร้าง,,1,50,3613,7/11/2026 3:56
not_found,LandsMaps ไม่พบโฉนด,13005,10_05_221844,10,5,221844,กรุงเทพมหานคร,บางเขน,3,ที่ดิน+สิ่งปลูกสร้าง,,,59.4,221844,7/11/2026 3:56
not_found,LandsMaps ไม่พบโฉนด,13006,10_10_62934,10,10,62934,กรุงเทพมหานคร,มีนบุรี,3,ที่ดิน+สิ่งปลูกสร้าง,,1,10.5,62934,7/11/2026 3:56
not_found,LandsMaps ไม่พบโฉนด,13007,10_03_99760,10,3,99760,กรุงเทพมหานคร,หนองจอก,1,ที่ดินเปล่า,1,3,12,99760,7/11/2026 3:56
not_found,LandsMaps ไม่พบโฉนด,13008,10_03_2647,10,3,2647,กรุงเทพมหานคร,หนองจอก,1,ที่ดินเปล่า,24,1,20,2647,7/11/2026 3:56
not_found,LandsMaps ไม่พบโฉนด,13009,10_03_99288,10,3,99288,กรุงเทพมหานคร,หนองจอก,3,ที่ดิน+สิ่งปลูกสร้าง,,,17.4,99288,7/11/2026 3:56
not_found,LandsMaps ไม่พบโฉนด,13010,10_03_75437,10,3,75437,กรุงเทพมหานคร,หนองจอก,3,ที่ดิน+สิ่งปลูกสร้าง,,,26,75437,7/11/2026 3:56
not_found,LandsMaps ไม่พบโฉนด,13011,10_27_8447,10,27,8447,กรุงเทพมหานคร,บึงกุ่ม,3,ที่ดิน+สิ่งปลูกสร้าง,,,28,8447,7/11/2026 3:56
not_found,LandsMaps ไม่พบโฉนด,13012,10_05_192198,10,5,192198,กรุงเทพมหานคร,บางเขน,2,ห้องชุด/คอนโด,,,23.83,192198,7/11/2026 3:56
not_found,LandsMaps ไม่พบโฉนด,13013,10_03_2922,10,3,2922,กรุงเทพมหานคร,หนองจอก,1,ที่ดินเปล่า,2,2,58,2922,7/11/2026 3:56
not_found,LandsMaps ไม่พบโฉนด,13014,10_03_33105,10,3,33105,กรุงเทพมหานคร,หนองจอก,1,ที่ดินเปล่า,1,,5,33105,7/11/2026 3:56
not_found,LandsMaps ไม่พบโฉนด,13015,10_03_33106,10,3,33106,กรุงเทพมหานคร,หนองจอก,1,ที่ดินเปล่า,1,,5,33106,7/11/2026 3:56
not_found,LandsMaps ไม่พบโฉนด,13016,10_03_33107,10,3,33107,กรุงเทพมหานคร,หนองจอก,1,ที่ดินเปล่า,1,,5,33107,7/11/2026 3:56
not_found,LandsMaps ไม่พบโฉนด,13017,10_03_33108,10,3,33108,กรุงเทพมหานคร,หนองจอก,1,ที่ดินเปล่า,,2,77,33108,7/11/2026 3:56
not_found,LandsMaps ไม่พบโฉนด,13018,10_03_33109,10,3,33109,กรุงเทพมหานคร,หนองจอก,1,ที่ดินเปล่า,1,,18,33109,7/11/2026 3:56
not_found,LandsMaps ไม่พบโฉนด,13019,10_03_33110,10,3,33110,กรุงเทพมหานคร,หนองจอก,1,ที่ดินเปล่า,1,,5,33110,7/11/2026 3:56
not_found,LandsMaps ไม่พบโฉนด,13020,10_03_33111,10,3,33111,กรุงเทพมหานคร,หนองจอก,1,ที่ดินเปล่า,1,,5,33111,7/11/2026 3:56
not_found,LandsMaps ไม่พบโฉนด,13021,10_03_33112,10,3,33112,กรุงเทพมหานคร,หนองจอก,1,ที่ดินเปล่า,,1,79,33112,7/11/2026 3:56
not_found,LandsMaps ไม่พบโฉนด,13022,10_06_219437,10,6,219437,กรุงเทพมหานคร,บางกะปิ,3,ที่ดิน+สิ่งปลูกสร้าง,,,29.2,219437,7/11/2026 3:56
not_found,LandsMaps ไม่พบโฉนด,13023,10_03_27065,10,3,27065,กรุงเทพมหานคร,หนองจอก,3,ที่ดิน+สิ่งปลูกสร้าง,,,16,27065,7/11/2026 3:56
not_found,LandsMaps ไม่พบโฉนด,13024,10_46_51360,10,46,51360,กรุงเทพมหานคร,คลองสามวา,3,ที่ดิน+สิ่งปลูกสร้าง,,,16,51360,7/11/2026 3:56
not_found,LandsMaps ไม่พบโฉนด,13025,10_03_53169,10,3,53169,กรุงเทพมหานคร,หนองจอก,3,ที่ดิน+สิ่งปลูกสร้าง,,,30.3,53169,7/11/2026 3:56
not_found,LandsMaps ไม่พบโฉนด,13026,10_03_53170,10,3,53170,กรุงเทพมหานคร,หนองจอก,3,ที่ดิน+สิ่งปลูกสร้าง,,,30.2,53170,7/11/2026 3:56
not_found,LandsMaps ไม่พบโฉนด,13027,10_44_2468,10,44,2468,กรุงเทพมหานคร,สะพานสูง,3,ที่ดิน+สิ่งปลูกสร้าง,,,20,2468,7/11/2026 3:56
not_found,LandsMaps ไม่พบโฉนด,13028,10_44_2469,10,44,2469,กรุงเทพมหานคร,สะพานสูง,3,ที่ดิน+สิ่งปลูกสร้าง,,,20,2469,7/11/2026 3:56
not_found,LandsMaps ไม่พบโฉนด,13029,10_11_40438,10,11,40438,กรุงเทพมหานคร,ลาดกระบัง,3,ที่ดิน+สิ่งปลูกสร้าง,,,21,40438,7/11/2026 3:56
not_found,LandsMaps ไม่พบโฉนด,13030,10_03_55892,10,3,55892,กรุงเทพมหานคร,หนองจอก,3,ที่ดิน+สิ่งปลูกสร้าง,,,35.9,55892,7/11/2026 3:56
not_found,LandsMaps ไม่พบโฉนด,13031,10_03_30613,10,3,30613,กรุงเทพมหานคร,หนองจอก,3,ที่ดิน+สิ่งปลูกสร้าง,,,19.8,30613,7/11/2026 3:56
not_found,LandsMaps ไม่พบโฉนด,13032,10_03_30614,10,3,30614,กรุงเทพมหานคร,หนองจอก,1,ที่ดินเปล่า,,,19.8,30614,7/11/2026 3:56
not_found,LandsMaps ไม่พบโฉนด,13033,10_42_32246,10,42,32246,กรุงเทพมหานคร,สายไหม,3,ที่ดิน+สิ่งปลูกสร้าง,,,17.5,32246,7/11/2026 3:56
not_found,LandsMaps ไม่พบโฉนด,13034,10_10_73614,10,10,73614,กรุงเทพมหานคร,มีนบุรี,3,ที่ดิน+สิ่งปลูกสร้าง,,,26,73614,7/11/2026 3:56
not_found,LandsMaps ไม่พบโฉนด,13035,10_10_23928,10,10,23928,กรุงเทพมหานคร,มีนบุรี,2,ห้องชุด/คอนโด,,,27.15,23928,7/11/2026 3:56
not_found,LandsMaps ไม่พบโฉนด,13036,10_46_85649,10,46,85649,กรุงเทพมหานคร,คลองสามวา,3,ที่ดิน+สิ่งปลูกสร้าง,,,61.1,85649,7/11/2026 3:56
not_found,LandsMaps ไม่พบโฉนด,13037,10_10_76635,10,10,76635,กรุงเทพมหานคร,มีนบุรี,3,ที่ดิน+สิ่งปลูกสร้าง,,,18.2,76635,7/11/2026 3:56
not_found,LandsMaps ไม่พบโฉนด,13038,10_10_42010,10,10,42010,กรุงเทพมหานคร,มีนบุรี,3,ที่ดิน+สิ่งปลูกสร้าง,,,21.8,42010,7/11/2026 3:56
not_found,LandsMaps ไม่พบโฉนด,13039,10_11_3471,10,11,3471,กรุงเทพมหานคร,ลาดกระบัง,3,ที่ดิน+สิ่งปลูกสร้าง,,,25,3471,7/11/2026 3:56
not_found,LandsMaps ไม่พบโฉนด,13040,10_05_191688,10,5,191688,กรุงเทพมหานคร,บางเขน,3,ที่ดิน+สิ่งปลูกสร้าง,,,18,191688,7/11/2026 3:56
not_found,LandsMaps ไม่พบโฉนด,13041,10_03_111491,10,3,111491,กรุงเทพมหานคร,หนองจอก,3,ที่ดิน+สิ่งปลูกสร้าง,,,14.4,111491,7/11/2026 3:56
not_found,LandsMaps ไม่พบโฉนด,13042,10_03_15570,10,3,15570,กรุงเทพมหานคร,หนองจอก,1,ที่ดินเปล่า,,2,,15570,7/11/2026 3:56
not_found,LandsMaps ไม่พบโฉนด,13043,10_10_74890,10,10,74890,กรุงเทพมหานคร,มีนบุรี,1,ที่ดินเปล่า,,,4,74890,7/11/2026 3:56
not_found,LandsMaps ไม่พบโฉนด,13044,10_46_104790,10,46,104790,กรุงเทพมหานคร,คลองสามวา,3,ที่ดิน+สิ่งปลูกสร้าง,,,50,104790,7/11/2026 3:56
not_found,LandsMaps ไม่พบโฉนด,13045,10_03_34308,10,3,34308,กรุงเทพมหานคร,หนองจอก,1,ที่ดินเปล่า,,1,36,34308,7/11/2026 3:56
not_found,LandsMaps ไม่พบโฉนด,13046,10_46_94326,10,46,94326,กรุงเทพมหานคร,คลองสามวา,3,ที่ดิน+สิ่งปลูกสร้าง,,,25.9,94326,7/11/2026 3:56
not_found,LandsMaps ไม่พบโฉนด,13745,10_03_91201,10,3,91201,กรุงเทพมหานคร,หนองจอก,3,ที่ดิน+สิ่งปลูกสร้าง,,,21,91201,7/11/2026 3:56
not_found,LandsMaps ไม่พบโฉนด,13746,10_11_43748,10,11,43748,กรุงเทพมหานคร,ลาดกระบัง,2,ห้องชุด/คอนโด,,,22.14,"437,484,525,845,259",7/11/2026 3:56
not_found,LandsMaps ไม่พบโฉนด,13746,10_11_45258,10,11,45258,กรุงเทพมหานคร,ลาดกระบัง,2,ห้องชุด/คอนโด,,,22.14,"437,484,525,845,259",7/11/2026 3:56
not_found,LandsMaps ไม่พบโฉนด,13746,10_11_45259,10,11,45259,กรุงเทพมหานคร,ลาดกระบัง,2,ห้องชุด/คอนโด,,,22.14,"437,484,525,845,259",7/11/2026 3:56
not_found,LandsMaps ไม่พบโฉนด,13747,10_03_82936,10,3,82936,กรุงเทพมหานคร,หนองจอก,3,ที่ดิน+สิ่งปลูกสร้าง,,,21.1,82936,7/11/2026 3:56
not_found,LandsMaps ไม่พบโฉนด,13748,10_03_94073,10,3,94073,กรุงเทพมหานคร,หนองจอก,3,ที่ดิน+สิ่งปลูกสร้าง,,,19.5,94073,7/11/2026 3:56
not_found,LandsMaps ไม่พบโฉนด,13749,10_42_45824,10,42,45824,กรุงเทพมหานคร,สายไหม,3,ที่ดิน+สิ่งปลูกสร้าง,,,18,45824,7/11/2026 3:56
not_found,LandsMaps ไม่พบโฉนด,13750,10_10_11374,10,10,11374,กรุงเทพมหานคร,มีนบุรี,3,ที่ดิน+สิ่งปลูกสร้าง,,,50,11374,7/11/2026 3:56
not_found,LandsMaps ไม่พบโฉนด,13751,10_11_43748,10,11,43748,กรุงเทพมหานคร,ลาดกระบัง,2,ห้องชุด/คอนโด,,,21.54,"437,484,525,845,259",7/11/2026 3:56
not_found,LandsMaps ไม่พบโฉนด,13751,10_11_45258,10,11,45258,กรุงเทพมหานคร,ลาดกระบัง,2,ห้องชุด/คอนโด,,,21.54,"437,484,525,845,259",7/11/2026 3:56
not_found,LandsMaps ไม่พบโฉนด,13751,10_11_45259,10,11,45259,กรุงเทพมหานคร,ลาดกระบัง,2,ห้องชุด/คอนโด,,,21.54,"437,484,525,845,259",7/11/2026 3:56
not_found,LandsMaps ไม่พบโฉนด,13752,10_46_105804,10,46,105804,กรุงเทพมหานคร,คลองสามวา,3,ที่ดิน+สิ่งปลูกสร้าง,,,68.1,105804,7/11/2026 3:56
not_found,LandsMaps ไม่พบโฉนด,13753,10_03_73793,10,3,73793,กรุงเทพมหานคร,หนองจอก,3,ที่ดิน+สิ่งปลูกสร้าง,,,23.6,73793,7/11/2026 3:56
not_found,LandsMaps ไม่พบโฉนด,13754,10_42_60136,10,42,60136,กรุงเทพมหานคร,สายไหม,3,ที่ดิน+สิ่งปลูกสร้าง,,,32.7,60136,7/11/2026 3:56
not_found,LandsMaps ไม่พบโฉนด,13755,10_03_96328,10,3,96328,กรุงเทพมหานคร,หนองจอก,3,ที่ดิน+สิ่งปลูกสร้าง,,,41.3,96328,7/11/2026 3:56
not_found,LandsMaps ไม่พบโฉนด,13756,10_05_203097,10,5,203097,กรุงเทพมหานคร,บางเขน,2,ห้องชุด/คอนโด,,,30.11,203097-203104,7/11/2026 3:56
not_found,LandsMaps ไม่พบโฉนด,13756,10_05_203098,10,5,203098,กรุงเทพมหานคร,บางเขน,2,ห้องชุด/คอนโด,,,30.11,203097-203104,7/11/2026 3:56
not_found,LandsMaps ไม่พบโฉนด,13756,10_05_203099,10,5,203099,กรุงเทพมหานคร,บางเขน,2,ห้องชุด/คอนโด,,,30.11,203097-203104,7/11/2026 3:56
not_found,LandsMaps ไม่พบโฉนด,13756,10_05_203100,10,5,203100,กรุงเทพมหานคร,บางเขน,2,ห้องชุด/คอนโด,,,30.11,203097-203104,7/11/2026 3:56
not_found,LandsMaps ไม่พบโฉนด,13756,10_05_203101,10,5,203101,กรุงเทพมหานคร,บางเขน,2,ห้องชุด/คอนโด,,,30.11,203097-203104,7/11/2026 3:56
not_found,LandsMaps ไม่พบโฉนด,13756,10_05_203102,10,5,203102,กรุงเทพมหานคร,บางเขน,2,ห้องชุด/คอนโด,,,30.11,203097-203104,7/11/2026 3:56
not_found,LandsMaps ไม่พบโฉนด,13756,10_05_203103,10,5,203103,กรุงเทพมหานคร,บางเขน,2,ห้องชุด/คอนโด,,,30.11,203097-203104,7/11/2026 3:56
not_found,LandsMaps ไม่พบโฉนด,13756,10_05_203104,10,5,203104,กรุงเทพมหานคร,บางเขน,2,ห้องชุด/คอนโด,,,30.11,203097-203104,7/11/2026 3:56
not_found,LandsMaps ไม่พบโฉนด,13757,10_46_55576,10,46,55576,กรุงเทพมหานคร,คลองสามวา,3,ที่ดิน+สิ่งปลูกสร้าง,,,50,55576,7/11/2026 3:56
not_found,LandsMaps ไม่พบโฉนด,13758,10_05_69288,10,5,69288,กรุงเทพมหานคร,บางเขน,2,ห้องชุด/คอนโด,,,26.05,"6,928,869,289",7/11/2026 3:56
not_found,LandsMaps ไม่พบโฉนด,13758,10_05_69289,10,5,69289,กรุงเทพมหานคร,บางเขน,2,ห้องชุด/คอนโด,,,26.05,"6,928,869,289",7/11/2026 3:56
not_found,LandsMaps ไม่พบโฉนด,13759,10_11_42054,10,11,42054,กรุงเทพมหานคร,ลาดกระบัง,2,ห้องชุด/คอนโด,,,32.94,"4,205,443,352",7/11/2026 3:56
not_found,LandsMaps ไม่พบโฉนด,13759,10_11_43352,10,11,43352,กรุงเทพมหานคร,ลาดกระบัง,2,ห้องชุด/คอนโด,,,32.94,"4,205,443,352",7/11/2026 3:56
not_found,LandsMaps ไม่พบโฉนด,13760,10_03_57010,10,3,57010,กรุงเทพมหานคร,หนองจอก,3,ที่ดิน+สิ่งปลูกสร้าง,,,23,57010,7/11/2026 3:56
not_found,LandsMaps ไม่พบโฉนด,13761,10_05_223493,10,5,223493,กรุงเทพมหานคร,บางเขน,3,ที่ดิน+สิ่งปลูกสร้าง,,,27.3,223493,7/11/2026 3:56
not_found,LandsMaps ไม่พบโฉนด,13762,10_43_970,10,43,970,กรุงเทพมหานคร,คันนายาว,2,ห้องชุด/คอนโด,,,32.78,970,7/11/2026 3:56
not_found,LandsMaps ไม่พบโฉนด,13763,10_05_152431,10,5,152431,กรุงเทพมหานคร,บางเขน,3,ที่ดิน+สิ่งปลูกสร้าง,,1,27.4,152431,7/11/2026 3:56
not_found,LandsMaps ไม่พบโฉนด,13764,10_44_5633,10,44,5633,กรุงเทพมหานคร,สะพานสูง,3,ที่ดิน+สิ่งปลูกสร้าง,,,38.2,5633,7/11/2026 3:56
not_found,LandsMaps ไม่พบโฉนด,13765,10_44_20764,10,44,20764,กรุงเทพมหานคร,สะพานสูง,3,ที่ดิน+สิ่งปลูกสร้าง,,,18.2,20764,7/11/2026 3:56
not_found,LandsMaps ไม่พบโฉนด,13766,10_03_81143,10,3,81143,กรุงเทพมหานคร,หนองจอก,3,ที่ดิน+สิ่งปลูกสร้าง,,,22.9,81143,7/11/2026 3:56
not_found,LandsMaps ไม่พบโฉนด,13767,10_46_51416,10,46,51416,กรุงเทพมหานคร,คลองสามวา,3,ที่ดิน+สิ่งปลูกสร้าง,,,23,51416,7/11/2026 3:56
not_found,LandsMaps ไม่พบโฉนด,13768,10_42_7363,10,42,7363,กรุงเทพมหานคร,สายไหม,3,ที่ดิน+สิ่งปลูกสร้าง,,,56,7363,7/11/2026 3:56
not_found,LandsMaps ไม่พบโฉนด,13769,10_10_18986,10,10,18986,กรุงเทพมหานคร,มีนบุรี,3,ที่ดิน+สิ่งปลูกสร้าง,,,18,18986,7/11/2026 3:56
not_found,LandsMaps ไม่พบโฉนด,13770,10_11_54221,10,11,54221,กรุงเทพมหานคร,ลาดกระบัง,3,ที่ดิน+สิ่งปลูกสร้าง,,,67.9,54221,7/11/2026 3:57
not_found,LandsMaps ไม่พบโฉนด,13771,10_05_224628,10,5,224628,กรุงเทพมหานคร,บางเขน,3,ที่ดิน+สิ่งปลูกสร้าง,,,87.3,224628,7/11/2026 3:57
not_found,LandsMaps ไม่พบโฉนด,13772,10_03_35583,10,3,35583,กรุงเทพมหานคร,หนองจอก,3,ที่ดิน+สิ่งปลูกสร้าง,,,85.5,35583,7/11/2026 3:57
not_found,LandsMaps ไม่พบโฉนด,13773,10_05_223394,10,5,223394,กรุงเทพมหานคร,บางเขน,3,ที่ดิน+สิ่งปลูกสร้าง,,,22.2,223394,7/11/2026 3:57
not_found,LandsMaps ไม่พบโฉนด,13774,10_10_106943,10,10,106943,กรุงเทพมหานคร,มีนบุรี,1,ที่ดินเปล่า,,,58,106943,7/11/2026 3:57
not_found,LandsMaps ไม่พบโฉนด,13775,10_10_36532,10,10,36532,กรุงเทพมหานคร,มีนบุรี,3,ที่ดิน+สิ่งปลูกสร้าง,,,76.1,36532,7/11/2026 3:57
not_found,LandsMaps ไม่พบโฉนด,13776,10_10_43025,10,10,43025,กรุงเทพมหานคร,มีนบุรี,3,ที่ดิน+สิ่งปลูกสร้าง,,1,37.3,43025,7/11/2026 3:57
not_found,LandsMaps ไม่พบโฉนด,13777,10_42_48960,10,42,48960,กรุงเทพมหานคร,สายไหม,3,ที่ดิน+สิ่งปลูกสร้าง,,,80,48960,7/11/2026 3:57
not_found,LandsMaps ไม่พบโฉนด,13778,10_10_28475,10,10,28475,กรุงเทพมหานคร,มีนบุรี,3,ที่ดิน+สิ่งปลูกสร้าง,,,17,28475,7/11/2026 3:57
not_found,LandsMaps ไม่พบโฉนด,13779,10_10_19725,10,10,19725,กรุงเทพมหานคร,มีนบุรี (แสนแสบ),3,ที่ดิน+สิ่งปลูกสร้าง,,,99,19725,7/11/2026 3:57
not_found,LandsMaps ไม่พบโฉนด,13780,10_32_8155,10,32,8155,กรุงเทพมหานคร,ประเวศ,3,ที่ดิน+สิ่งปลูกสร้าง,,,80,8155,7/11/2026 3:57
not_found,LandsMaps ไม่พบโฉนด,13781,10_46_101476,10,46,101476,กรุงเทพมหานคร,คลองสามวา,3,ที่ดิน+สิ่งปลูกสร้าง,,,20.3,101476,7/11/2026 3:57
not_found,LandsMaps ไม่พบโฉนด,13782,10_11_29035,10,11,29035,กรุงเทพมหานคร,ลาดกระบัง,3,ที่ดิน+สิ่งปลูกสร้าง,,,22,29035,7/11/2026 3:57
not_found,LandsMaps ไม่พบโฉนด,13783,10_42_26416,10,42,26416,กรุงเทพมหานคร,สายไหม,3,ที่ดิน+สิ่งปลูกสร้าง,,,55.8,26416,7/11/2026 3:57
not_found,LandsMaps ไม่พบโฉนด,13784,10_11_19787,10,11,19787,กรุงเทพมหานคร,ลาดกระบัง,3,ที่ดิน+สิ่งปลูกสร้าง,,,19.5,19787,7/11/2026 3:57
not_found,LandsMaps ไม่พบโฉนด,13785,10_10_49691,10,10,49691,กรุงเทพมหานคร,มีนบุรี,2,ห้องชุด/คอนโด,,,26.25,"49691, 49692",7/11/2026 3:57
not_found,LandsMaps ไม่พบโฉนด,13785,10_10_49692,10,10,49692,กรุงเทพมหานคร,มีนบุรี,2,ห้องชุด/คอนโด,,,26.25,"49691, 49692",7/11/2026 3:57
not_found,LandsMaps ไม่พบโฉนด,13786,10_03_52385,10,3,52385,กรุงเทพมหานคร,หนองจอก,3,ที่ดิน+สิ่งปลูกสร้าง,,,19.5,52385,7/11/2026 3:57
not_found,LandsMaps ไม่พบโฉนด,13787,10_10_68707,10,10,68707,กรุงเทพมหานคร,มีนบุรี,2,ห้องชุด/คอนโด,,,33.65,"68707, 70331",7/11/2026 3:57
not_found,LandsMaps ไม่พบโฉนด,13787,10_10_70331,10,10,70331,กรุงเทพมหานคร,มีนบุรี,2,ห้องชุด/คอนโด,,,33.65,"68707, 70331",7/11/2026 3:57
not_found,LandsMaps ไม่พบโฉนด,13788,10_10_63770,10,10,63770,กรุงเทพมหานคร,มีนบุรี,3,ที่ดิน+สิ่งปลูกสร้าง,,,33.5,63770,7/11/2026 3:57
not_found,LandsMaps ไม่พบโฉนด,13789,10_46_96293,10,46,96293,กรุงเทพมหานคร,คลองสามวา,3,ที่ดิน+สิ่งปลูกสร้าง,,,20,96293,7/11/2026 3:57
not_found,LandsMaps ไม่พบโฉนด,13790,10_06_230393,10,6,230393,กรุงเทพมหานคร,บางกะปิ,3,ที่ดิน+สิ่งปลูกสร้าง,,,18,230393,7/11/2026 3:57
not_found,LandsMaps ไม่พบโฉนด,13791,10_11_28588,10,11,28588,กรุงเทพมหานคร,ลาดกระบัง,3,ที่ดิน+สิ่งปลูกสร้าง,,,52,28588,7/11/2026 3:57
not_found,LandsMaps ไม่พบโฉนด,13792,10_42_19296,10,42,19296,กรุงเทพมหานคร,สายไหม,3,ที่ดิน+สิ่งปลูกสร้าง,,,54.4,19296,7/11/2026 3:57
not_found,LandsMaps ไม่พบโฉนด,13793,10_42_8683,10,42,8683,กรุงเทพมหานคร,สายไหม,3,ที่ดิน+สิ่งปลูกสร้าง,,1,24,8683,7/11/2026 3:57
not_found,LandsMaps ไม่พบโฉนด,13794,10_03_16992,10,3,16992,กรุงเทพมหานคร,หนองจอก,3,ที่ดิน+สิ่งปลูกสร้าง,,,48,16992,7/11/2026 3:57
not_found,LandsMaps ไม่พบโฉนด,13795,10_10_30724,10,10,30724,กรุงเทพมหานคร,มีนบุรี,2,ห้องชุด/คอนโด,,,32.3,30724,7/11/2026 3:57
not_found,LandsMaps ไม่พบโฉนด,13796,10_44_25101,10,44,25101,กรุงเทพมหานคร,สะพานสูง,3,ที่ดิน+สิ่งปลูกสร้าง,,,40.5,25101,7/11/2026 3:57
not_found,LandsMaps ไม่พบโฉนด,13797,10_11_43748,10,11,43748,กรุงเทพมหานคร,ลาดกระบัง,2,ห้องชุด/คอนโด,,,21.5,"437,484,525,845,259",7/11/2026 3:57
not_found,LandsMaps ไม่พบโฉนด,13797,10_11_45258,10,11,45258,กรุงเทพมหานคร,ลาดกระบัง,2,ห้องชุด/คอนโด,,,21.5,"437,484,525,845,259",7/11/2026 3:57
not_found,LandsMaps ไม่พบโฉนด,13797,10_11_45259,10,11,45259,กรุงเทพมหานคร,ลาดกระบัง,2,ห้องชุด/คอนโด,,,21.5,"437,484,525,845,259",7/11/2026 3:57
not_found,LandsMaps ไม่พบโฉนด,13798,10_10_51014,10,10,51014,กรุงเทพมหานคร,มีนบุรี,3,ที่ดิน+สิ่งปลูกสร้าง,,,17,51014,7/11/2026 3:57
not_found,LandsMaps ไม่พบโฉนด,13799,10_38_11714,10,38,11714,กรุงเทพมหานคร,ลาดพร้าว,3,ที่ดิน+สิ่งปลูกสร้าง,,,50.6,11714,7/11/2026 3:57
not_found,LandsMaps ไม่พบโฉนด,13800,10_11_19777,10,11,19777,กรุงเทพมหานคร,ลาดกระบัง,3,ที่ดิน+สิ่งปลูกสร้าง,,,19.4,19777,7/11/2026 3:57
not_found,LandsMaps ไม่พบโฉนด,13801,10_44_2628,10,44,2628,กรุงเทพมหานคร,สะพานสูง,3,ที่ดิน+สิ่งปลูกสร้าง,,,67.7,2628,7/11/2026 3:57
not_found,LandsMaps ไม่พบโฉนด,13802,10_10_48439,10,10,48439,กรุงเทพมหานคร,มีนบุรี,3,ที่ดิน+สิ่งปลูกสร้าง,,,56.1,48439,7/11/2026 3:57
not_found,LandsMaps ไม่พบโฉนด,13803,10_43_970,10,43,970,กรุงเทพมหานคร,คันนายาว,2,ห้องชุด/คอนโด,,,33.02,970,7/11/2026 3:57
not_found,LandsMaps ไม่พบโฉนด,13804,10_11_29353,10,11,29353,กรุงเทพมหานคร,ลาดกระบัง,3,ที่ดิน+สิ่งปลูกสร้าง,,,50,29353,7/11/2026 3:57
not_found,LandsMaps ไม่พบโฉนด,13805,10_42_28586,10,42,28586,กรุงเทพมหานคร,สายไหม,3,ที่ดิน+สิ่งปลูกสร้าง,,,17.8,28586,7/11/2026 3:57
not_found,LandsMaps ไม่พบโฉนด,13806,10_46_85874,10,46,85874,กรุงเทพมหานคร,คลองสามวา,3,ที่ดิน+สิ่งปลูกสร้าง,,,41.2,85874,7/11/2026 3:57
not_found,LandsMaps ไม่พบโฉนด,13807,10_38_15757,10,38,15757,กรุงเทพมหานคร,ลาดพร้าว,3,ที่ดิน+สิ่งปลูกสร้าง,,,16.9,15757,7/11/2026 3:57
not_found,LandsMaps ไม่พบโฉนด,13808,10_43_970,10,43,970,กรุงเทพมหานคร,คันนายาว,2,ห้องชุด/คอนโด,,,33.02,970,7/11/2026 3:57
not_found,LandsMaps ไม่พบโฉนด,13809,10_05_30454,10,5,30454,กรุงเทพมหานคร,บางเขน,3,ที่ดิน+สิ่งปลูกสร้าง,,1,,30454,7/11/2026 3:57
not_found,LandsMaps ไม่พบโฉนด,13810,10_11_42073,10,11,42073,กรุงเทพมหานคร,ลาดกระบัง,2,ห้องชุด/คอนโด,,,32.94,"4,207,342,074",7/11/2026 3:57
not_found,LandsMaps ไม่พบโฉนด,13810,10_11_42074,10,11,42074,กรุงเทพมหานคร,ลาดกระบัง,2,ห้องชุด/คอนโด,,,32.94,"4,207,342,074",7/11/2026 3:57
not_found,LandsMaps ไม่พบโฉนด,13811,10_03_61198,10,3,61198,กรุงเทพมหานคร,หนองจอก,3,ที่ดิน+สิ่งปลูกสร้าง,,,45,61198,7/11/2026 3:57
not_found,LandsMaps ไม่พบโฉนด,13812,10_03_51818,10,3,51818,กรุงเทพมหานคร,หนองจอก,3,ที่ดิน+สิ่งปลูกสร้าง,,,24.2,51818,7/11/2026 3:57
not_found,LandsMaps ไม่พบโฉนด,13813,10_10_34531,10,10,34531,กรุงเทพมหานคร,มีนบุรี,2,ห้องชุด/คอนโด,,,32.24,34531,7/11/2026 3:57
not_found,LandsMaps ไม่พบโฉนด,13814,10_46_69426,10,46,69426,กรุงเทพมหานคร,คลองสามวา,3,ที่ดิน+สิ่งปลูกสร้าง,,,19,69426,7/11/2026 3:57
not_found,LandsMaps ไม่พบโฉนด,13815,10_46_110177,10,46,110177,กรุงเทพมหานคร,คลองสามวา,3,ที่ดิน+สิ่งปลูกสร้าง,,,21.1,110177,7/11/2026 3:57
not_found,LandsMaps ไม่พบโฉนด,13816,10_11_10918,10,11,10918,กรุงเทพมหานคร,ลาดกระบัง,3,ที่ดิน+สิ่งปลูกสร้าง,,,65,10918,7/11/2026 3:57
not_found,LandsMaps ไม่พบโฉนด,13817,10_46_105797,10,46,105797,กรุงเทพมหานคร,คลองสามวา,3,ที่ดิน+สิ่งปลูกสร้าง,,,82.4,105797,7/11/2026 3:57
not_found,LandsMaps ไม่พบโฉนด,13818,10_03_65259,10,3,65259,กรุงเทพมหานคร,หนองจอก,3,ที่ดิน+สิ่งปลูกสร้าง,,,30.7,65259,7/11/2026 3:57
not_found,LandsMaps ไม่พบโฉนด,13819,10_46_71690,10,46,71690,กรุงเทพมหานคร,คลองสามวา,3,ที่ดิน+สิ่งปลูกสร้าง,,,52,71690,7/11/2026 3:57
not_found,LandsMaps ไม่พบโฉนด,13820,10_10_52550,10,10,52550,กรุงเทพมหานคร,มีนบุรี,1,ที่ดินเปล่า,,1,,52550,7/11/2026 3:57
not_found,LandsMaps ไม่พบโฉนด,13821,10_05_191628,10,5,191628,กรุงเทพมหานคร,บางเขน,3,ที่ดิน+สิ่งปลูกสร้าง,,,18,191628,7/11/2026 3:57
not_found,LandsMaps ไม่พบโฉนด,13822,10_03_51967,10,3,51967,กรุงเทพมหานคร,หนองจอก,3,ที่ดิน+สิ่งปลูกสร้าง,,,20.2,51967,7/11/2026 3:57
not_found,LandsMaps ไม่พบโฉนด,13823,10_03_106431,10,3,106431,กรุงเทพมหานคร,หนองจอก,3,ที่ดิน+สิ่งปลูกสร้าง,,,22.8,106431,7/11/2026 3:57
not_found,LandsMaps ไม่พบโฉนด,13824,10_10_33461,10,10,33461,กรุงเทพมหานคร,มีนบุรี,3,ที่ดิน+สิ่งปลูกสร้าง,,,16,33461,7/11/2026 3:57
not_found,LandsMaps ไม่พบโฉนด,13825,10_11_43748,10,11,43748,กรุงเทพมหานคร,ลาดกระบัง,2,ห้องชุด/คอนโด,,,21.54,"43748, 45258, 45259",7/11/2026 3:57
not_found,LandsMaps ไม่พบโฉนด,13825,10_11_45258,10,11,45258,กรุงเทพมหานคร,ลาดกระบัง,2,ห้องชุด/คอนโด,,,21.54,"43748, 45258, 45259",7/11/2026 3:57
not_found,LandsMaps ไม่พบโฉนด,13825,10_11_45259,10,11,45259,กรุงเทพมหานคร,ลาดกระบัง,2,ห้องชุด/คอนโด,,,21.54,"43748, 45258, 45259",7/11/2026 3:57
not_found,LandsMaps ไม่พบโฉนด,13826,10_42_29914,10,42,29914,กรุงเทพมหานคร,สายไหม,3,ที่ดิน+สิ่งปลูกสร้าง,,,19.2,29914,7/11/2026 3:57
not_found,LandsMaps ไม่พบโฉนด,13827,10_03_40741,10,3,40741,กรุงเทพมหานคร,หนองจอก,3,ที่ดิน+สิ่งปลูกสร้าง,,,19.9,40741,7/11/2026 3:57
not_found,LandsMaps ไม่พบโฉนด,13828,10_03_40742,10,3,40742,กรุงเทพมหานคร,หนองจอก,3,ที่ดิน+สิ่งปลูกสร้าง,,,19.9,40742,7/11/2026 3:57
not_found,LandsMaps ไม่พบโฉนด,13829,10_11_47260,10,11,47260,กรุงเทพมหานคร,ลาดกระบัง,3,ที่ดิน+สิ่งปลูกสร้าง,,,20.1,47260,7/11/2026 3:57
not_found,LandsMaps ไม่พบโฉนด,13830,10_43_11422,10,43,11422,กรุงเทพมหานคร,คันนายาว,2,ห้องชุด/คอนโด,,,28.24,"1,142,211,423",7/11/2026 3:57
not_found,LandsMaps ไม่พบโฉนด,13830,10_43_11423,10,43,11423,กรุงเทพมหานคร,คันนายาว,2,ห้องชุด/คอนโด,,,28.24,"1,142,211,423",7/11/2026 3:57
not_found,LandsMaps ไม่พบโฉนด,13831,10_03_15795,10,3,15795,กรุงเทพมหานคร,หนองจอก,3,ที่ดิน+สิ่งปลูกสร้าง,,,98,15795,7/11/2026 3:57
not_found,LandsMaps ไม่พบโฉนด,13832,10_46_51598,10,46,51598,กรุงเทพมหานคร,คลองสามวา,3,ที่ดิน+สิ่งปลูกสร้าง,,,24,51598,7/11/2026 3:57
not_found,LandsMaps ไม่พบโฉนด,13833,10_42_25495,10,42,25495,กรุงเทพมหานคร,สายไหม,3,ที่ดิน+สิ่งปลูกสร้าง,,,21.4,25495,7/11/2026 3:57
not_found,LandsMaps ไม่พบโฉนด,13834,10_05_2554,10,5,2554,กรุงเทพมหานคร,บางเขน,2,ห้องชุด/คอนโด,,,24.2,2554,7/11/2026 3:57
not_found,LandsMaps ไม่พบโฉนด,13835,10_10_34930,10,10,34930,กรุงเทพมหานคร,มีนบุรี,3,ที่ดิน+สิ่งปลูกสร้าง,,1,14,34930,7/11/2026 3:57
not_found,LandsMaps ไม่พบโฉนด,13836,10_10_34931,10,10,34931,กรุงเทพมหานคร,มีนบุรี,3,ที่ดิน+สิ่งปลูกสร้าง,,1,,34931,7/11/2026 3:57
not_found,LandsMaps ไม่พบโฉนด,13837,10_43_7379,10,43,7379,กรุงเทพมหานคร,คันนายาว,3,ที่ดิน+สิ่งปลูกสร้าง,,,28.7,7379,7/11/2026 3:57
not_found,LandsMaps ไม่พบโฉนด,13838,10_46_115297,10,46,115297,กรุงเทพมหานคร,คลองสามวา,3,ที่ดิน+สิ่งปลูกสร้าง,,,57.2,115297,7/11/2026 3:57
not_found,LandsMaps ไม่พบโฉนด,13839,10_03_113989,10,3,113989,กรุงเทพมหานคร,หนองจอก,1,ที่ดินเปล่า,,1,,113989,7/11/2026 3:57
not_found,LandsMaps ไม่พบโฉนด,13840,10_11_19590,10,11,19590,กรุงเทพมหานคร,ลาดกระบัง(เจียระดับ),3,ที่ดิน+สิ่งปลูกสร้าง,,1,15,19590,7/11/2026 3:57
not_found,LandsMaps ไม่พบโฉนด,13841,10_11_33886,10,11,33886,กรุงเทพมหานคร,ลาดกระบัง,2,ห้องชุด/คอนโด,,,29.82,33886,7/11/2026 3:57
not_found,LandsMaps ไม่พบโฉนด,13842,10_46_59468,10,46,59468,กรุงเทพมหานคร,คลองสามวา,3,ที่ดิน+สิ่งปลูกสร้าง,,,16,59468,7/11/2026 3:57
not_found,LandsMaps ไม่พบโฉนด,14143,10_10_53208,10,10,53208,กรุงเทพมหานคร,มีนบุรี,3,ที่ดิน+สิ่งปลูกสร้าง,,,20,53208,7/11/2026 3:57
not_found,LandsMaps ไม่พบโฉนด,14144,10_05_44951,10,5,44951,กรุงเทพมหานคร,บางเขน,1,ที่ดินเปล่า,,2,,44951,7/11/2026 3:57
not_found,LandsMaps ไม่พบโฉนด,14145,10_03_53379,10,3,53379,กรุงเทพมหานคร,หนองจอก,3,ที่ดิน+สิ่งปลูกสร้าง,,,53.6,53379,7/11/2026 3:57
not_found,LandsMaps ไม่พบโฉนด,14146,10_10_29890,10,10,29890,กรุงเทพมหานคร,มีนบุรี,3,ที่ดิน+สิ่งปลูกสร้าง,,,32.5,29890,7/11/2026 3:57
not_found,LandsMaps ไม่พบโฉนด,14147,10_44_12542,10,44,12542,กรุงเทพมหานคร,สะพานสูง,3,ที่ดิน+สิ่งปลูกสร้าง,,,28.5,12542,7/11/2026 3:57
not_found,LandsMaps ไม่พบโฉนด,14148,10_10_15700,10,10,15700,กรุงเทพมหานคร,มีนบุรี,3,ที่ดิน+สิ่งปลูกสร้าง,,,27,15700,7/11/2026 3:57
not_found,LandsMaps ไม่พบโฉนด,14149,10_11_42056,10,11,42056,กรุงเทพมหานคร,ลาดกระบัง,2,ห้องชุด/คอนโด,,,32.94,"420,564,206,443,353",7/11/2026 3:57
not_found,LandsMaps ไม่พบโฉนด,14149,10_11_42064,10,11,42064,กรุงเทพมหานคร,ลาดกระบัง,2,ห้องชุด/คอนโด,,,32.94,"420,564,206,443,353",7/11/2026 3:57
not_found,LandsMaps ไม่พบโฉนด,14149,10_11_43353,10,11,43353,กรุงเทพมหานคร,ลาดกระบัง,2,ห้องชุด/คอนโด,,,32.94,"420,564,206,443,353",7/11/2026 3:58
not_found,LandsMaps ไม่พบโฉนด,14150,10_10_42401,10,10,42401,กรุงเทพมหานคร,มีนบุรี,3,ที่ดิน+สิ่งปลูกสร้าง,,,16,42401,7/11/2026 3:58
not_found,LandsMaps ไม่พบโฉนด,14151,10_46_75955,10,46,75955,กรุงเทพมหานคร,คลองสามวา,3,ที่ดิน+สิ่งปลูกสร้าง,,,64.4,75955,7/11/2026 3:58
not_found,LandsMaps ไม่พบโฉนด,14152,10_11_27942,10,11,27942,กรุงเทพมหานคร,ลาดกระบัง,3,ที่ดิน+สิ่งปลูกสร้าง,,,67.3,27942,7/11/2026 3:58
not_found,LandsMaps ไม่พบโฉนด,14153,10_03_64454,10,3,64454,กรุงเทพมหานคร,หนองจอก,3,ที่ดิน+สิ่งปลูกสร้าง,,,19.3,64454,7/11/2026 3:58
not_found,LandsMaps ไม่พบโฉนด,14154,10_03_72075,10,3,72075,กรุงเทพมหานคร,หนองจอก,3,ที่ดิน+สิ่งปลูกสร้าง,,,38.2,72075,7/11/2026 3:58
not_found,LandsMaps ไม่พบโฉนด,14155,10_03_66470,10,3,66470,กรุงเทพมหานคร,หนองจอก,1,ที่ดินเปล่า,,,69.6,66470,7/11/2026 3:58
not_found,LandsMaps ไม่พบโฉนด,14156,10_03_59760,10,3,59760,กรุงเทพมหานคร,หนองจอก,1,ที่ดินเปล่า,,1,,59760,7/11/2026 3:58
not_found,LandsMaps ไม่พบโฉนด,14157,10_10_49692,10,10,49692,กรุงเทพมหานคร,มีนบุรี(แสนแสบ),2,ห้องชุด/คอนโด,,,29.75,"4,969,249,691",7/11/2026 3:58
not_found,LandsMaps ไม่พบโฉนด,14157,10_10_49691,10,10,49691,กรุงเทพมหานคร,มีนบุรี(แสนแสบ),2,ห้องชุด/คอนโด,,,29.75,"4,969,249,691",7/11/2026 3:58
not_found,LandsMaps ไม่พบโฉนด,14158,10_44_4530,10,44,4530,กรุงเทพมหานคร,สะพานสูง,3,ที่ดิน+สิ่งปลูกสร้าง,,,20.7,4530,7/11/2026 3:58
not_found,LandsMaps ไม่พบโฉนด,14159,10_10_26266,10,10,26266,กรุงเทพมหานคร,มีนบุรี,2,ห้องชุด/คอนโด,,,33.33,26266,7/11/2026 3:58
not_found,LandsMaps ไม่พบโฉนด,14160,10_05_225707,10,5,225707,กรุงเทพมหานคร,บางเขน,3,ที่ดิน+สิ่งปลูกสร้าง,,,26.7,225707,7/11/2026 3:58
not_found,LandsMaps ไม่พบโฉนด,14161,10_03_75266,10,3,75266,กรุงเทพมหานคร,หนองจอก,3,ที่ดิน+สิ่งปลูกสร้าง,,,23.7,75266,7/11/2026 3:58
not_found,LandsMaps ไม่พบโฉนด,14162,10_42_11120,10,42,11120,กรุงเทพมหานคร,สายไหม,3,ที่ดิน+สิ่งปลูกสร้าง,,3,,11120,7/11/2026 3:58
not_found,LandsMaps ไม่พบโฉนด,14163,10_42_21608,10,42,21608,กรุงเทพมหานคร,สายไหม,3,ที่ดิน+สิ่งปลูกสร้าง,,,30.5,21608,7/11/2026 3:58
not_found,LandsMaps ไม่พบโฉนด,14164,10_46_78984,10,46,78984,กรุงเทพมหานคร,คลองสามวา,2,ห้องชุด/คอนโด,,,32.61,"78,984,789,857,898,600,000",7/11/2026 3:58
not_found,LandsMaps ไม่พบโฉนด,14164,10_46_78985,10,46,78985,กรุงเทพมหานคร,คลองสามวา,2,ห้องชุด/คอนโด,,,32.61,"78,984,789,857,898,600,000",7/11/2026 3:58
not_found,LandsMaps ไม่พบโฉนด,14164,10_46_78986,10,46,78986,กรุงเทพมหานคร,คลองสามวา,2,ห้องชุด/คอนโด,,,32.61,"78,984,789,857,898,600,000",7/11/2026 3:58
not_found,LandsMaps ไม่พบโฉนด,14164,10_46_92869,10,46,92869,กรุงเทพมหานคร,คลองสามวา,2,ห้องชุด/คอนโด,,,32.61,"78,984,789,857,898,600,000",7/11/2026 3:58
not_found,LandsMaps ไม่พบโฉนด,14165,10_03_44888,10,3,44888,กรุงเทพมหานคร,หนองจอก,3,ที่ดิน+สิ่งปลูกสร้าง,,,50,44888,7/11/2026 3:58
not_found,LandsMaps ไม่พบโฉนด,14166,10_11_46065,10,11,46065,กรุงเทพมหานคร,ลาดกระบัง,3,ที่ดิน+สิ่งปลูกสร้าง,,,20,46065,7/11/2026 3:58
not_found,LandsMaps ไม่พบโฉนด,14167,10_03_79698,10,3,79698,กรุงเทพมหานคร,หนองจอก,3,ที่ดิน+สิ่งปลูกสร้าง,,1,,79698,7/11/2026 3:58
not_found,LandsMaps ไม่พบโฉนด,14168,10_11_5832,10,11,5832,กรุงเทพมหานคร,ลาดกระบัง,2,ห้องชุด/คอนโด,,,28.39,5832,7/11/2026 3:58
not_found,LandsMaps ไม่พบโฉนด,14169,10_42_29004,10,42,29004,กรุงเทพมหานคร,สายไหม,3,ที่ดิน+สิ่งปลูกสร้าง,,,50.4,29004,7/11/2026 3:58
not_found,LandsMaps ไม่พบโฉนด,14170,10_03_57027,10,3,57027,กรุงเทพมหานคร,หนองจอก,3,ที่ดิน+สิ่งปลูกสร้าง,,,19.5,57027,7/11/2026 3:58
not_found,LandsMaps ไม่พบโฉนด,14171,10_10_46606,10,10,46606,กรุงเทพมหานคร,มีนบุรี,3,ที่ดิน+สิ่งปลูกสร้าง,,,18.6,46606,7/11/2026 3:58
not_found,LandsMaps ไม่พบโฉนด,14172,10_10_389,10,10,389,กรุงเทพมหานคร,มีนบุรี,3,ที่ดิน+สิ่งปลูกสร้าง,,,19.4,389,7/11/2026 3:58
not_found,LandsMaps ไม่พบโฉนด,14173,10_44_10994,10,44,10994,กรุงเทพมหานคร,สะพานสูง,3,ที่ดิน+สิ่งปลูกสร้าง,,,23.8,10994,7/11/2026 3:58
not_found,LandsMaps ไม่พบโฉนด,14174,10_46_68531,10,46,68531,กรุงเทพมหานคร,คลองสามวา,3,ที่ดิน+สิ่งปลูกสร้าง,,,24,68531,7/11/2026 3:58
not_found,LandsMaps ไม่พบโฉนด,14175,10_06_220506,10,6,220506,กรุงเทพมหานคร,บางกะปิ,3,ที่ดิน+สิ่งปลูกสร้าง,,,17.8,220506,7/11/2026 3:58
not_found,LandsMaps ไม่พบโฉนด,14176,10_05_224628,10,5,224628,กรุงเทพมหานคร,บางเขน,3,ที่ดิน+สิ่งปลูกสร้าง,,,87.3,224628,7/11/2026 3:58
not_found,LandsMaps ไม่พบโฉนด,14177,10_05_2554,10,5,2554,กรุงเทพมหานคร,บางเขน,2,ห้องชุด/คอนโด,,,24.26,2554,7/11/2026 3:58
not_found,LandsMaps ไม่พบโฉนด,14178,10_11_32128,10,11,32128,กรุงเทพมหานคร,ลาดกระบัง,3,ที่ดิน+สิ่งปลูกสร้าง,,,55,32128,7/11/2026 3:58
not_found,LandsMaps ไม่พบโฉนด,14179,10_42_5390,10,42,5390,กรุงเทพมหานคร,สายไหม,3,ที่ดิน+สิ่งปลูกสร้าง,,,18,5390,7/11/2026 3:58
not_found,LandsMaps ไม่พบโฉนด,14180,10_44_160305,10,44,160305,กรุงเทพมหานคร,สะพานสูง(พระโขนง),1,ที่ดินเปล่า,,,76,160305,7/11/2026 3:58
not_found,LandsMaps ไม่พบโฉนด,14181,10_11_40393,10,11,40393,กรุงเทพมหานคร,ลาดกระบัง,2,ห้องชุด/คอนโด,,,30.43,40393,7/11/2026 3:58
not_found,LandsMaps ไม่พบโฉนด,14182,10_44_3490,10,44,3490,กรุงเทพมหานคร,สะพานสูง,3,ที่ดิน+สิ่งปลูกสร้าง,,,82,3490,7/11/2026 3:58
not_found,LandsMaps ไม่พบโฉนด,14183,10_46_71923,10,46,71923,กรุงเทพมหานคร,คลองสามวา,3,ที่ดิน+สิ่งปลูกสร้าง,,,18,71923,7/11/2026 3:58
not_found,LandsMaps ไม่พบโฉนด,14184,10_46_93593,10,46,93593,กรุงเทพมหานคร,คลองสามวา,3,ที่ดิน+สิ่งปลูกสร้าง,,,50,93593,7/11/2026 3:58
not_found,LandsMaps ไม่พบโฉนด,14185,10_05_68247,10,5,68247,กรุงเทพมหานคร,บางเขน,2,ห้องชุด/คอนโด,,,36.55,68247,7/11/2026 3:58
not_found,LandsMaps ไม่พบโฉนด,14186,10_05_68680,10,5,68680,กรุงเทพมหานคร,บางเขน,3,ที่ดิน+สิ่งปลูกสร้าง,,,17.2,68680,7/11/2026 3:58
not_found,LandsMaps ไม่พบโฉนด,14187,10_11_44591,10,11,44591,กรุงเทพมหานคร,ลาดกระบัง,2,ห้องชุด/คอนโด,,,30.16,44591,7/11/2026 3:58
not_found,LandsMaps ไม่พบโฉนด,14188,10_44_14369,10,44,14369,กรุงเทพมหานคร,สะพานสูง,3,ที่ดิน+สิ่งปลูกสร้าง,,,26.1,14369,7/11/2026 3:58
not_found,LandsMaps ไม่พบโฉนด,14189,10_11_35617,10,11,35617,กรุงเทพมหานคร,ลาดกระบัง,3,ที่ดิน+สิ่งปลูกสร้าง,,,69,35617,7/11/2026 3:58
not_found,LandsMaps ไม่พบโฉนด,14190,10_44_6161,10,44,6161,กรุงเทพมหานคร,สะพานสูง,3,ที่ดิน+สิ่งปลูกสร้าง,,,41.5,6161,7/11/2026 3:58
not_found,LandsMaps ไม่พบโฉนด,14191,10_05_203112,10,5,203112,กรุงเทพมหานคร,บางเขน,2,ห้องชุด/คอนโด,,,38.6,"203112,203113,203114,203115, 203116,203117",7/11/2026 3:58
not_found,LandsMaps ไม่พบโฉนด,14191,10_05_203113,10,5,203113,กรุงเทพมหานคร,บางเขน,2,ห้องชุด/คอนโด,,,38.6,"203112,203113,203114,203115, 203116,203117",7/11/2026 3:58
not_found,LandsMaps ไม่พบโฉนด,14191,10_05_203114,10,5,203114,กรุงเทพมหานคร,บางเขน,2,ห้องชุด/คอนโด,,,38.6,"203112,203113,203114,203115, 203116,203117",7/11/2026 3:58
not_found,LandsMaps ไม่พบโฉนด,14191,10_05_203115,10,5,203115,กรุงเทพมหานคร,บางเขน,2,ห้องชุด/คอนโด,,,38.6,"203112,203113,203114,203115, 203116,203117",7/11/2026 3:58
not_found,LandsMaps ไม่พบโฉนด,14191,10_05_203116,10,5,203116,กรุงเทพมหานคร,บางเขน,2,ห้องชุด/คอนโด,,,38.6,"203112,203113,203114,203115, 203116,203117",7/11/2026 3:58
not_found,LandsMaps ไม่พบโฉนด,14191,10_05_203117,10,5,203117,กรุงเทพมหานคร,บางเขน,2,ห้องชุด/คอนโด,,,38.6,"203112,203113,203114,203115, 203116,203117",7/11/2026 3:58
not_found,LandsMaps ไม่พบโฉนด,14192,10_10_76768,10,10,76768,กรุงเทพมหานคร,มีนบุรี,3,ที่ดิน+สิ่งปลูกสร้าง,,,24.6,76768,7/11/2026 3:58
not_found,LandsMaps ไม่พบโฉนด,14193,10_03_48783,10,3,48783,กรุงเทพมหานคร,หนองจอก,3,ที่ดิน+สิ่งปลูกสร้าง,,,22.7,48783,7/11/2026 3:58
not_found,LandsMaps ไม่พบโฉนด,14194,10_10_23136,10,10,23136,กรุงเทพมหานคร,มีนบุรี,3,ที่ดิน+สิ่งปลูกสร้าง,,,18,23136,7/11/2026 3:58
not_found,LandsMaps ไม่พบโฉนด,14195,10_10_76707,10,10,76707,กรุงเทพมหานคร,มีนบุรี,3,ที่ดิน+สิ่งปลูกสร้าง,,,21,76707,7/11/2026 3:58
not_found,LandsMaps ไม่พบโฉนด,14196,10_10_48900,10,10,48900,กรุงเทพมหานคร,มีนบุรี,3,ที่ดิน+สิ่งปลูกสร้าง,,,51.4,48900,7/11/2026 3:58
not_found,LandsMaps ไม่พบโฉนด,14197,10_46_110493,10,46,110493,กรุงเทพมหานคร,คลองสามวา,3,ที่ดิน+สิ่งปลูกสร้าง,,,52,110493,7/11/2026 3:58
not_found,LandsMaps ไม่พบโฉนด,14198,10_05_206653,10,5,206653,กรุงเทพมหานคร,บางเขน,1,ที่ดินเปล่า,,,19,206653,7/11/2026 3:58
not_found,LandsMaps ไม่พบโฉนด,14199,10_11_9657,10,11,9657,กรุงเทพมหานคร,ลาดกระบัง,3,ที่ดิน+สิ่งปลูกสร้าง,,,16,9657,7/11/2026 3:58
not_found,LandsMaps ไม่พบโฉนด,14200,10_10_10300,10,10,10300,กรุงเทพมหานคร,มีนบุรี,3,ที่ดิน+สิ่งปลูกสร้าง,,,16,10300,7/11/2026 3:58
not_found,LandsMaps ไม่พบโฉนด,14201,10_10_44132,10,10,44132,กรุงเทพมหานคร,มีนบุรี,3,ที่ดิน+สิ่งปลูกสร้าง,,1,34,44132,7/11/2026 3:58
not_found,LandsMaps ไม่พบโฉนด,14202,10_10_62688,10,10,62688,กรุงเทพมหานคร,มีนบุรี,3,ที่ดิน+สิ่งปลูกสร้าง,,,90,62688,7/11/2026 3:58
not_found,LandsMaps ไม่พบโฉนด,14203,10_10_79200,10,10,79200,กรุงเทพมหานคร,มีนบุรี,2,ห้องชุด/คอนโด,,,23.58,"79200, 99502",7/11/2026 3:58
not_found,LandsMaps ไม่พบโฉนด,14203,10_10_99502,10,10,99502,กรุงเทพมหานคร,มีนบุรี,2,ห้องชุด/คอนโด,,,23.58,"79200, 99502",7/11/2026 3:58
not_found,LandsMaps ไม่พบโฉนด,14204,10_10_12337,10,10,12337,กรุงเทพมหานคร,มีนบุรี,3,ที่ดิน+สิ่งปลูกสร้าง,,,63,12337,7/11/2026 3:58
not_found,LandsMaps ไม่พบโฉนด,14205,10_42_12972,10,42,12972,กรุงเทพมหานคร,สายไหม,3,ที่ดิน+สิ่งปลูกสร้าง,,,22,12972,7/11/2026 3:58
not_found,LandsMaps ไม่พบโฉนด,14206,10_03_53073,10,3,53073,กรุงเทพมหานคร,หนองจอก,3,ที่ดิน+สิ่งปลูกสร้าง,,,19.9,53073,7/11/2026 3:58
not_found,LandsMaps ไม่พบโฉนด,14207,10_46_51384,10,46,51384,กรุงเทพมหานคร,คลองสามวา(มีนบุรี),3,ที่ดิน+สิ่งปลูกสร้าง,,,16,51384,7/11/2026 3:58
not_found,LandsMaps ไม่พบโฉนด,14208,10_05_177438,10,5,177438,กรุงเทพมหานคร,บางเขน,3,ที่ดิน+สิ่งปลูกสร้าง,,,20,177438,7/11/2026 3:58
not_found,LandsMaps ไม่พบโฉนด,14209,10_46_94048,10,46,94048,กรุงเทพมหานคร,คลองสามวา,3,ที่ดิน+สิ่งปลูกสร้าง,,,92,94048,7/11/2026 3:58
not_found,LandsMaps ไม่พบโฉนด,14210,10_10_42357,10,10,42357,กรุงเทพมหานคร,มีนบุรี,3,ที่ดิน+สิ่งปลูกสร้าง,,,18,42357,7/11/2026 3:58
not_found,LandsMaps ไม่พบโฉนด,14211,10_10_34531,10,10,34531,กรุงเทพมหานคร,มีนบุรี,2,ห้องชุด/คอนโด,,,32.34,34531,7/11/2026 3:58
not_found,LandsMaps ไม่พบโฉนด,14212,10_06_193183,10,6,193183,กรุงเทพมหานคร,บางกะปิ,3,ที่ดิน+สิ่งปลูกสร้าง,,,30,193183,7/11/2026 3:58
not_found,LandsMaps ไม่พบโฉนด,14213,10_05_207523,10,5,207523,กรุงเทพมหานคร,บางเขน,3,ที่ดิน+สิ่งปลูกสร้าง,,,31.8,207523,7/11/2026 3:58
not_found,LandsMaps ไม่พบโฉนด,14214,10_46_54063,10,46,54063,กรุงเทพมหานคร,คลองสามวา(มีนบุรี),3,ที่ดิน+สิ่งปลูกสร้าง,,,19.5,54063,7/11/2026 3:58
not_found,LandsMaps ไม่พบโฉนด,14215,10_06_10004,10,6,10004,กรุงเทพมหานคร,บางกะปิ,2,ห้องชุด/คอนโด,,,32.6,10004,7/11/2026 3:58
not_found,LandsMaps ไม่พบโฉนด,14216,10_10_7278,10,10,7278,กรุงเทพมหานคร,มีนบุรี,3,ที่ดิน+สิ่งปลูกสร้าง,,,17.8,7278,7/11/2026 3:58
not_found,LandsMaps ไม่พบโฉนด,14217,10_03_74555,10,3,74555,กรุงเทพมหานคร,หนองจอก,3,ที่ดิน+สิ่งปลูกสร้าง,,,20,74555,7/11/2026 3:58
not_found,LandsMaps ไม่พบโฉนด,14218,10_44_6085,10,44,6085,กรุงเทพมหานคร,สะพานสูง,3,ที่ดิน+สิ่งปลูกสร้าง,,,54.9,6085,7/11/2026 3:58
not_found,LandsMaps ไม่พบโฉนด,14219,10_42_18120,10,42,18120,กรุงเทพมหานคร,สายไหม,3,ที่ดิน+สิ่งปลูกสร้าง,,,38.8,18120,7/11/2026 3:58
not_found,LandsMaps ไม่พบโฉนด,14220,10_03_100888,10,3,100888,กรุงเทพมหานคร,หนองจอก,3,ที่ดิน+สิ่งปลูกสร้าง,,,40,100888,7/11/2026 3:58
not_found,LandsMaps ไม่พบโฉนด,14221,10_11_13597,10,11,13597,กรุงเทพมหานคร,ลาดกระบัง,3,ที่ดิน+สิ่งปลูกสร้าง,,,25.5,13597,7/11/2026 3:58
not_found,LandsMaps ไม่พบโฉนด,14222,10_43_4138,10,43,4138,กรุงเทพมหานคร,คันนายาว,2,ห้องชุด/คอนโด,,,22.28,4138,7/11/2026 3:58
not_found,LandsMaps ไม่พบโฉนด,14223,10_11_51130,10,11,51130,กรุงเทพมหานคร,ลาดกระบัง,3,ที่ดิน+สิ่งปลูกสร้าง,,,16.9,51130,7/11/2026 3:58
not_found,LandsMaps ไม่พบโฉนด,14224,10_05_215176,10,5,215176,กรุงเทพมหานคร,บางเขน,3,ที่ดิน+สิ่งปลูกสร้าง,,,47.1,215176,7/11/2026 3:58
not_found,LandsMaps ไม่พบโฉนด,14225,10_11_38649,10,11,38649,กรุงเทพมหานคร,ลาดกระบัง,2,ห้องชุด/คอนโด,,,33.3,"3,864,938,650",7/11/2026 3:58
not_found,LandsMaps ไม่พบโฉนด,14225,10_11_38650,10,11,38650,กรุงเทพมหานคร,ลาดกระบัง,2,ห้องชุด/คอนโด,,,33.3,"3,864,938,650",7/11/2026 3:58
not_found,LandsMaps ไม่พบโฉนด,14226,10_27_2483,10,27,2483,กรุงเทพมหานคร,บึงกุ่ม,3,ที่ดิน+สิ่งปลูกสร้าง,,,23,2483,7/11/2026 3:59
not_found,LandsMaps ไม่พบโฉนด,14227,10_27_2484,10,27,2484,กรุงเทพมหานคร,บึงกุ่ม,3,ที่ดิน+สิ่งปลูกสร้าง,,,18,2484,7/11/2026 3:59
not_found,LandsMaps ไม่พบโฉนด,14228,10_03_56967,10,3,56967,กรุงเทพมหานคร,หนองจอก,3,ที่ดิน+สิ่งปลูกสร้าง,,,23,56967,7/11/2026 3:59
not_found,LandsMaps ไม่พบโฉนด,14229,10_06_17831,10,6,17831,กรุงเทพมหานคร,บางกะปิ,3,ที่ดิน+สิ่งปลูกสร้าง,,,31,17831,7/11/2026 3:59
not_found,LandsMaps ไม่พบโฉนด,14230,10_06_17830,10,6,17830,กรุงเทพมหานคร,บางกะปิ,3,ที่ดิน+สิ่งปลูกสร้าง,,,29,17830,7/11/2026 3:59
not_found,LandsMaps ไม่พบโฉนด,14231,10_10_40255,10,10,40255,กรุงเทพมหานคร,มีนบุรี,3,ที่ดิน+สิ่งปลูกสร้าง,,,18.5,40255,7/11/2026 3:59
not_found,LandsMaps ไม่พบโฉนด,14232,10_05_222101,10,5,222101,กรุงเทพมหานคร,บางเขน,3,ที่ดิน+สิ่งปลูกสร้าง,,,17.4,222101,7/11/2026 3:59
not_found,LandsMaps ไม่พบโฉนด,14233,10_10_63732,10,10,63732,กรุงเทพมหานคร,มีนบุรี,3,ที่ดิน+สิ่งปลูกสร้าง,,,50,63732,7/11/2026 3:59
not_found,LandsMaps ไม่พบโฉนด,14234,10_11_53081,10,11,53081,กรุงเทพมหานคร,ลาดกระบัง,3,ที่ดิน+สิ่งปลูกสร้าง,,,20.6,53081,7/11/2026 3:59
not_found,LandsMaps ไม่พบโฉนด,14235,10_05_210606,10,5,210606,กรุงเทพมหานคร,บางเขน,3,ที่ดิน+สิ่งปลูกสร้าง,,,20.6,210606,7/11/2026 3:59
not_found,LandsMaps ไม่พบโฉนด,14236,10_03_113989,10,3,113989,กรุงเทพมหานคร,หนองจอก,1,ที่ดินเปล่า,,1,,113989,7/11/2026 3:59
not_found,LandsMaps ไม่พบโฉนด,14237,10_10_13651,10,10,13651,กรุงเทพมหานคร,มีนบุรี,3,ที่ดิน+สิ่งปลูกสร้าง,,,18.1,13651,7/11/2026 3:59
not_found,LandsMaps ไม่พบโฉนด,14238,10_43_970,10,43,970,กรุงเทพมหานคร,คันนายาว,2,ห้องชุด/คอนโด,,,33.02,970,7/11/2026 3:59
not_found,LandsMaps ไม่พบโฉนด,14239,10_44_8523,10,44,8523,กรุงเทพมหานคร,สะพานสูง,3,ที่ดิน+สิ่งปลูกสร้าง,,,65.5,8523,7/11/2026 3:59
not_found,LandsMaps ไม่พบโฉนด,14240,10_10_42026,10,10,42026,กรุงเทพมหานคร,แสนแสบ,3,ที่ดิน+สิ่งปลูกสร้าง,,,50,42026,7/11/2026 3:59
not_found,LandsMaps ไม่พบโฉนด,14241,10_42_65468,10,42,65468,กรุงเทพมหานคร,สายไหม,3,ที่ดิน+สิ่งปลูกสร้าง,,,16,65468 (เดิม 176695),7/11/2026 3:59
not_found,LandsMaps ไม่พบโฉนด,14242,10_46_92658,10,46,92658,กรุงเทพมหานคร,คลองสามวา,3,ที่ดิน+สิ่งปลูกสร้าง,,,31.9,92658,7/11/2026 3:59
not_found,LandsMaps ไม่พบโฉนด,14243,10_11_43418,10,11,43418,กรุงเทพมหานคร,ลาดกระบัง,2,ห้องชุด/คอนโด,,,22.92,43418,7/11/2026 3:59
not_found,LandsMaps ไม่พบโฉนด,14244,10_03_25725,10,3,25725,กรุงเทพมหานคร,หนองจอก,3,ที่ดิน+สิ่งปลูกสร้าง,,,21.9,25725,7/11/2026 3:59
not_found,LandsMaps ไม่พบโฉนด,14245,10_42_39031,10,42,39031,กรุงเทพมหานคร,สายไหม,3,ที่ดิน+สิ่งปลูกสร้าง,,,18,39031,7/11/2026 3:59
not_found,LandsMaps ไม่พบโฉนด,14246,10_10_116951,10,10,116951,กรุงเทพมหานคร,มีนบุรี,3,ที่ดิน+สิ่งปลูกสร้าง,,,97.4,116951,7/11/2026 3:59
not_found,LandsMaps ไม่พบโฉนด,14247,10_11_15966,10,11,15966,กรุงเทพมหานคร,ลาดกระบัง,3,ที่ดิน+สิ่งปลูกสร้าง,,,59.5,15966,7/11/2026 3:59
not_found,LandsMaps ไม่พบโฉนด,14248,10_06_137919,10,6,137919,กรุงเทพมหานคร,บางกะปิ,3,ที่ดิน+สิ่งปลูกสร้าง,,,49,137919,7/11/2026 3:59
not_found,LandsMaps ไม่พบโฉนด,14249,10_10_25581,10,10,25581,กรุงเทพมหานคร,มีนบุรี,3,ที่ดิน+สิ่งปลูกสร้าง,,,18,25581,7/11/2026 3:59
not_found,LandsMaps ไม่พบโฉนด,14250,10_03_59368,10,3,59368,กรุงเทพมหานคร,หนองจอก,3,ที่ดิน+สิ่งปลูกสร้าง,,,55.5,59368,7/11/2026 3:59
not_found,LandsMaps ไม่พบโฉนด,14251,10_05_217508,10,5,217508,กรุงเทพมหานคร,บางเขน,2,ห้องชุด/คอนโด,,,31.85,"217,508,217,511",7/11/2026 3:59
not_found,LandsMaps ไม่พบโฉนด,14251,10_05_217511,10,5,217511,กรุงเทพมหานคร,บางเขน,2,ห้องชุด/คอนโด,,,31.85,"217,508,217,511",7/11/2026 3:59
not_found,LandsMaps ไม่พบโฉนด,14252,10_05_203090,10,5,203090,กรุงเทพมหานคร,บางเขน,2,ห้องชุด/คอนโด,,,30.11,"203090,203091,20392,203093,203094และ203095",7/11/2026 3:59
not_found,LandsMaps ไม่พบโฉนด,14252,10_05_203091,10,5,203091,กรุงเทพมหานคร,บางเขน,2,ห้องชุด/คอนโด,,,30.11,"203090,203091,20392,203093,203094และ203095",7/11/2026 3:59
not_found,LandsMaps ไม่พบโฉนด,14252,10_05_20392,10,5,20392,กรุงเทพมหานคร,บางเขน,2,ห้องชุด/คอนโด,,,30.11,"203090,203091,20392,203093,203094และ203095",7/11/2026 3:59
not_found,LandsMaps ไม่พบโฉนด,14252,10_05_203093,10,5,203093,กรุงเทพมหานคร,บางเขน,2,ห้องชุด/คอนโด,,,30.11,"203090,203091,20392,203093,203094และ203095",7/11/2026 3:59
not_found,LandsMaps ไม่พบโฉนด,14252,10_05_203094,10,5,203094,กรุงเทพมหานคร,บางเขน,2,ห้องชุด/คอนโด,,,30.11,"203090,203091,20392,203093,203094และ203095",7/11/2026 3:59
not_found,LandsMaps ไม่พบโฉนด,14252,10_05_203095,10,5,203095,กรุงเทพมหานคร,บางเขน,2,ห้องชุด/คอนโด,,,30.11,"203090,203091,20392,203093,203094และ203095",7/11/2026 3:59
not_found,LandsMaps ไม่พบโฉนด,14253,10_03_27416,10,3,27416,กรุงเทพมหานคร,หนองจอก,3,ที่ดิน+สิ่งปลูกสร้าง,,,16,27416,7/11/2026 3:59
not_found,LandsMaps ไม่พบโฉนด,14254,10_11_21262,10,11,21262,กรุงเทพมหานคร,ลาดกระบัง,3,ที่ดิน+สิ่งปลูกสร้าง,,,19.5,21262,7/11/2026 3:59
not_found,LandsMaps ไม่พบโฉนด,14255,10_05_216615,10,5,216615,กรุงเทพมหานคร,บางเขน,3,ที่ดิน+สิ่งปลูกสร้าง,,,46.1,216615,7/11/2026 3:59
not_found,LandsMaps ไม่พบโฉนด,14256,10_03_82088,10,3,82088,กรุงเทพมหานคร,หนองจอก,3,ที่ดิน+สิ่งปลูกสร้าง,,,21,82088,7/11/2026 3:59
not_found,LandsMaps ไม่พบโฉนด,14257,10_10_42131,10,10,42131,กรุงเทพมหานคร,มีนบุรี,3,ที่ดิน+สิ่งปลูกสร้าง,,,20,42131,7/11/2026 3:59
not_found,LandsMaps ไม่พบโฉนด,14258,10_46_78984,10,46,78984,กรุงเทพมหานคร,คลองสามวา,2,ห้องชุด/คอนโด,,,32.61,"78,984,789,857,898,600,000",7/11/2026 3:59
not_found,LandsMaps ไม่พบโฉนด,14258,10_46_78985,10,46,78985,กรุงเทพมหานคร,คลองสามวา,2,ห้องชุด/คอนโด,,,32.61,"78,984,789,857,898,600,000",7/11/2026 3:59
not_found,LandsMaps ไม่พบโฉนด,14258,10_46_78986,10,46,78986,กรุงเทพมหานคร,คลองสามวา,2,ห้องชุด/คอนโด,,,32.61,"78,984,789,857,898,600,000",7/11/2026 3:59
not_found,LandsMaps ไม่พบโฉนด,14258,10_46_92869,10,46,92869,กรุงเทพมหานคร,คลองสามวา,2,ห้องชุด/คอนโด,,,32.61,"78,984,789,857,898,600,000",7/11/2026 3:59
not_found,LandsMaps ไม่พบโฉนด,14259,10_09_199118,10,9,199118,กรุงเทพมหานคร,พระโขนง,3,ที่ดิน+สิ่งปลูกสร้าง,,,48,199118,7/11/2026 3:59
not_found,LandsMaps ไม่พบโฉนด,14260,10_09_199119,10,9,199119,กรุงเทพมหานคร,พระโขนง,3,ที่ดิน+สิ่งปลูกสร้าง,,,43,199119,7/11/2026 3:59
not_found,LandsMaps ไม่พบโฉนด,14261,10_03_79837,10,3,79837,กรุงเทพมหานคร,หนองจอก,2,ห้องชุด/คอนโด,,,32.37,"7,983,779,842",7/11/2026 3:59
not_found,LandsMaps ไม่พบโฉนด,14261,10_03_79842,10,3,79842,กรุงเทพมหานคร,หนองจอก,2,ห้องชุด/คอนโด,,,32.37,"7,983,779,842",7/11/2026 3:59
not_found,LandsMaps ไม่พบโฉนด,14262,10_43_9388,10,43,9388,กรุงเทพมหานคร,คันนายาว,3,ที่ดิน+สิ่งปลูกสร้าง,,,61.4,9388,7/11/2026 3:59
not_found,LandsMaps ไม่พบโฉนด,14263,10_10_48838,10,10,48838,กรุงเทพมหานคร,มีนบุรี(แสนแสบ),1,ที่ดินเปล่า,,,19,48838,7/11/2026 3:59
not_found,LandsMaps ไม่พบโฉนด,14264,10_10_48544,10,10,48544,กรุงเทพมหานคร,มีนบุรี(แสนแสบ),1,ที่ดินเปล่า,,,76.2,48544,7/11/2026 3:59
not_found,LandsMaps ไม่พบโฉนด,14265,10_06_58733,10,6,58733,กรุงเทพมหานคร,บางกะปิ,2,ห้องชุด/คอนโด,,,25.93,58733,7/11/2026 3:59
not_found,LandsMaps ไม่พบโฉนด,14266,10_03_2318,10,3,2318,กรุงเทพมหานคร,หนองจอก(เจียระดับ),3,ที่ดิน+สิ่งปลูกสร้าง,,1,20.8,2318,7/11/2026 3:59
not_found,LandsMaps ไม่พบโฉนด,14267,10_03_17111,10,3,17111,กรุงเทพมหานคร,หนองจอก,2,ห้องชุด/คอนโด,,,21.18,17111,7/11/2026 3:59
not_found,LandsMaps ไม่พบโฉนด,14268,10_11_30026,10,11,30026,กรุงเทพมหานคร,ลาดกระบัง,3,ที่ดิน+สิ่งปลูกสร้าง,,,20,30026,7/11/2026 3:59
not_found,LandsMaps ไม่พบโฉนด,14269,10_10_78368,10,10,78368,กรุงเทพมหานคร,มีนบุรี,3,ที่ดิน+สิ่งปลูกสร้าง,,,89.9,78368,7/11/2026 3:59
not_found,LandsMaps ไม่พบโฉนด,14270,10_43_12601,10,43,12601,กรุงเทพมหานคร,คันนายาว,2,ห้องชุด/คอนโด,,,42.9,12601,7/11/2026 3:59
not_found,LandsMaps ไม่พบโฉนด,14271,10_03_107405,10,3,107405,กรุงเทพมหานคร,หนองจอก,1,ที่ดินเปล่า,,,62,107405,7/11/2026 3:59
not_found,LandsMaps ไม่พบโฉนด,14272,10_03_81548,10,3,81548,กรุงเทพมหานคร,หนองจอก,3,ที่ดิน+สิ่งปลูกสร้าง,,,64.3,81548,7/11/2026 3:59
not_found,LandsMaps ไม่พบโฉนด,14273,10_10_101679,10,10,101679,กรุงเทพมหานคร,มีนบุรี,2,ห้องชุด/คอนโด,,,26.53,"101,679,101,746",7/11/2026 3:59
not_found,LandsMaps ไม่พบโฉนด,14273,10_10_101746,10,10,101746,กรุงเทพมหานคร,มีนบุรี,2,ห้องชุด/คอนโด,,,26.53,"101,679,101,746",7/11/2026 3:59
not_found,LandsMaps ไม่พบโฉนด,14274,10_05_189993,10,5,189993,กรุงเทพมหานคร,บางเขน,3,ที่ดิน+สิ่งปลูกสร้าง,,,18,189993,7/11/2026 3:59
not_found,LandsMaps ไม่พบโฉนด,14275,10_42_26171,10,42,26171,กรุงเทพมหานคร,สายไหม,3,ที่ดิน+สิ่งปลูกสร้าง,,,17.5,26171,7/11/2026 3:59
not_found,LandsMaps ไม่พบโฉนด,14276,10_43_4138,10,43,4138,กรุงเทพมหานคร,คันนายาว,2,ห้องชุด/คอนโด,,,22.28,4138,7/11/2026 3:59
not_found,LandsMaps ไม่พบโฉนด,14277,10_11_32114,10,11,32114,กรุงเทพมหานคร,ลาดกระบัง,3,ที่ดิน+สิ่งปลูกสร้าง,,,55,32114,7/11/2026 3:59
not_found,LandsMaps ไม่พบโฉนด,14278,10_11_64546,10,11,64546,กรุงเทพมหานคร,ลาดกระบัง,3,ที่ดิน+สิ่งปลูกสร้าง,,,19.9,64546,7/11/2026 3:59
not_found,LandsMaps ไม่พบโฉนด,14279,10_42_38996,10,42,38996,กรุงเทพมหานคร,สายไหม,3,ที่ดิน+สิ่งปลูกสร้าง,,,29.6,38996,7/11/2026 3:59
not_found,LandsMaps ไม่พบโฉนด,14280,10_32_242443,10,32,242443,กรุงเทพมหานคร,ประเวศ,2,ห้องชุด/คอนโด,,,43.25,242443,7/11/2026 3:59
not_found,LandsMaps ไม่พบโฉนด,14281,10_06_69304,10,6,69304,กรุงเทพมหานคร,บางกะปิ,3,ที่ดิน+สิ่งปลูกสร้าง,,,45,69304,7/11/2026 3:59
not_found,LandsMaps ไม่พบโฉนด,14282,10_44_4702,10,44,4702,กรุงเทพมหานคร,สะพานสูง,3,ที่ดิน+สิ่งปลูกสร้าง,,,50.8,4702,7/11/2026 3:59
not_found,LandsMaps ไม่พบโฉนด,14283,10_10_35045,10,10,35045,กรุงเทพมหานคร,มีนบุรี(เมือง),3,ที่ดิน+สิ่งปลูกสร้าง,,,18,35045,7/11/2026 3:59
not_found,LandsMaps ไม่พบโฉนด,14284,10_10_3056,10,10,3056,กรุงเทพมหานคร,มีนบุรี,3,ที่ดิน+สิ่งปลูกสร้าง,,,18,3056,7/11/2026 3:59
not_found,LandsMaps ไม่พบโฉนด,14285,10_43_5356,10,43,5356,กรุงเทพมหานคร,คันนายาว,3,ที่ดิน+สิ่งปลูกสร้าง,,,17.1,5356,7/11/2026 3:59
not_found,LandsMaps ไม่พบโฉนด,14286,10_11_42073,10,11,42073,กรุงเทพมหานคร,ลาดกระบัง,2,ห้องชุด/คอนโด,,,32.94,"4,207,342,074",7/11/2026 3:59
not_found,LandsMaps ไม่พบโฉนด,14286,10_11_42074,10,11,42074,กรุงเทพมหานคร,ลาดกระบัง,2,ห้องชุด/คอนโด,,,32.94,"4,207,342,074",7/11/2026 3:59
not_found,LandsMaps ไม่พบโฉนด,14287,10_46_94148,10,46,94148,กรุงเทพมหานคร,คลองสามวา,3,ที่ดิน+สิ่งปลูกสร้าง,,,17.5,94148,7/11/2026 3:59
not_found,LandsMaps ไม่พบโฉนด,14288,10_42_56808,10,42,56808,กรุงเทพมหานคร,สายไหม,3,ที่ดิน+สิ่งปลูกสร้าง,,,20,56808,7/11/2026 3:59
not_found,LandsMaps ไม่พบโฉนด,14289,10_46_84182,10,46,84182,กรุงเทพมหานคร,คลองสามวา,3,ที่ดิน+สิ่งปลูกสร้าง,,,28.9,84182,7/11/2026 3:59
not_found,LandsMaps ไม่พบโฉนด,14290,10_46_107635,10,46,107635,กรุงเทพมหานคร,คลองสามวา,3,ที่ดิน+สิ่งปลูกสร้าง,,,44.3,107635,7/11/2026 3:59
not_found,LandsMaps ไม่พบโฉนด,14291,10_46_87019,10,46,87019,กรุงเทพมหานคร,คลองสามวา,3,ที่ดิน+สิ่งปลูกสร้าง,,,27.2,87019,7/11/2026 3:59
not_found,LandsMaps ไม่พบโฉนด,14292,10_46_85516,10,46,85516,กรุงเทพมหานคร,คลองสามวา,3,ที่ดิน+สิ่งปลูกสร้าง,,,17.7,85516,7/11/2026 3:59
not_found,LandsMaps ไม่พบโฉนด,14293,10_11_22380,10,11,22380,กรุงเทพมหานคร,ลาดกระบัง,1,ที่ดินเปล่า,,1,7,22380,7/11/2026 3:59
not_found,LandsMaps ไม่พบโฉนด,14294,10_05_197161,10,5,197161,กรุงเทพมหานคร,บางเขน,3,ที่ดิน+สิ่งปลูกสร้าง,,,24.5,197161,7/11/2026 3:59
not_found,LandsMaps ไม่พบโฉนด,14295,10_44_1217,10,44,1217,กรุงเทพมหานคร,สะพานสูง,3,ที่ดิน+สิ่งปลูกสร้าง,,,45,1217,7/11/2026 3:59
not_found,LandsMaps ไม่พบโฉนด,14296,10_05_227961,10,5,227961,กรุงเทพมหานคร,บางเขน,3,ที่ดิน+สิ่งปลูกสร้าง,,,19,227961,7/11/2026 3:59
not_found,LandsMaps ไม่พบโฉนด,14297,10_03_8357,10,3,8357,กรุงเทพมหานคร,หนองจอก,1,ที่ดินเปล่า,,2,5,8357,7/11/2026 3:59
not_found,LandsMaps ไม่พบโฉนด,14298,10_10_16629,10,10,16629,กรุงเทพมหานคร,มีนบุรี,3,ที่ดิน+สิ่งปลูกสร้าง,,1,,16629,7/11/2026 3:59
not_found,LandsMaps ไม่พบโฉนด,14299,10_03_47591,10,3,47591,กรุงเทพมหานคร,หนองจอก,3,ที่ดิน+สิ่งปลูกสร้าง,,,29.7,47591,7/11/2026 3:59
not_found,LandsMaps ไม่พบโฉนด,14300,10_10_13657,10,10,13657,กรุงเทพมหานคร,มีนบุรี,3,ที่ดิน+สิ่งปลูกสร้าง,,,18.2,13657,7/11/2026 3:59
not_found,LandsMaps ไม่พบโฉนด,14301,10_03_19336,10,3,19336,กรุงเทพมหานคร,หนองจอก(เจียระดับ),1,ที่ดินเปล่า,,,44.4,19336,7/11/2026 3:59
not_found,LandsMaps ไม่พบโฉนด,14302,10_11_39840,10,11,39840,กรุงเทพมหานคร,ลาดกระบัง,3,ที่ดิน+สิ่งปลูกสร้าง,,,18,39840,7/11/2026 3:59
not_found,LandsMaps ไม่พบโฉนด,14303,10_11_33886,10,11,33886,กรุงเทพมหานคร,ลาดกระบัง,2,ห้องชุด/คอนโด,,,29.82,33886,7/11/2026 4:00
not_found,LandsMaps ไม่พบโฉนด,14304,10_11_16353,10,11,16353,กรุงเทพมหานคร,ลาดกระบัง,3,ที่ดิน+สิ่งปลูกสร้าง,,,50.6,16353,7/11/2026 4:00
not_found,LandsMaps ไม่พบโฉนด,14305,10_11_16354,10,11,16354,กรุงเทพมหานคร,ลาดกระบัง,3,ที่ดิน+สิ่งปลูกสร้าง,,,50.6,16354,7/11/2026 4:00
not_found,LandsMaps ไม่พบโฉนด,14306,10_10_49249,10,10,49249,กรุงเทพมหานคร,มีนบุรี,3,ที่ดิน+สิ่งปลูกสร้าง,,,24,49249,7/11/2026 4:00
not_found,LandsMaps ไม่พบโฉนด,14307,10_05_192198,10,5,192198,กรุงเทพมหานคร,บางเขน,2,ห้องชุด/คอนโด,,,23.43,192198,7/11/2026 4:00
not_found,LandsMaps ไม่พบโฉนด,14308,10_46_71817,10,46,71817,กรุงเทพมหานคร,คลองสามวา,3,ที่ดิน+สิ่งปลูกสร้าง,,,73,71817,7/11/2026 4:00
not_found,LandsMaps ไม่พบโฉนด,14309,10_09_219221,10,9,219221,กรุงเทพมหานคร,พระโขนง,3,ที่ดิน+สิ่งปลูกสร้าง,,,43,219221,7/11/2026 4:00
not_found,LandsMaps ไม่พบโฉนด,14310,10_11_41736,10,11,41736,กรุงเทพมหานคร,ลาดกระบัง(แสนแสบ),3,ที่ดิน+สิ่งปลูกสร้าง,,,35,41736,7/11/2026 4:00
not_found,LandsMaps ไม่พบโฉนด,14311,10_43_970,10,43,970,กรุงเทพมหานคร,คันนายาว,2,ห้องชุด/คอนโด,,,33.02,970,7/11/2026 4:00
not_found,LandsMaps ไม่พบโฉนด,14312,10_42_30197,10,42,30197,กรุงเทพมหานคร,สายไหม,3,ที่ดิน+สิ่งปลูกสร้าง,,,21.2,30197,7/11/2026 4:00
not_found,LandsMaps ไม่พบโฉนด,14313,10_38_7154,10,38,7154,กรุงเทพมหานคร,ลาดพร้าว,3,ที่ดิน+สิ่งปลูกสร้าง,,,20,7154,7/11/2026 4:00
not_found,LandsMaps ไม่พบโฉนด,14314,10_06_162261,10,6,162261,กรุงเทพมหานคร,บางกะปิ,3,ที่ดิน+สิ่งปลูกสร้าง,,,47,162261,7/11/2026 4:00
not_found,LandsMaps ไม่พบโฉนด,14315,10_05_204433,10,5,204433,กรุงเทพมหานคร,บางเขน,3,ที่ดิน+สิ่งปลูกสร้าง,,,92,204433,7/11/2026 4:00
not_found,LandsMaps ไม่พบโฉนด,14316,10_46_83953,10,46,83953,กรุงเทพมหานคร,คลองสามวา,3,ที่ดิน+สิ่งปลูกสร้าง,,,43.4,83953,7/11/2026 4:00
not_found,LandsMaps ไม่พบโฉนด,14317,10_03_99086,10,3,99086,กรุงเทพมหานคร,หนองจอก,3,ที่ดิน+สิ่งปลูกสร้าง,,,40.6,99086,7/11/2026 4:00
not_found,LandsMaps ไม่พบโฉนด,14318,10_46_54301,10,46,54301,กรุงเทพมหานคร,คลองสามวา(มีนบุรี),3,ที่ดิน+สิ่งปลูกสร้าง,,,19.5,54301,7/11/2026 4:00
not_found,LandsMaps ไม่พบโฉนด,14319,10_05_194278,10,5,194278,กรุงเทพมหานคร,บางเขน,3,ที่ดิน+สิ่งปลูกสร้าง,,,16,194278,7/11/2026 4:00
not_found,LandsMaps ไม่พบโฉนด,14320,10_46_83944,10,46,83944,กรุงเทพมหานคร,คลองสามวา,3,ที่ดิน+สิ่งปลูกสร้าง,,,43.1,83944,7/11/2026 4:00
not_found,LandsMaps ไม่พบโฉนด,14321,10_10_43305,10,10,43305,กรุงเทพมหานคร,มีนบุรี,3,ที่ดิน+สิ่งปลูกสร้าง,,,52,43305,7/11/2026 4:00
not_found,LandsMaps ไม่พบโฉนด,14322,10_44_6162,10,44,6162,กรุงเทพมหานคร,สะพานสูง,3,ที่ดิน+สิ่งปลูกสร้าง,,,41.5,6162,7/11/2026 4:00
not_found,LandsMaps ไม่พบโฉนด,14323,10_46_94272,10,46,94272,กรุงเทพมหานคร,คลองสามวา,3,ที่ดิน+สิ่งปลูกสร้าง,,,17.5,94272,7/11/2026 4:00
not_found,LandsMaps ไม่พบโฉนด,14324,10_46_90895,10,46,90895,กรุงเทพมหานคร,คลองสามวา,3,ที่ดิน+สิ่งปลูกสร้าง,,,38.5,90895,7/11/2026 4:00
not_found,LandsMaps ไม่พบโฉนด,14325,10_11_36404,10,11,36404,กรุงเทพมหานคร,ลาดกระบัง,3,ที่ดิน+สิ่งปลูกสร้าง,,,27,36404,7/11/2026 4:00
not_found,LandsMaps ไม่พบโฉนด,14326,10_46_55485,10,46,55485,กรุงเทพมหานคร,คลองสามวา(มีนบุรี),3,ที่ดิน+สิ่งปลูกสร้าง,,1,,55485,7/11/2026 4:00
not_found,LandsMaps ไม่พบโฉนด,14327,10_10_76830,10,10,76830,กรุงเทพมหานคร,มีนบุรี,3,ที่ดิน+สิ่งปลูกสร้าง,,,20.3,76830,7/11/2026 4:00
not_found,LandsMaps ไม่พบโฉนด,14328,10_10_69625,10,10,69625,กรุงเทพมหานคร,มีนบุรี,3,ที่ดิน+สิ่งปลูกสร้าง,,,49,69625,7/11/2026 4:00
not_found,LandsMaps ไม่พบโฉนด,14329,10_46_87857,10,46,87857,กรุงเทพมหานคร,คลองสามวา,3,ที่ดิน+สิ่งปลูกสร้าง,,,61.6,87857,7/11/2026 4:00
not_found,LandsMaps ไม่พบโฉนด,14330,10_03_30036,10,3,30036,กรุงเทพมหานคร,หนองจอก,3,ที่ดิน+สิ่งปลูกสร้าง,,,67.5,30036,7/11/2026 4:00
not_found,LandsMaps ไม่พบโฉนด,14331,10_10_99503,10,10,99503,กรุงเทพมหานคร,มีนบุรี,2,ห้องชุด/คอนโด,,,22.84,99503,7/11/2026 4:00
not_found,LandsMaps ไม่พบโฉนด,14332,10_11_13641,10,11,13641,กรุงเทพมหานคร,ลาดกระบัง,3,ที่ดิน+สิ่งปลูกสร้าง,,,25.5,13641,7/11/2026 4:00
not_found,LandsMaps ไม่พบโฉนด,14333,10_11_42930,10,11,42930,กรุงเทพมหานคร,ลาดกระบัง,2,ห้องชุด/คอนโด,,,24.83,42930,7/11/2026 4:00
not_found,LandsMaps ไม่พบโฉนด,14334,10_11_51321,10,11,51321,กรุงเทพมหานคร,ลาดกระบัง,3,ที่ดิน+สิ่งปลูกสร้าง,,,26.2,51321,7/11/2026 4:00
not_found,LandsMaps ไม่พบโฉนด,14335,10_11_26058,10,11,26058,กรุงเทพมหานคร,ลาดกระบัง(เจียระดับ),2,ห้องชุด/คอนโด,,,23.8,26058,7/11/2026 4:00
not_found,LandsMaps ไม่พบโฉนด,14336,10_44_22907,10,44,22907,กรุงเทพมหานคร,สะพานสูง,3,ที่ดิน+สิ่งปลูกสร้าง,,,27.9,22907,7/11/2026 4:00
not_found,LandsMaps ไม่พบโฉนด,14337,10_03_84556,10,3,84556,กรุงเทพมหานคร,หนองจอก,3,ที่ดิน+สิ่งปลูกสร้าง,,,24,84556,7/11/2026 4:00
not_found,LandsMaps ไม่พบโฉนด,14338,10_03_74551,10,3,74551,กรุงเทพมหานคร,หนองจอก,3,ที่ดิน+สิ่งปลูกสร้าง,,,20,74551,7/11/2026 4:00
not_found,LandsMaps ไม่พบโฉนด,14339,10_46_69236,10,46,69236,กรุงเทพมหานคร,คลองสามวา,3,ที่ดิน+สิ่งปลูกสร้าง,,,17,69236,7/11/2026 4:00
not_found,LandsMaps ไม่พบโฉนด,14739,10_42_2139,10,42,2139,กรุงเทพมหานคร,สายไหม,3,ที่ดิน+สิ่งปลูกสร้าง,,,35,2139,7/11/2026 4:00
not_found,LandsMaps ไม่พบโฉนด,14740,10_11_46151,10,11,46151,กรุงเทพมหานคร,ลาดกระบัง,3,ที่ดิน+สิ่งปลูกสร้าง,,,19,46151,7/11/2026 4:00
not_found,LandsMaps ไม่พบโฉนด,14741,10_05_195219,10,5,195219,กรุงเทพมหานคร,บางเขน,3,ที่ดิน+สิ่งปลูกสร้าง,,,35.6,195219,7/11/2026 4:00
not_found,LandsMaps ไม่พบโฉนด,14742,10_10_57434,10,10,57434,กรุงเทพมหานคร,มีนบุรี,1,ที่ดินเปล่า,,,25,57434,7/11/2026 4:00
not_found,LandsMaps ไม่พบโฉนด,14743,10_10_50460,10,10,50460,กรุงเทพมหานคร,มีนบุรี,3,ที่ดิน+สิ่งปลูกสร้าง,,,21.9,50460,7/11/2026 4:00
not_found,LandsMaps ไม่พบโฉนด,14744,10_10_14054,10,10,14054,กรุงเทพมหานคร,มีนบุรี,3,ที่ดิน+สิ่งปลูกสร้าง,,,17.1,14054,7/11/2026 4:00
not_found,LandsMaps ไม่พบโฉนด,14745,10_43_12344,10,43,12344,กรุงเทพมหานคร,คันนายาว,2,ห้องชุด/คอนโด,,,26.59,"1,234,412,346,123,470,000,000,000",7/11/2026 4:00
not_found,LandsMaps ไม่พบโฉนด,14745,10_43_12346,10,43,12346,กรุงเทพมหานคร,คันนายาว,2,ห้องชุด/คอนโด,,,26.59,"1,234,412,346,123,470,000,000,000",7/11/2026 4:00
not_found,LandsMaps ไม่พบโฉนด,14745,10_43_12347,10,43,12347,กรุงเทพมหานคร,คันนายาว,2,ห้องชุด/คอนโด,,,26.59,"1,234,412,346,123,470,000,000,000",7/11/2026 4:00
not_found,LandsMaps ไม่พบโฉนด,14745,10_43_12348,10,43,12348,กรุงเทพมหานคร,คันนายาว,2,ห้องชุด/คอนโด,,,26.59,"1,234,412,346,123,470,000,000,000",7/11/2026 4:00
not_found,LandsMaps ไม่พบโฉนด,14745,10_43_15446,10,43,15446,กรุงเทพมหานคร,คันนายาว,2,ห้องชุด/คอนโด,,,26.59,"1,234,412,346,123,470,000,000,000",7/11/2026 4:00
not_found,LandsMaps ไม่พบโฉนด,14746,10_11_43748,10,11,43748,กรุงเทพมหานคร,ลาดกระบัง,2,ห้องชุด/คอนโด,,,21.54,"437,484,525,845,259",7/11/2026 4:00
not_found,LandsMaps ไม่พบโฉนด,14746,10_11_45258,10,11,45258,กรุงเทพมหานคร,ลาดกระบัง,2,ห้องชุด/คอนโด,,,21.54,"437,484,525,845,259",7/11/2026 4:00
not_found,LandsMaps ไม่พบโฉนด,14746,10_11_45259,10,11,45259,กรุงเทพมหานคร,ลาดกระบัง,2,ห้องชุด/คอนโด,,,21.54,"437,484,525,845,259",7/11/2026 4:00
not_found,LandsMaps ไม่พบโฉนด,14747,10_03_24118,10,3,24118,กรุงเทพมหานคร,หนองจอก,3,ที่ดิน+สิ่งปลูกสร้าง,,,64,24118,7/11/2026 4:00
not_found,LandsMaps ไม่พบโฉนด,14748,10_10_79200,10,10,79200,กรุงเทพมหานคร,มีนบุรี,2,ห้องชุด/คอนโด,,,23.58,"7,920,099,502",7/11/2026 4:00
not_found,LandsMaps ไม่พบโฉนด,14748,10_10_99502,10,10,99502,กรุงเทพมหานคร,มีนบุรี,2,ห้องชุด/คอนโด,,,23.58,"7,920,099,502",7/11/2026 4:00
not_found,LandsMaps ไม่พบโฉนด,14749,10_03_57782,10,3,57782,กรุงเทพมหานคร,หนองจอก,3,ที่ดิน+สิ่งปลูกสร้าง,,,26.9,57782,7/11/2026 4:00
not_found,LandsMaps ไม่พบโฉนด,14750,10_03_54352,10,3,54352,กรุงเทพมหานคร,หนองจอก,3,ที่ดิน+สิ่งปลูกสร้าง,,,23,54352,7/11/2026 4:00
not_found,LandsMaps ไม่พบโฉนด,14751,10_03_23379,10,3,23379,กรุงเทพมหานคร,หนองจอก(เจียระดับ),3,ที่ดิน+สิ่งปลูกสร้าง,,,20,23379,7/11/2026 4:00
not_found,LandsMaps ไม่พบโฉนด,14752,10_03_23380,10,3,23380,กรุงเทพมหานคร,หนองจอก(เจียระดับ),3,ที่ดิน+สิ่งปลูกสร้าง,,,20,23380,7/11/2026 4:00
not_found,LandsMaps ไม่พบโฉนด,14753,10_10_3802,10,10,3802,กรุงเทพมหานคร,มีนบุรี,3,ที่ดิน+สิ่งปลูกสร้าง,,1,,3802,7/11/2026 4:00
not_found,LandsMaps ไม่พบโฉนด,14754,10_46_79750,10,46,79750,กรุงเทพมหานคร,คลองสามวา,2,ห้องชุด/คอนโด,,,33.1,"7,975,079,754",7/11/2026 4:00
not_found,LandsMaps ไม่พบโฉนด,14754,10_46_79754,10,46,79754,กรุงเทพมหานคร,คลองสามวา,2,ห้องชุด/คอนโด,,,33.1,"7,975,079,754",7/11/2026 4:00
not_found,LandsMaps ไม่พบโฉนด,14755,10_11_12794,10,11,12794,กรุงเทพมหานคร,ลาดกระบัง,3,ที่ดิน+สิ่งปลูกสร้าง,,,16,12794,7/11/2026 4:00
not_found,LandsMaps ไม่พบโฉนด,14756,10_05_25728,10,5,25728,กรุงเทพมหานคร,บางเขน,3,ที่ดิน+สิ่งปลูกสร้าง,,,16.5,25728,7/11/2026 4:00
not_found,LandsMaps ไม่พบโฉนด,14757,10_05_25729,10,5,25729,กรุงเทพมหานคร,บางเขน,3,ที่ดิน+สิ่งปลูกสร้าง,,,16.5,25729,7/11/2026 4:00
not_found,LandsMaps ไม่พบโฉนด,14758,10_05_25730,10,5,25730,กรุงเทพมหานคร,บางเขน,3,ที่ดิน+สิ่งปลูกสร้าง,,,16.5,25730,7/11/2026 4:00
not_found,LandsMaps ไม่พบโฉนด,14759,10_43_970,10,43,970,กรุงเทพมหานคร,คันนายาว,2,ห้องชุด/คอนโด,,,32.95,970,7/11/2026 4:00
not_found,LandsMaps ไม่พบโฉนด,14760,10_10_22892,10,10,22892,กรุงเทพมหานคร,มีนบุรี,3,ที่ดิน+สิ่งปลูกสร้าง,,,16.7,22892,7/11/2026 4:00
not_found,LandsMaps ไม่พบโฉนด,14761,10_11_39088,10,11,39088,กรุงเทพมหานคร,ลาดกระบัง,2,ห้องชุด/คอนโด,,,28.01,39088,7/11/2026 4:00
not_found,LandsMaps ไม่พบโฉนด,14762,10_10_42018,10,10,42018,กรุงเทพมหานคร,มีนบุรี,3,ที่ดิน+สิ่งปลูกสร้าง,,,21.8,42018,7/11/2026 4:00
not_found,LandsMaps ไม่พบโฉนด,14763,10_03_52432,10,3,52432,กรุงเทพมหานคร,หนองจอก,3,ที่ดิน+สิ่งปลูกสร้าง,,,19.5,52432,7/11/2026 4:00
not_found,LandsMaps ไม่พบโฉนด,14764,10_44_4530,10,44,4530,กรุงเทพมหานคร,สะพานสูง,3,ที่ดิน+สิ่งปลูกสร้าง,,,20.7,4530,7/11/2026 4:00
not_found,LandsMaps ไม่พบโฉนด,14765,10_10_7622,10,10,7622,กรุงเทพมหานคร,มีนบุรี,2,ห้องชุด/คอนโด,,,34.46,"762,276,237,624",7/11/2026 4:00
not_found,LandsMaps ไม่พบโฉนด,14765,10_10_7623,10,10,7623,กรุงเทพมหานคร,มีนบุรี,2,ห้องชุด/คอนโด,,,34.46,"762,276,237,624",7/11/2026 4:00
not_found,LandsMaps ไม่พบโฉนด,14765,10_10_7624,10,10,7624,กรุงเทพมหานคร,มีนบุรี,2,ห้องชุด/คอนโด,,,34.46,"762,276,237,624",7/11/2026 4:00
not_found,LandsMaps ไม่พบโฉนด,14766,10_03_74916,10,3,74916,กรุงเทพมหานคร,หนองจอก,3,ที่ดิน+สิ่งปลูกสร้าง,,,52.1,74916,7/11/2026 4:00
not_found,LandsMaps ไม่พบโฉนด,14767,10_46_88288,10,46,88288,กรุงเทพมหานคร,คลองสามวา,3,ที่ดิน+สิ่งปลูกสร้าง,,1,22.5,88288,7/11/2026 4:00
not_found,LandsMaps ไม่พบโฉนด,14768,10_42_17210,10,42,17210,กรุงเทพมหานคร,สายไหม,3,ที่ดิน+สิ่งปลูกสร้าง,,,72.5,17210,7/11/2026 4:00
not_found,LandsMaps ไม่พบโฉนด,14769,10_43_11422,10,43,11422,กรุงเทพมหานคร,คันนายาว,2,ห้องชุด/คอนโด,,,27.89,"1,142,211,423",7/11/2026 4:00
not_found,LandsMaps ไม่พบโฉนด,14769,10_43_11423,10,43,11423,กรุงเทพมหานคร,คันนายาว,2,ห้องชุด/คอนโด,,,27.89,"1,142,211,423",7/11/2026 4:00
not_found,LandsMaps ไม่พบโฉนด,14770,10_03_58489,10,3,58489,กรุงเทพมหานคร,หนองจอก,3,ที่ดิน+สิ่งปลูกสร้าง,,,53.5,58489,7/11/2026 4:00
not_found,LandsMaps ไม่พบโฉนด,14771,10_03_108733,10,3,108733,กรุงเทพมหานคร,หนองจอก,3,ที่ดิน+สิ่งปลูกสร้าง,,,40,108733,7/11/2026 4:00
not_found,LandsMaps ไม่พบโฉนด,14772,10_11_23053,10,11,23053,กรุงเทพมหานคร,ลาดกระบัง,3,ที่ดิน+สิ่งปลูกสร้าง,,,19.6,23053,7/11/2026 4:00
not_found,LandsMaps ไม่พบโฉนด,14773,10_11_42054,10,11,42054,กรุงเทพมหานคร,ลาดกระบัง,2,ห้องชุด/คอนโด,,,32.94,"4,205,443,352",7/11/2026 4:00
not_found,LandsMaps ไม่พบโฉนด,14773,10_11_43352,10,11,43352,กรุงเทพมหานคร,ลาดกระบัง,2,ห้องชุด/คอนโด,,,32.94,"4,205,443,352",7/11/2026 4:00
not_found,LandsMaps ไม่พบโฉนด,14774,10_10_70885,10,10,70885,กรุงเทพมหานคร,มีนบุรี,3,ที่ดิน+สิ่งปลูกสร้าง,,,23,70885,7/11/2026 4:00
not_found,LandsMaps ไม่พบโฉนด,14775,10_03_76304,10,3,76304,กรุงเทพมหานคร,หนองจอก,3,ที่ดิน+สิ่งปลูกสร้าง,,,34.9,76304,7/11/2026 4:00
not_found,LandsMaps ไม่พบโฉนด,14776,10_03_99210,10,3,99210,กรุงเทพมหานคร,หนองจอก,3,ที่ดิน+สิ่งปลูกสร้าง,,,17.4,99210,7/11/2026 4:00
not_found,LandsMaps ไม่พบโฉนด,14777,10_46_82455,10,46,82455,กรุงเทพมหานคร,คลองสามวา,3,ที่ดิน+สิ่งปลูกสร้าง,,,18.9,82455,7/11/2026 4:00
not_found,LandsMaps ไม่พบโฉนด,14778,10_10_40217,10,10,40217,กรุงเทพมหานคร,มีนบุรี,3,ที่ดิน+สิ่งปลูกสร้าง,,,16,40217,7/11/2026 4:00
not_found,LandsMaps ไม่พบโฉนด,14779,10_38_15937,10,38,15937,กรุงเทพมหานคร,ลาดพร้าว,3,ที่ดิน+สิ่งปลูกสร้าง,,,16.9,15937,7/11/2026 4:01
not_found,LandsMaps ไม่พบโฉนด,14780,10_10_45388,10,10,45388,กรุงเทพมหานคร,มีนบุรี,3,ที่ดิน+สิ่งปลูกสร้าง,,,18,45388,7/11/2026 4:01
not_found,LandsMaps ไม่พบโฉนด,14781,10_11_69825,10,11,69825,กรุงเทพมหานคร,ลาดกระบัง,3,ที่ดิน+สิ่งปลูกสร้าง,,,50,69825,7/11/2026 4:01
not_found,LandsMaps ไม่พบโฉนด,14782,10_46_75892,10,46,75892,กรุงเทพมหานคร,คลองสามวา,3,ที่ดิน+สิ่งปลูกสร้าง,,,22.3,75892,7/11/2026 4:01
not_found,LandsMaps ไม่พบโฉนด,14783,10_10_23616,10,10,23616,กรุงเทพมหานคร,มีนบุรี,3,ที่ดิน+สิ่งปลูกสร้าง,,,17,23616,7/11/2026 4:01
not_found,LandsMaps ไม่พบโฉนด,14784,10_46_100839,10,46,100839,กรุงเทพมหานคร,คลองสามวา,3,ที่ดิน+สิ่งปลูกสร้าง,,,52,100839,7/11/2026 4:01
not_found,LandsMaps ไม่พบโฉนด,14785,10_03_109057,10,3,109057,กรุงเทพมหานคร,หนองจอก,3,ที่ดิน+สิ่งปลูกสร้าง,,,32,109057,7/11/2026 4:01
not_found,LandsMaps ไม่พบโฉนด,14786,10_03_35798,10,3,35798,กรุงเทพมหานคร,หนองจอก,3,ที่ดิน+สิ่งปลูกสร้าง,,,62.5,35798,7/11/2026 4:01
not_found,LandsMaps ไม่พบโฉนด,14787,10_11_38649,10,11,38649,กรุงเทพมหานคร,ลาดกระบัง,2,ห้องชุด/คอนโด,,,33.3,"3,864,938,650",7/11/2026 4:01
not_found,LandsMaps ไม่พบโฉนด,14787,10_11_38650,10,11,38650,กรุงเทพมหานคร,ลาดกระบัง,2,ห้องชุด/คอนโด,,,33.3,"3,864,938,650",7/11/2026 4:01
not_found,LandsMaps ไม่พบโฉนด,14788,10_42_14214,10,42,14214,กรุงเทพมหานคร,สายไหม,3,ที่ดิน+สิ่งปลูกสร้าง,,,19,14214,7/11/2026 4:01
not_found,LandsMaps ไม่พบโฉนด,14789,10_05_68357,10,5,68357,กรุงเทพมหานคร,บางเขน,3,ที่ดิน+สิ่งปลูกสร้าง,,,19.9,68357,7/11/2026 4:01
not_found,LandsMaps ไม่พบโฉนด,14790,10_03_81175,10,3,81175,กรุงเทพมหานคร,หนองจอก,3,ที่ดิน+สิ่งปลูกสร้าง,,,18.5,81175,7/11/2026 4:01
not_found,LandsMaps ไม่พบโฉนด,14791,10_46_73212,10,46,73212,กรุงเทพมหานคร,คลองสามวา,2,ห้องชุด/คอนโด,,,31.78,73212,7/11/2026 4:01
not_found,LandsMaps ไม่พบโฉนด,14792,10_03_31224,10,3,31224,กรุงเทพมหานคร,หนองจอก,3,ที่ดิน+สิ่งปลูกสร้าง,,,18.1,31224,7/11/2026 4:01
not_found,LandsMaps ไม่พบโฉนด,14793,10_11_43418,10,11,43418,กรุงเทพมหานคร,ลาดกระบัง,2,ห้องชุด/คอนโด,,,26.22,43418,7/11/2026 4:01
not_found,LandsMaps ไม่พบโฉนด,14794,10_11_6208,10,11,6208,กรุงเทพมหานคร,ลาดกระบัง,1,ที่ดินเปล่า,,,98,6208,7/11/2026 4:01
not_found,LandsMaps ไม่พบโฉนด,14795,10_46_69267,10,46,69267,กรุงเทพมหานคร,คลองสามวา,3,ที่ดิน+สิ่งปลูกสร้าง,,,16,69267,7/11/2026 4:01
not_found,LandsMaps ไม่พบโฉนด,14796,10_10_65432,10,10,65432,กรุงเทพมหานคร,มีนบุรี,3,ที่ดิน+สิ่งปลูกสร้าง,,,60.7,65432,7/11/2026 4:01
not_found,LandsMaps ไม่พบโฉนด,14797,10_10_26239,10,10,26239,กรุงเทพมหานคร,มีนบุรี,3,ที่ดิน+สิ่งปลูกสร้าง,,,16,26239,7/11/2026 4:01
not_found,LandsMaps ไม่พบโฉนด,14798,10_11_25427,10,11,25427,กรุงเทพมหานคร,ลาดกระบัง,2,ห้องชุด/คอนโด,,,29.9,25427,7/11/2026 4:01
not_found,LandsMaps ไม่พบโฉนด,14799,10_06_104622,10,6,104622,กรุงเทพมหานคร,บางกะปิ,3,ที่ดิน+สิ่งปลูกสร้าง,,,18,104622,7/11/2026 4:01
not_found,LandsMaps ไม่พบโฉนด,14800,10_10_79752,10,10,79752,กรุงเทพมหานคร,มีนบุรี,2,ห้องชุด/คอนโด,,,23.15,79752,7/11/2026 4:01
not_found,LandsMaps ไม่พบโฉนด,14801,10_11_38646,10,11,38646,กรุงเทพมหานคร,ลาดกระบัง,2,ห้องชุด/คอนโด,,,33.15,38646,7/11/2026 4:01
not_found,LandsMaps ไม่พบโฉนด,14802,10_46_100954,10,46,100954,กรุงเทพมหานคร,คลองสามวา,3,ที่ดิน+สิ่งปลูกสร้าง,,,52,100954,7/11/2026 4:01
not_found,LandsMaps ไม่พบโฉนด,14803,10_03_89704,10,3,89704,กรุงเทพมหานคร,หนองจอก,3,ที่ดิน+สิ่งปลูกสร้าง,,,24.4,89704,7/11/2026 4:01
not_found,LandsMaps ไม่พบโฉนด,14804,10_10_24627,10,10,24627,กรุงเทพมหานคร,มีนบุรี,3,ที่ดิน+สิ่งปลูกสร้าง,,,40,24627,7/11/2026 4:01
not_found,LandsMaps ไม่พบโฉนด,14805,10_03_60430,10,3,60430,กรุงเทพมหานคร,หนองจอก,3,ที่ดิน+สิ่งปลูกสร้าง,,,19.3,60430,7/11/2026 4:01
not_found,LandsMaps ไม่พบโฉนด,14806,10_42_20863,10,42,20863,กรุงเทพมหานคร,สายไหม,3,ที่ดิน+สิ่งปลูกสร้าง,,,21,20863,7/11/2026 4:01
not_found,LandsMaps ไม่พบโฉนด,14807,10_10_19808,10,10,19808,กรุงเทพมหานคร,มีนบุรี,3,ที่ดิน+สิ่งปลูกสร้าง,,,16,19808,7/11/2026 4:01
not_found,LandsMaps ไม่พบโฉนด,14808,10_10_32796,10,10,32796,กรุงเทพมหานคร,มีนบุรี(เมือง),3,ที่ดิน+สิ่งปลูกสร้าง,,,20,32796,7/11/2026 4:01
not_found,LandsMaps ไม่พบโฉนด,14809,10_03_75854,10,3,75854,กรุงเทพมหานคร,หนองจอก,3,ที่ดิน+สิ่งปลูกสร้าง,,,16,75854,7/11/2026 4:01
not_found,LandsMaps ไม่พบโฉนด,14810,10_42_7967,10,42,7967,กรุงเทพมหานคร,สายไหม,3,ที่ดิน+สิ่งปลูกสร้าง,,,28,7967,7/11/2026 4:01
not_found,LandsMaps ไม่พบโฉนด,14811,10_38_14614,10,38,14614,กรุงเทพมหานคร,ลาดพร้าว,3,ที่ดิน+สิ่งปลูกสร้าง,,,16.4,14614,7/11/2026 4:01
not_found,LandsMaps ไม่พบโฉนด,14812,10_10_49691,10,10,49691,กรุงเทพมหานคร,มีนบุรี,2,ห้องชุด/คอนโด,,,29.75,"4,969,149,692",7/11/2026 4:01
not_found,LandsMaps ไม่พบโฉนด,14812,10_10_49692,10,10,49692,กรุงเทพมหานคร,มีนบุรี,2,ห้องชุด/คอนโด,,,29.75,"4,969,149,692",7/11/2026 4:01
not_found,LandsMaps ไม่พบโฉนด,14813,10_10_49691,10,10,49691,กรุงเทพมหานคร,มีนบุรี(แสนแสบ),2,ห้องชุด/คอนโด,,,26.25,"4,969,149,692",7/11/2026 4:01
not_found,LandsMaps ไม่พบโฉนด,14813,10_10_49692,10,10,49692,กรุงเทพมหานคร,มีนบุรี(แสนแสบ),2,ห้องชุด/คอนโด,,,26.25,"4,969,149,692",7/11/2026 4:01
not_found,LandsMaps ไม่พบโฉนด,14814,10_38_1385,10,38,1385,กรุงเทพมหานคร,ลาดพร้าว,2,ห้องชุด/คอนโด,,,26,"1,385,211,910,211,910",7/11/2026 4:01
not_found,LandsMaps ไม่พบโฉนด,14814,10_38_211910,10,38,211910,กรุงเทพมหานคร,ลาดพร้าว,2,ห้องชุด/คอนโด,,,26,"1,385,211,910,211,910",7/11/2026 4:01
not_found,LandsMaps ไม่พบโฉนด,14814,10_38_211911,10,38,211911,กรุงเทพมหานคร,ลาดพร้าว,2,ห้องชุด/คอนโด,,,26,"1,385,211,910,211,910",7/11/2026 4:01
not_found,LandsMaps ไม่พบโฉนด,14815,10_10_2694,10,10,2694,กรุงเทพมหานคร,มีนบุรี,1,ที่ดินเปล่า,3,,69,2694,7/11/2026 4:01
not_found,LandsMaps ไม่พบโฉนด,14816,10_10_45034,10,10,45034,กรุงเทพมหานคร,มีนบุรี,1,ที่ดินเปล่า,7,3,5,45034,7/11/2026 4:01
not_found,LandsMaps ไม่พบโฉนด,14817,10_10_45035,10,10,45035,กรุงเทพมหานคร,มีนบุรี,1,ที่ดินเปล่า,7,2,21,45035,7/11/2026 4:01
not_found,LandsMaps ไม่พบโฉนด,14818,10_10_45038,10,10,45038,กรุงเทพมหานคร,มีนบุรี,1,ที่ดินเปล่า,2,2,25,45038,7/11/2026 4:01
not_found,LandsMaps ไม่พบโฉนด,14819,10_10_45039,10,10,45039,กรุงเทพมหานคร,มีนบุรี,1,ที่ดินเปล่า,2,,19,45039,7/11/2026 4:01
not_found,LandsMaps ไม่พบโฉนด,14820,10_10_45040,10,10,45040,กรุงเทพมหานคร,มีนบุรี,1,ที่ดินเปล่า,1,3,72,45040,7/11/2026 4:01
not_found,LandsMaps ไม่พบโฉนด,14821,10_10_45033,10,10,45033,กรุงเทพมหานคร,มีนบุรี,1,ที่ดินเปล่า,8,2,46,45033,7/11/2026 4:01
not_found,LandsMaps ไม่พบโฉนด,14822,10_05_192196,10,5,192196,กรุงเทพมหานคร,บางเขน,2,ห้องชุด/คอนโด,,,23.52,192196,7/11/2026 4:01
not_found,LandsMaps ไม่พบโฉนด,14823,10_06_200855,10,6,200855,กรุงเทพมหานคร,บางกะปิ,2,ห้องชุด/คอนโด,,,26.25,200855,7/11/2026 4:01
not_found,LandsMaps ไม่พบโฉนด,14824,10_03_1900,10,3,1900,กรุงเทพมหานคร,หนองจอก(เจียระดับ),1,ที่ดินเปล่า,15,3,3,1900,7/11/2026 4:01
not_found,LandsMaps ไม่พบโฉนด,14825,10_03_1901,10,3,1901,กรุงเทพมหานคร,หนองจอก(เจียระดับ),1,ที่ดินเปล่า,12,2,48,1901,7/11/2026 4:01
not_found,LandsMaps ไม่พบโฉนด,14826,10_03_1905,10,3,1905,กรุงเทพมหานคร,หนองจอก(เจียระดับ),1,ที่ดินเปล่า,26,3,40,1905,7/11/2026 4:01
not_found,LandsMaps ไม่พบโฉนด,14827,10_03_1906,10,3,1906,กรุงเทพมหานคร,หนองจอก(เจียระดับ),1,ที่ดินเปล่า,30,2,63,1906,7/11/2026 4:01
not_found,LandsMaps ไม่พบโฉนด,14828,10_03_20856,10,3,20856,กรุงเทพมหานคร,หนองจอก(เจียระดับ),1,ที่ดินเปล่า,1,3,30,20856,7/11/2026 4:01
not_found,LandsMaps ไม่พบโฉนด,14829,10_03_20857,10,3,20857,กรุงเทพมหานคร,หนองจอก(เจียระดับ),1,ที่ดินเปล่า,1,3,96,20857,7/11/2026 4:01
not_found,LandsMaps ไม่พบโฉนด,14830,10_03_20862,10,3,20862,กรุงเทพมหานคร,หนองจอก(เจียระดับ),1,ที่ดินเปล่า,1,3,3,20862,7/11/2026 4:01
not_found,LandsMaps ไม่พบโฉนด,14831,10_03_20863,10,3,20863,กรุงเทพมหานคร,หนองจอก(เจียระดับ),1,ที่ดินเปล่า,2,,30,20863,7/11/2026 4:01
not_found,LandsMaps ไม่พบโฉนด,14832,10_03_19235,10,3,19235,กรุงเทพมหานคร,หนองจอก(เจียระดับ),1,ที่ดินเปล่า,1,,6,19235,7/11/2026 4:01
not_found,LandsMaps ไม่พบโฉนด,14833,10_46_96658,10,46,96658,กรุงเทพมหานคร,คลองสามวา,3,ที่ดิน+สิ่งปลูกสร้าง,,1,,96658,7/11/2026 4:01
not_found,LandsMaps ไม่พบโฉนด,14834,10_05_195738,10,5,195738,กรุงเทพมหานคร,บางเขน,3,ที่ดิน+สิ่งปลูกสร้าง,,,17,195738,7/11/2026 4:01
not_found,LandsMaps ไม่พบโฉนด,14835,10_10_39843,10,10,39843,กรุงเทพมหานคร,มีนบุรี(เมือง),1,ที่ดินเปล่า,,1,33,39843,7/11/2026 4:01
not_found,LandsMaps ไม่พบโฉนด,14836,10_11_38651,10,11,38651,กรุงเทพมหานคร,ลาดกระบัง,2,ห้องชุด/คอนโด,,,33.15,38651,7/11/2026 4:01
not_found,LandsMaps ไม่พบโฉนด,15334,10_03_50519,10,3,50519,กรุงเทพมหานคร,หนองจอก,3,ที่ดิน+สิ่งปลูกสร้าง,,,20.2,50519,7/11/2026 4:01
not_found,LandsMaps ไม่พบโฉนด,15335,10_11_39090,10,11,39090,กรุงเทพมหานคร,ลาดกระบัง,2,ห้องชุด/คอนโด,,,28.01,39090,7/11/2026 4:01
not_found,LandsMaps ไม่พบโฉนด,15336,10_46_84101,10,46,84101,กรุงเทพมหานคร,คลองสามวา,3,ที่ดิน+สิ่งปลูกสร้าง,,,16.2,84101,7/11/2026 4:01
not_found,LandsMaps ไม่พบโฉนด,15337,10_27_240271,10,27,240271,กรุงเทพมหานคร,บึงกุ่ม,2,ห้องชุด/คอนโด,,,27.75,240271,7/11/2026 4:01
not_found,LandsMaps ไม่พบโฉนด,15338,10_10_7622,10,10,7622,กรุงเทพมหานคร,มีนบุรี,2,ห้องชุด/คอนโด,,,41.85,"762,276,237,624",7/11/2026 4:01
not_found,LandsMaps ไม่พบโฉนด,15338,10_10_7623,10,10,7623,กรุงเทพมหานคร,มีนบุรี,2,ห้องชุด/คอนโด,,,41.85,"762,276,237,624",7/11/2026 4:01
not_found,LandsMaps ไม่พบโฉนด,15338,10_10_7624,10,10,7624,กรุงเทพมหานคร,มีนบุรี,2,ห้องชุด/คอนโด,,,41.85,"762,276,237,624",7/11/2026 4:01
not_found,LandsMaps ไม่พบโฉนด,15339,10_46_16804,10,46,16804,กรุงเทพมหานคร,คลองสามวา,1,ที่ดินเปล่า,,,20,16804,7/11/2026 4:01
not_found,LandsMaps ไม่พบโฉนด,15340,10_38_1383,10,38,1383,กรุงเทพมหานคร,ลาดพร้าว,2,ห้องชุด/คอนโด,,,24.19,1383,7/11/2026 4:01
not_found,LandsMaps ไม่พบโฉนด,15341,10_43_11422,10,43,11422,กรุงเทพมหานคร,คันนายาว,2,ห้องชุด/คอนโด,,,28.24,"1,142,211,423",7/11/2026 4:01
not_found,LandsMaps ไม่พบโฉนด,15341,10_43_11423,10,43,11423,กรุงเทพมหานคร,คันนายาว,2,ห้องชุด/คอนโด,,,28.24,"1,142,211,423",7/11/2026 4:01
not_found,LandsMaps ไม่พบโฉนด,15342,10_43_970,10,43,970,กรุงเทพมหานคร,คันนายาว,2,ห้องชุด/คอนโด,,,32.78,970,7/11/2026 4:01
not_found,LandsMaps ไม่พบโฉนด,15343,10_42_17966,10,42,17966,กรุงเทพมหานคร,สายไหม,3,ที่ดิน+สิ่งปลูกสร้าง,,,23.9,17966,7/11/2026 4:01
not_found,LandsMaps ไม่พบโฉนด,15344,10_05_2554,10,5,2554,กรุงเทพมหานคร,บางเขน,2,ห้องชุด/คอนโด,,,24.22,2554,7/11/2026 4:01
not_found,LandsMaps ไม่พบโฉนด,15345,10_03_93178,10,3,93178,กรุงเทพมหานคร,หนองจอก,3,ที่ดิน+สิ่งปลูกสร้าง,,,21,93178,7/11/2026 4:01
not_found,LandsMaps ไม่พบโฉนด,15346,10_42_26144,10,42,26144,กรุงเทพมหานคร,สายไหม,3,ที่ดิน+สิ่งปลูกสร้าง,,,17.5,26144,7/11/2026 4:01
not_found,LandsMaps ไม่พบโฉนด,15347,10_46_79086,10,46,79086,กรุงเทพมหานคร,คลองสามวา,3,ที่ดิน+สิ่งปลูกสร้าง,,,44.9,79086,7/11/2026 4:01
not_found,LandsMaps ไม่พบโฉนด,15348,10_44_24376,10,44,24376,กรุงเทพมหานคร,สะพานสูง,3,ที่ดิน+สิ่งปลูกสร้าง,,1,2.2,24376,7/11/2026 4:01
not_found,LandsMaps ไม่พบโฉนด,15349,10_46_73212,10,46,73212,กรุงเทพมหานคร,คลองสามวา,2,ห้องชุด/คอนโด,,,31.78,73212,7/11/2026 4:01
not_found,LandsMaps ไม่พบโฉนด,15350,10_46_102161,10,46,102161,กรุงเทพมหานคร,คลองสามวา,3,ที่ดิน+สิ่งปลูกสร้าง,,,36,102161,7/11/2026 4:01
not_found,LandsMaps ไม่พบโฉนด,15351,10_03_99281,10,3,99281,กรุงเทพมหานคร,หนองจอก,3,ที่ดิน+สิ่งปลูกสร้าง,,,17.4,99281,7/11/2026 4:01
not_found,LandsMaps ไม่พบโฉนด,15352,10_43_6221,10,43,6221,กรุงเทพมหานคร,คันนายาว,2,ห้องชุด/คอนโด,,,77.96,6221,7/11/2026 4:01
not_found,LandsMaps ไม่พบโฉนด,15353,10_10_79200,10,10,79200,กรุงเทพมหานคร,มีนบุรี,2,ห้องชุด/คอนโด,,,23.58,"7,920,099,502",7/11/2026 4:01
not_found,LandsMaps ไม่พบโฉนด,15353,10_10_99502,10,10,99502,กรุงเทพมหานคร,มีนบุรี,2,ห้องชุด/คอนโด,,,23.58,"7,920,099,502",7/11/2026 4:01
not_found,LandsMaps ไม่พบโฉนด,15354,10_46_69241,10,46,69241,กรุงเทพมหานคร,คลองสามวา,3,ที่ดิน+สิ่งปลูกสร้าง,,,16,69241,7/11/2026 4:01
not_found,LandsMaps ไม่พบโฉนด,15355,10_11_55724,10,11,55724,กรุงเทพมหานคร,ลาดกระบัง,3,ที่ดิน+สิ่งปลูกสร้าง,,,22.1,55724,7/11/2026 4:02
not_found,LandsMaps ไม่พบโฉนด,15356,10_10_13836,10,10,13836,กรุงเทพมหานคร,มีนบุรี,3,ที่ดิน+สิ่งปลูกสร้าง,,2,13.1,13836,7/11/2026 4:02
not_found,LandsMaps ไม่พบโฉนด,15357,10_10_28147,10,10,28147,กรุงเทพมหานคร,มีนบุรี,3,ที่ดิน+สิ่งปลูกสร้าง,,,17,28147,7/11/2026 4:02
not_found,LandsMaps ไม่พบโฉนด,15358,10_11_42054,10,11,42054,กรุงเทพมหานคร,ลาดกระบัง,2,ห้องชุด/คอนโด,,,32.66,"4,205,443,352",7/11/2026 4:02
not_found,LandsMaps ไม่พบโฉนด,15358,10_11_43352,10,11,43352,กรุงเทพมหานคร,ลาดกระบัง,2,ห้องชุด/คอนโด,,,32.66,"4,205,443,352",7/11/2026 4:02
not_found,LandsMaps ไม่พบโฉนด,15359,10_11_50809,10,11,50809,กรุงเทพมหานคร,ลาดกระบัง,3,ที่ดิน+สิ่งปลูกสร้าง,,,52.5,50809,7/11/2026 4:02
not_found,LandsMaps ไม่พบโฉนด,15360,10_11_12850,10,11,12850,กรุงเทพมหานคร,ลาดกระบัง,3,ที่ดิน+สิ่งปลูกสร้าง,,,35,12850,7/11/2026 4:02
not_found,LandsMaps ไม่พบโฉนด,15361,10_10_19862,10,10,19862,กรุงเทพมหานคร,มีนบุรี(เมือง),3,ที่ดิน+สิ่งปลูกสร้าง,,,50,19862,7/11/2026 4:02
not_found,LandsMaps ไม่พบโฉนด,15362,10_03_79361,10,3,79361,กรุงเทพมหานคร,หนองจอก,3,ที่ดิน+สิ่งปลูกสร้าง,,,26.1,79361,7/11/2026 4:02
not_found,LandsMaps ไม่พบโฉนด,15363,10_03_74565,10,3,74565,กรุงเทพมหานคร,หนองจอก,3,ที่ดิน+สิ่งปลูกสร้าง,,,18,74565,7/11/2026 4:02
not_found,LandsMaps ไม่พบโฉนด,15364,10_05_12323,10,5,12323,กรุงเทพมหานคร,บางเขน,3,ที่ดิน+สิ่งปลูกสร้าง,,,65,12323,7/11/2026 4:02
not_found,LandsMaps ไม่พบโฉนด,15365,10_46_77137,10,46,77137,กรุงเทพมหานคร,คลองสามวา,3,ที่ดิน+สิ่งปลูกสร้าง,,,30.1,77137,7/11/2026 4:02
not_found,LandsMaps ไม่พบโฉนด,15366,10_10_103589,10,10,103589,กรุงเทพมหานคร,มีนบุรี,3,ที่ดิน+สิ่งปลูกสร้าง,,,50.8,103589,7/11/2026 4:02
not_found,LandsMaps ไม่พบโฉนด,15367,10_05_200747,10,5,200747,กรุงเทพมหานคร,บางเขน,3,ที่ดิน+สิ่งปลูกสร้าง,,,16,200747,7/11/2026 4:02
not_found,LandsMaps ไม่พบโฉนด,15368,10_10_52487,10,10,52487,กรุงเทพมหานคร,มีนบุรี,3,ที่ดิน+สิ่งปลูกสร้าง,,,50,52487,7/11/2026 4:02
not_found,LandsMaps ไม่พบโฉนด,15369,10_03_25959,10,3,25959,กรุงเทพมหานคร,หนองจอก,3,ที่ดิน+สิ่งปลูกสร้าง,,,51,25959,7/11/2026 4:02
not_found,LandsMaps ไม่พบโฉนด,15370,10_11_50449,10,11,50449,กรุงเทพมหานคร,ลาดกระบัง,2,ห้องชุด/คอนโด,,,32.21,"5,044,950,450",7/11/2026 4:02
not_found,LandsMaps ไม่พบโฉนด,15370,10_11_50450,10,11,50450,กรุงเทพมหานคร,ลาดกระบัง,2,ห้องชุด/คอนโด,,,32.21,"5,044,950,450",7/11/2026 4:02
not_found,LandsMaps ไม่พบโฉนด,15371,10_05_213018,10,5,213018,กรุงเทพมหานคร,บางเขน,3,ที่ดิน+สิ่งปลูกสร้าง,,,54.8,213018,7/11/2026 4:02
not_found,LandsMaps ไม่พบโฉนด,15372,10_11_42051,10,11,42051,กรุงเทพมหานคร,ลาดกระบัง,2,ห้องชุด/คอนโด,,,32.94,"420,514,205,742,063",7/11/2026 4:02
not_found,LandsMaps ไม่พบโฉนด,15372,10_11_42057,10,11,42057,กรุงเทพมหานคร,ลาดกระบัง,2,ห้องชุด/คอนโด,,,32.94,"420,514,205,742,063",7/11/2026 4:02
not_found,LandsMaps ไม่พบโฉนด,15372,10_11_42063,10,11,42063,กรุงเทพมหานคร,ลาดกระบัง,2,ห้องชุด/คอนโด,,,32.94,"420,514,205,742,063",7/11/2026 4:02
not_found,LandsMaps ไม่พบโฉนด,15373,10_03_63280,10,3,63280,กรุงเทพมหานคร,หนองจอก,3,ที่ดิน+สิ่งปลูกสร้าง,,,16,63280,7/11/2026 4:02
not_found,LandsMaps ไม่พบโฉนด,15374,10_03_79837,10,3,79837,กรุงเทพมหานคร,หนองจอก,2,ห้องชุด/คอนโด,,,32.62,"79837 , 79842",7/11/2026 4:02
not_found,LandsMaps ไม่พบโฉนด,15374,10_03_79842,10,3,79842,กรุงเทพมหานคร,หนองจอก,2,ห้องชุด/คอนโด,,,32.62,"79837 , 79842",7/11/2026 4:02
not_found,LandsMaps ไม่พบโฉนด,15375,10_44_16758,10,44,16758,กรุงเทพมหานคร,สะพานสูง,3,ที่ดิน+สิ่งปลูกสร้าง,,,60,16758,7/11/2026 4:02
not_found,LandsMaps ไม่พบโฉนด,15376,10_03_55241,10,3,55241,กรุงเทพมหานคร,หนองจอก,3,ที่ดิน+สิ่งปลูกสร้าง,,,23.9,55241,7/11/2026 4:02
not_found,LandsMaps ไม่พบโฉนด,15377,10_46_77352,10,46,77352,กรุงเทพมหานคร,คลองสามวา,3,ที่ดิน+สิ่งปลูกสร้าง,,,28,77352,7/11/2026 4:02
not_found,LandsMaps ไม่พบโฉนด,15378,10_46_90165,10,46,90165,กรุงเทพมหานคร,คลองสามวา,3,ที่ดิน+สิ่งปลูกสร้าง,,,3,90165,7/11/2026 4:02
not_found,LandsMaps ไม่พบโฉนด,15379,10_10_26181,10,10,26181,กรุงเทพมหานคร,มีนบุรี,3,ที่ดิน+สิ่งปลูกสร้าง,,,61,26181,7/11/2026 4:02
not_found,LandsMaps ไม่พบโฉนด,15380,10_10_26182,10,10,26182,กรุงเทพมหานคร,มีนบุรี,3,ที่ดิน+สิ่งปลูกสร้าง,,,61,26182,7/11/2026 4:02
not_found,LandsMaps ไม่พบโฉนด,15381,10_05_171562,10,5,171562,กรุงเทพมหานคร,บางเขน,3,ที่ดิน+สิ่งปลูกสร้าง,,,31.1,171562,7/11/2026 4:02
not_found,LandsMaps ไม่พบโฉนด,15382,10_10_35550,10,10,35550,กรุงเทพมหานคร,มีนบุรี,1,ที่ดินเปล่า,,3,56,35550,7/11/2026 4:02
not_found,LandsMaps ไม่พบโฉนด,15383,10_03_55955,10,3,55955,กรุงเทพมหานคร,หนองจอก,3,ที่ดิน+สิ่งปลูกสร้าง,,,26.8,55955,7/11/2026 4:02
not_found,LandsMaps ไม่พบโฉนด,15384,10_38_1384,10,38,1384,กรุงเทพมหานคร,ลาดพร้าว,2,ห้องชุด/คอนโด,,,26.03,"1,384,211,910,211,910",7/11/2026 4:02
not_found,LandsMaps ไม่พบโฉนด,15384,10_38_211910,10,38,211910,กรุงเทพมหานคร,ลาดพร้าว,2,ห้องชุด/คอนโด,,,26.03,"1,384,211,910,211,910",7/11/2026 4:02
not_found,LandsMaps ไม่พบโฉนด,15384,10_38_211911,10,38,211911,กรุงเทพมหานคร,ลาดพร้าว,2,ห้องชุด/คอนโด,,,26.03,"1,384,211,910,211,910",7/11/2026 4:02
not_found,LandsMaps ไม่พบโฉนด,15385,10_05_223265,10,5,223265,กรุงเทพมหานคร,บางเขน,3,ที่ดิน+สิ่งปลูกสร้าง,,,18.7,223265,7/11/2026 4:02
not_found,LandsMaps ไม่พบโฉนด,15386,10_11_46198,10,11,46198,กรุงเทพมหานคร,ลาดกระบัง,3,ที่ดิน+สิ่งปลูกสร้าง,,,20,46198,7/11/2026 4:02
not_found,LandsMaps ไม่พบโฉนด,15387,10_46_86908,10,46,86908,กรุงเทพมหานคร,คลองสามวา,3,ที่ดิน+สิ่งปลูกสร้าง,,,17.5,86908,7/11/2026 4:02
not_found,LandsMaps ไม่พบโฉนด,15388,10_05_68246,10,5,68246,กรุงเทพมหานคร,บางเขน,2,ห้องชุด/คอนโด,,,30.06,68246,7/11/2026 4:02
not_found,LandsMaps ไม่พบโฉนด,15389,10_44_4741,10,44,4741,กรุงเทพมหานคร,สะพานสูง,3,ที่ดิน+สิ่งปลูกสร้าง,,,57.8,4741,7/11/2026 4:02
not_found,LandsMaps ไม่พบโฉนด,15390,10_03_2584,10,3,2584,กรุงเทพมหานคร,หนองจอก,3,ที่ดิน+สิ่งปลูกสร้าง,4,3,15,2584,7/11/2026 4:02
not_found,LandsMaps ไม่พบโฉนด,15391,10_03_82918,10,3,82918,กรุงเทพมหานคร,หนองจอก,3,ที่ดิน+สิ่งปลูกสร้าง,,,24.4,82918,7/11/2026 4:02
not_found,LandsMaps ไม่พบโฉนด,15392,10_10_7986,10,10,7986,กรุงเทพมหานคร,มีนบุรี,3,ที่ดิน+สิ่งปลูกสร้าง,,,17,7986,7/11/2026 4:02
not_found,LandsMaps ไม่พบโฉนด,15393,10_03_29464,10,3,29464,กรุงเทพมหานคร,หนองจอก,3,ที่ดิน+สิ่งปลูกสร้าง,,,81,29464,7/11/2026 4:02
not_found,LandsMaps ไม่พบโฉนด,15394,10_43_4137,10,43,4137,กรุงเทพมหานคร,คันนายาว,2,ห้องชุด/คอนโด,,,25.22,4137,7/11/2026 4:02
not_found,LandsMaps ไม่พบโฉนด,15395,10_44_24446,10,44,24446,กรุงเทพมหานคร,สะพานสูง,3,ที่ดิน+สิ่งปลูกสร้าง,,,21.4,24446,7/11/2026 4:02
not_found,LandsMaps ไม่พบโฉนด,15396,10_11_38648,10,11,38648,กรุงเทพมหานคร,ลาดกระบัง,2,ห้องชุด/คอนโด,,,33.05,38648,7/11/2026 4:02
not_found,LandsMaps ไม่พบโฉนด,15397,10_05_207709,10,5,207709,กรุงเทพมหานคร,บางเขน,3,ที่ดิน+สิ่งปลูกสร้าง,,,30.8,207709,7/11/2026 4:02
not_found,LandsMaps ไม่พบโฉนด,15398,10_42_39574,10,42,39574,กรุงเทพมหานคร,สายไหม,3,ที่ดิน+สิ่งปลูกสร้าง,,,18,39574,7/11/2026 4:02
not_found,LandsMaps ไม่พบโฉนด,15399,10_42_37835,10,42,37835,กรุงเทพมหานคร,สายไหม,1,ที่ดินเปล่า,1,,,37835,7/11/2026 4:02
not_found,LandsMaps ไม่พบโฉนด,15400,10_06_230255,10,6,230255,กรุงเทพมหานคร,บางกะปิ,3,ที่ดิน+สิ่งปลูกสร้าง,,,75.4,230255,7/11/2026 4:02
not_found,LandsMaps ไม่พบโฉนด,15401,10_42_13414,10,42,13414,กรุงเทพมหานคร,สายไหม,2,ห้องชุด/คอนโด,,,33.41,13414,7/11/2026 4:02
not_found,LandsMaps ไม่พบโฉนด,15402,10_11_63175,10,11,63175,กรุงเทพมหานคร,ลาดกระบัง,3,ที่ดิน+สิ่งปลูกสร้าง,,,17.6,63175,7/11/2026 4:02
not_found,LandsMaps ไม่พบโฉนด,15403,10_46_78984,10,46,78984,กรุงเทพมหานคร,คลองสามวา,2,ห้องชุด/คอนโด,,,32.25,"78,984,789,857,898,600,000",7/11/2026 4:02
not_found,LandsMaps ไม่พบโฉนด,15403,10_46_78985,10,46,78985,กรุงเทพมหานคร,คลองสามวา,2,ห้องชุด/คอนโด,,,32.25,"78,984,789,857,898,600,000",7/11/2026 4:02
not_found,LandsMaps ไม่พบโฉนด,15403,10_46_78986,10,46,78986,กรุงเทพมหานคร,คลองสามวา,2,ห้องชุด/คอนโด,,,32.25,"78,984,789,857,898,600,000",7/11/2026 4:02
not_found,LandsMaps ไม่พบโฉนด,15403,10_46_92869,10,46,92869,กรุงเทพมหานคร,คลองสามวา,2,ห้องชุด/คอนโด,,,32.25,"78,984,789,857,898,600,000",7/11/2026 4:02
not_found,LandsMaps ไม่พบโฉนด,15404,10_46_95933,10,46,95933,กรุงเทพมหานคร,คลองสามวา,3,ที่ดิน+สิ่งปลูกสร้าง,,,25.8,95933,7/11/2026 4:02
not_found,LandsMaps ไม่พบโฉนด,15405,10_38_4089,10,38,4089,กรุงเทพมหานคร,ลาดพร้าว,3,ที่ดิน+สิ่งปลูกสร้าง,,,36.9,4089,7/11/2026 4:02
not_found,LandsMaps ไม่พบโฉนด,15406,10_38_4090,10,38,4090,กรุงเทพมหานคร,ลาดพร้าว,3,ที่ดิน+สิ่งปลูกสร้าง,,,36.5,4090,7/11/2026 4:02
not_found,LandsMaps ไม่พบโฉนด,15407,10_43_10034,10,43,10034,กรุงเทพมหานคร,คันนายาว,2,ห้องชุด/คอนโด,,,27.7,"1,003,411,421",7/11/2026 4:02
not_found,LandsMaps ไม่พบโฉนด,15407,10_43_11421,10,43,11421,กรุงเทพมหานคร,คันนายาว,2,ห้องชุด/คอนโด,,,27.7,"1,003,411,421",7/11/2026 4:02
not_found,LandsMaps ไม่พบโฉนด,15408,10_11_55035,10,11,55035,กรุงเทพมหานคร,ลาดกระบัง,3,ที่ดิน+สิ่งปลูกสร้าง,,,24.6,55035,7/11/2026 4:02
not_found,LandsMaps ไม่พบโฉนด,15409,10_38_2006,10,38,2006,กรุงเทพมหานคร,ลาดพร้าว,3,ที่ดิน+สิ่งปลูกสร้าง,,,50,2006,7/11/2026 4:02
not_found,LandsMaps ไม่พบโฉนด,15410,10_11_38657,10,11,38657,กรุงเทพมหานคร,ลาดกระบัง,2,ห้องชุด/คอนโด,,,33.3,38657,7/11/2026 4:02
not_found,LandsMaps ไม่พบโฉนด,15411,10_43_10034,10,43,10034,กรุงเทพมหานคร,คันนายาว,2,ห้องชุด/คอนโด,,,29.86,"10034, 11421",7/11/2026 4:02
not_found,LandsMaps ไม่พบโฉนด,15411,10_43_11421,10,43,11421,กรุงเทพมหานคร,คันนายาว,2,ห้องชุด/คอนโด,,,29.86,"10034, 11421",7/11/2026 4:02
not_found,LandsMaps ไม่พบโฉนด,15412,10_42_29050,10,42,29050,กรุงเทพมหานคร,สายไหม,3,ที่ดิน+สิ่งปลูกสร้าง,,,55.1,29050,7/11/2026 4:02
not_found,LandsMaps ไม่พบโฉนด,15413,10_05_160764,10,5,160764,กรุงเทพมหานคร,บางเขน,2,ห้องชุด/คอนโด,,,25.35,"160,764,160,766",7/11/2026 4:02
not_found,LandsMaps ไม่พบโฉนด,15413,10_05_160766,10,5,160766,กรุงเทพมหานคร,บางเขน,2,ห้องชุด/คอนโด,,,25.35,"160,764,160,766",7/11/2026 4:02
not_found,LandsMaps ไม่พบโฉนด,15414,10_05_202135,10,5,202135,กรุงเทพมหานคร,บางเขน,3,ที่ดิน+สิ่งปลูกสร้าง,,,19.5,202135(ใหม่44243),7/11/2026 4:02
not_found,LandsMaps ไม่พบโฉนด,15415,10_05_203097,10,5,203097,กรุงเทพมหานคร,บางเขน,2,ห้องชุด/คอนโด,,,30.11,"203097,203098,203099,203100,203101,203102,203103ฯ",7/11/2026 4:02
not_found,LandsMaps ไม่พบโฉนด,15415,10_05_203098,10,5,203098,กรุงเทพมหานคร,บางเขน,2,ห้องชุด/คอนโด,,,30.11,"203097,203098,203099,203100,203101,203102,203103ฯ",7/11/2026 4:02
not_found,LandsMaps ไม่พบโฉนด,15415,10_05_203099,10,5,203099,กรุงเทพมหานคร,บางเขน,2,ห้องชุด/คอนโด,,,30.11,"203097,203098,203099,203100,203101,203102,203103ฯ",7/11/2026 4:02
not_found,LandsMaps ไม่พบโฉนด,15415,10_05_203100,10,5,203100,กรุงเทพมหานคร,บางเขน,2,ห้องชุด/คอนโด,,,30.11,"203097,203098,203099,203100,203101,203102,203103ฯ",7/11/2026 4:02
not_found,LandsMaps ไม่พบโฉนด,15415,10_05_203101,10,5,203101,กรุงเทพมหานคร,บางเขน,2,ห้องชุด/คอนโด,,,30.11,"203097,203098,203099,203100,203101,203102,203103ฯ",7/11/2026 4:02
not_found,LandsMaps ไม่พบโฉนด,15415,10_05_203102,10,5,203102,กรุงเทพมหานคร,บางเขน,2,ห้องชุด/คอนโด,,,30.11,"203097,203098,203099,203100,203101,203102,203103ฯ",7/11/2026 4:02
not_found,LandsMaps ไม่พบโฉนด,15415,10_05_203103,10,5,203103,กรุงเทพมหานคร,บางเขน,2,ห้องชุด/คอนโด,,,30.11,"203097,203098,203099,203100,203101,203102,203103ฯ",7/11/2026 4:02
not_found,LandsMaps ไม่พบโฉนด,15416,10_43_8348,10,43,8348,กรุงเทพมหานคร,คันนายาว,2,ห้องชุด/คอนโด,,,25.6,8348,7/11/2026 4:02
not_found,LandsMaps ไม่พบโฉนด,15417,10_46_106086,10,46,106086,กรุงเทพมหานคร,คลองสามวา,3,ที่ดิน+สิ่งปลูกสร้าง,,1,,106086,7/11/2026 4:02
not_found,LandsMaps ไม่พบโฉนด,15418,10_10_104784,10,10,104784,กรุงเทพมหานคร,มีนบุรี,3,ที่ดิน+สิ่งปลูกสร้าง,,,50.6,104784,7/11/2026 4:02
not_found,LandsMaps ไม่พบโฉนด,15419,10_10_34531,10,10,34531,กรุงเทพมหานคร,มีนบุรี,2,ห้องชุด/คอนโด,,,32.34,34531,7/11/2026 4:02
not_found,LandsMaps ไม่พบโฉนด,15420,10_05_223497,10,5,223497,กรุงเทพมหานคร,บางเขน,3,ที่ดิน+สิ่งปลูกสร้าง,,,19.3,223497,7/11/2026 4:02
not_found,LandsMaps ไม่พบโฉนด,15421,10_42_7986,10,42,7986,กรุงเทพมหานคร,สายไหม,3,ที่ดิน+สิ่งปลูกสร้าง,,,17.9,7986,7/11/2026 4:02
not_found,LandsMaps ไม่พบโฉนด,15422,10_46_82821,10,46,82821,กรุงเทพมหานคร,คลองสามวา,3,ที่ดิน+สิ่งปลูกสร้าง,,,51.9,82821,7/11/2026 4:02
not_found,LandsMaps ไม่พบโฉนด,15423,10_46_82822,10,46,82822,กรุงเทพมหานคร,คลองสามวา,3,ที่ดิน+สิ่งปลูกสร้าง,,,56.7,82822,7/11/2026 4:02
not_found,LandsMaps ไม่พบโฉนด,15424,10_06_199806,10,6,199806,กรุงเทพมหานคร,บางกะปิ,2,ห้องชุด/คอนโด,,,35,199806,7/11/2026 4:02
not_found,LandsMaps ไม่พบโฉนด,15425,10_10_21983,10,10,21983,กรุงเทพมหานคร,มีนบุรี,3,ที่ดิน+สิ่งปลูกสร้าง,,,77,21983,7/11/2026 4:03
not_found,LandsMaps ไม่พบโฉนด,15426,10_10_21984,10,10,21984,กรุงเทพมหานคร,มีนบุรี,3,ที่ดิน+สิ่งปลูกสร้าง,,,81,21984,7/11/2026 4:03
not_found,LandsMaps ไม่พบโฉนด,15427,10_10_21985,10,10,21985,กรุงเทพมหานคร,มีนบุรี,3,ที่ดิน+สิ่งปลูกสร้าง,,,57,21985,7/11/2026 4:03
not_found,LandsMaps ไม่พบโฉนด,15428,10_10_21986,10,10,21986,กรุงเทพมหานคร,มีนบุรี,3,ที่ดิน+สิ่งปลูกสร้าง,,,58,21986,7/11/2026 4:03
not_found,LandsMaps ไม่พบโฉนด,15429,10_03_81067,10,3,81067,กรุงเทพมหานคร,หนองจอก,3,ที่ดิน+สิ่งปลูกสร้าง,,,41.8,81067,7/11/2026 4:03
not_found,LandsMaps ไม่พบโฉนด,15430,10_11_38649,10,11,38649,กรุงเทพมหานคร,ลาดกระบัง,2,ห้องชุด/คอนโด,,,33.3,"38649, 38650",7/11/2026 4:03
not_found,LandsMaps ไม่พบโฉนด,15430,10_11_38650,10,11,38650,กรุงเทพมหานคร,ลาดกระบัง,2,ห้องชุด/คอนโด,,,33.3,"38649, 38650",7/11/2026 4:03
not_found,LandsMaps ไม่พบโฉนด,15431,10_05_192196,10,5,192196,กรุงเทพมหานคร,บางเขน,2,ห้องชุด/คอนโด,,,23.91,192196,7/11/2026 4:03
not_found,LandsMaps ไม่พบโฉนด,15432,10_10_16799,10,10,16799,กรุงเทพมหานคร,มีนบุรี,3,ที่ดิน+สิ่งปลูกสร้าง,,,27,16799,7/11/2026 4:03
not_found,LandsMaps ไม่พบโฉนด,15433,10_42_7965,10,42,7965,กรุงเทพมหานคร,สายไหม,3,ที่ดิน+สิ่งปลูกสร้าง,,,19.6,7965,7/11/2026 4:03
not_found,LandsMaps ไม่พบโฉนด,15434,10_03_63297,10,3,63297,กรุงเทพมหานคร,หนองจอก,3,ที่ดิน+สิ่งปลูกสร้าง,,,16,63297,7/11/2026 4:03
not_found,LandsMaps ไม่พบโฉนด,15435,10_46_99284,10,46,99284,กรุงเทพมหานคร,คลองสามวา,3,ที่ดิน+สิ่งปลูกสร้าง,,,17.5,99284,7/11/2026 4:03
not_found,LandsMaps ไม่พบโฉนด,15436,10_06_58733,10,6,58733,กรุงเทพมหานคร,บางกะปิ,2,ห้องชุด/คอนโด,,,25.93,58733,7/11/2026 4:03
not_found,LandsMaps ไม่พบโฉนด,15437,10_10_26239,10,10,26239,กรุงเทพมหานคร,มีนบุรี,3,ที่ดิน+สิ่งปลูกสร้าง,,,16,26239,7/11/2026 4:03
not_found,LandsMaps ไม่พบโฉนด,15438,10_11_22806,10,11,22806,กรุงเทพมหานคร,ลาดกระบัง(แสนแสบ),3,ที่ดิน+สิ่งปลูกสร้าง,,,61,22806,7/11/2026 4:03
not_found,LandsMaps ไม่พบโฉนด,15439,10_11_42073,10,11,42073,กรุงเทพมหานคร,ลาดกระบัง,2,ห้องชุด/คอนโด,,,32.94,"4,207,342,074",7/11/2026 4:03
not_found,LandsMaps ไม่พบโฉนด,15439,10_11_42074,10,11,42074,กรุงเทพมหานคร,ลาดกระบัง,2,ห้องชุด/คอนโด,,,32.94,"4,207,342,074",7/11/2026 4:03
not_found,LandsMaps ไม่พบโฉนด,15440,10_11_31697,10,11,31697,กรุงเทพมหานคร,ลาดกระบัง,3,ที่ดิน+สิ่งปลูกสร้าง,,,21.3,31697,7/11/2026 4:03
not_found,LandsMaps ไม่พบโฉนด,15441,10_05_192195,10,5,192195,กรุงเทพมหานคร,บางเขน,2,ห้องชุด/คอนโด,,,23.83,192195,7/11/2026 4:03
not_found,LandsMaps ไม่พบโฉนด,15442,10_05_203097,10,5,203097,กรุงเทพมหานคร,บางเขน,2,ห้องชุด/คอนโด,,,30.11,"203097,203098,203099,203100,203101 ฯลฯ",7/11/2026 4:03
not_found,LandsMaps ไม่พบโฉนด,15442,10_05_203098,10,5,203098,กรุงเทพมหานคร,บางเขน,2,ห้องชุด/คอนโด,,,30.11,"203097,203098,203099,203100,203101 ฯลฯ",7/11/2026 4:03
not_found,LandsMaps ไม่พบโฉนด,15442,10_05_203099,10,5,203099,กรุงเทพมหานคร,บางเขน,2,ห้องชุด/คอนโด,,,30.11,"203097,203098,203099,203100,203101 ฯลฯ",7/11/2026 4:03
not_found,LandsMaps ไม่พบโฉนด,15442,10_05_203100,10,5,203100,กรุงเทพมหานคร,บางเขน,2,ห้องชุด/คอนโด,,,30.11,"203097,203098,203099,203100,203101 ฯลฯ",7/11/2026 4:03
not_found,LandsMaps ไม่พบโฉนด,15442,10_05_203101,10,5,203101,กรุงเทพมหานคร,บางเขน,2,ห้องชุด/คอนโด,,,30.11,"203097,203098,203099,203100,203101 ฯลฯ",7/11/2026 4:03
not_found,LandsMaps ไม่พบโฉนด,15443,10_05_197365,10,5,197365,กรุงเทพมหานคร,บางเขน,3,ที่ดิน+สิ่งปลูกสร้าง,,,16,197365,7/11/2026 4:03
not_found,LandsMaps ไม่พบโฉนด,15444,10_11_4796,10,11,4796,กรุงเทพมหานคร,ลาดกระบัง,1,ที่ดินเปล่า,,1,49,4796,7/11/2026 4:03
not_found,LandsMaps ไม่พบโฉนด,15445,10_27_24173,10,27,24173,กรุงเทพมหานคร,บึงกุ่ม,2,ห้องชุด/คอนโด,,,31.7,24173,7/11/2026 4:03
not_found,LandsMaps ไม่พบโฉนด,15446,10_10_29491,10,10,29491,กรุงเทพมหานคร,มีนบุรี,3,ที่ดิน+สิ่งปลูกสร้าง,,,18,29491,7/11/2026 4:03
not_found,LandsMaps ไม่พบโฉนด,15447,10_11_43748,10,11,43748,กรุงเทพมหานคร,ลาดกระบัง,2,ห้องชุด/คอนโด,,,21.54,"437,484,525,845,259",7/11/2026 4:03
not_found,LandsMaps ไม่พบโฉนด,15447,10_11_45258,10,11,45258,กรุงเทพมหานคร,ลาดกระบัง,2,ห้องชุด/คอนโด,,,21.54,"437,484,525,845,259",7/11/2026 4:03
not_found,LandsMaps ไม่พบโฉนด,15447,10_11_45259,10,11,45259,กรุงเทพมหานคร,ลาดกระบัง,2,ห้องชุด/คอนโด,,,21.54,"437,484,525,845,259",7/11/2026 4:03
not_found,LandsMaps ไม่พบโฉนด,15448,10_05_207123,10,5,207123,กรุงเทพมหานคร,บางเขน,3,ที่ดิน+สิ่งปลูกสร้าง,,,93.6,207123,7/11/2026 4:03
not_found,LandsMaps ไม่พบโฉนด,15449,10_05_151159,10,5,151159,กรุงเทพมหานคร,บางเขน,3,ที่ดิน+สิ่งปลูกสร้าง,,,35,151159,7/11/2026 4:03
not_found,LandsMaps ไม่พบโฉนด,15450,10_05_176728,10,5,176728,กรุงเทพมหานคร,บางเขน,3,ที่ดิน+สิ่งปลูกสร้าง,,,16,176728,7/11/2026 4:03
not_found,LandsMaps ไม่พบโฉนด,15451,10_46_57197,10,46,57197,กรุงเทพมหานคร,คลองสามวา,3,ที่ดิน+สิ่งปลูกสร้าง,,,75,57197,7/11/2026 4:03
not_found,LandsMaps ไม่พบโฉนด,15452,10_03_69395,10,3,69395,กรุงเทพมหานคร,หนองจอก,3,ที่ดิน+สิ่งปลูกสร้าง,,,27.6,69395,7/11/2026 4:03
not_found,LandsMaps ไม่พบโฉนด,15453,10_03_27783,10,3,27783,กรุงเทพมหานคร,หนองจอก,3,ที่ดิน+สิ่งปลูกสร้าง,,,20,27783,7/11/2026 4:03
not_found,LandsMaps ไม่พบโฉนด,15454,10_11_42056,10,11,42056,กรุงเทพมหานคร,ลาดกระบัง,2,ห้องชุด/คอนโด,,,32.94,"420,564,206,443,353",7/11/2026 4:03
not_found,LandsMaps ไม่พบโฉนด,15454,10_11_42064,10,11,42064,กรุงเทพมหานคร,ลาดกระบัง,2,ห้องชุด/คอนโด,,,32.94,"420,564,206,443,353",7/11/2026 4:03
not_found,LandsMaps ไม่พบโฉนด,15454,10_11_43353,10,11,43353,กรุงเทพมหานคร,ลาดกระบัง,2,ห้องชุด/คอนโด,,,32.94,"420,564,206,443,353",7/11/2026 4:03
not_found,LandsMaps ไม่พบโฉนด,15455,10_10_25957,10,10,25957,กรุงเทพมหานคร,มีนบุรี,3,ที่ดิน+สิ่งปลูกสร้าง,,,50,25957,7/11/2026 4:03
not_found,LandsMaps ไม่พบโฉนด,15456,10_42_8583,10,42,8583,กรุงเทพมหานคร,สายไหม,3,ที่ดิน+สิ่งปลูกสร้าง,,,51,8583,7/11/2026 4:03
not_found,LandsMaps ไม่พบโฉนด,15457,10_10_78846,10,10,78846,กรุงเทพมหานคร,มีนบุรี,3,ที่ดิน+สิ่งปลูกสร้าง,,,50,78846,7/11/2026 4:03
not_found,LandsMaps ไม่พบโฉนด,15458,10_11_27298,10,11,27298,กรุงเทพมหานคร,ลาดกระบัง(แสนแสบ),1,ที่ดินเปล่า,,1,1,27298,7/11/2026 4:03
not_found,LandsMaps ไม่พบโฉนด,15459,10_46_82913,10,46,82913,กรุงเทพมหานคร,คลองสามวา,3,ที่ดิน+สิ่งปลูกสร้าง,,,54,82913,7/11/2026 4:03
not_found,LandsMaps ไม่พบโฉนด,15460,10_46_71950,10,46,71950,กรุงเทพมหานคร,คลองสามวา,3,ที่ดิน+สิ่งปลูกสร้าง,,,22.9,71950,7/11/2026 4:03
not_found,LandsMaps ไม่พบโฉนด,15461,10_05_194323,10,5,194323,กรุงเทพมหานคร,บางเขน,3,ที่ดิน+สิ่งปลูกสร้าง,,,18,194323,7/11/2026 4:03
not_found,LandsMaps ไม่พบโฉนด,15462,10_42_41467,10,42,41467,กรุงเทพมหานคร,สายไหม,3,ที่ดิน+สิ่งปลูกสร้าง,,,75.5,41467,7/11/2026 4:03
not_found,LandsMaps ไม่พบโฉนด,15463,10_46_115234,10,46,115234,กรุงเทพมหานคร,คลองสามวา,3,ที่ดิน+สิ่งปลูกสร้าง,,,61.1,115234,7/11/2026 4:03
not_found,LandsMaps ไม่พบโฉนด,15464,10_11_14733,10,11,14733,กรุงเทพมหานคร,ลาดกระบัง(แสนแสบ),3,ที่ดิน+สิ่งปลูกสร้าง,,1,1,14733,7/11/2026 4:03
not_found,LandsMaps ไม่พบโฉนด,15465,10_03_33595,10,3,33595,กรุงเทพมหานคร,หนองจอก,3,ที่ดิน+สิ่งปลูกสร้าง,,,19,33595,7/11/2026 4:03
not_found,LandsMaps ไม่พบโฉนด,15466,10_10_37940,10,10,37940,กรุงเทพมหานคร,มีนบุรี,3,ที่ดิน+สิ่งปลูกสร้าง,,,16,37940,7/11/2026 4:03
not_found,LandsMaps ไม่พบโฉนด,15467,10_27_8510,10,27,8510,กรุงเทพมหานคร,บึงกุ่ม,3,ที่ดิน+สิ่งปลูกสร้าง,,,24,8510,7/11/2026 4:03
not_found,LandsMaps ไม่พบโฉนด,15468,10_10_32085,10,10,32085,กรุงเทพมหานคร,มีนบุรี,3,ที่ดิน+สิ่งปลูกสร้าง,,,65,32085,7/11/2026 4:03
not_found,LandsMaps ไม่พบโฉนด,15469,10_46_106413,10,46,106413,กรุงเทพมหานคร,คลองสามวา,3,ที่ดิน+สิ่งปลูกสร้าง,,,22.6,106413,7/11/2026 4:03
not_found,LandsMaps ไม่พบโฉนด,15470,10_10_29722,10,10,29722,กรุงเทพมหานคร,มีนบุรี(เมือง),2,ห้องชุด/คอนโด,,,38.4,29722,7/11/2026 4:03
not_found,LandsMaps ไม่พบโฉนด,15471,10_11_21909,10,11,21909,กรุงเทพมหานคร,ลาดกระบัง(แสนแสบ),2,ห้องชุด/คอนโด,,,26.95,21909,7/11/2026 4:03
not_found,LandsMaps ไม่พบโฉนด,15472,10_11_37922,10,11,37922,กรุงเทพมหานคร,ลาดกระบัง,2,ห้องชุด/คอนโด,,,35.28,37922,7/11/2026 4:03
not_found,LandsMaps ไม่พบโฉนด,15473,10_46_91795,10,46,91795,กรุงเทพมหานคร,คลองสามวา,3,ที่ดิน+สิ่งปลูกสร้าง,,1,18.5,91795,7/11/2026 4:03
not_found,LandsMaps ไม่พบโฉนด,15474,10_42_25538,10,42,25538,กรุงเทพมหานคร,สายไหม,3,ที่ดิน+สิ่งปลูกสร้าง,,,18,25538,7/11/2026 4:03
not_found,LandsMaps ไม่พบโฉนด,15475,10_46_65061,10,46,65061,กรุงเทพมหานคร,คลองสามวา,3,ที่ดิน+สิ่งปลูกสร้าง,,,91,65061,7/11/2026 4:03
not_found,LandsMaps ไม่พบโฉนด,15476,10_43_10786,10,43,10786,กรุงเทพมหานคร,คันนายาว,3,ที่ดิน+สิ่งปลูกสร้าง,,,57.7,10786,7/11/2026 4:03
not_found,LandsMaps ไม่พบโฉนด,15477,10_11_47002,10,11,47002,กรุงเทพมหานคร,ลาดกระบัง,3,ที่ดิน+สิ่งปลูกสร้าง,,,22.5,47002,7/11/2026 4:03
not_found,LandsMaps ไม่พบโฉนด,15478,10_42_26139,10,42,26139,กรุงเทพมหานคร,สายไหม,3,ที่ดิน+สิ่งปลูกสร้าง,,,27.6,26139,7/11/2026 4:03
not_found,LandsMaps ไม่พบโฉนด,15479,10_11_48788,10,11,48788,กรุงเทพมหานคร,ลาดกระบัง,1,ที่ดินเปล่า,1,1,,48788,7/11/2026 4:03
not_found,LandsMaps ไม่พบโฉนด,15480,10_03_73409,10,3,73409,กรุงเทพมหานคร,หนองจอก,3,ที่ดิน+สิ่งปลูกสร้าง,,,50,73409,7/11/2026 4:03
not_found,LandsMaps ไม่พบโฉนด,15481,10_03_48428,10,3,48428,กรุงเทพมหานคร,หนองจอก,3,ที่ดิน+สิ่งปลูกสร้าง,,,24,48428,7/11/2026 4:03
not_found,LandsMaps ไม่พบโฉนด,15482,10_43_970,10,43,970,กรุงเทพมหานคร,คันนายาว,2,ห้องชุด/คอนโด,,,32.63,970,7/11/2026 4:03
not_found,LandsMaps ไม่พบโฉนด,15483,10_10_46606,10,10,46606,กรุงเทพมหานคร,มีนบุรี,3,ที่ดิน+สิ่งปลูกสร้าง,,,18.6,46606,7/11/2026 4:03
not_found,LandsMaps ไม่พบโฉนด,15484,10_11_40105,10,11,40105,กรุงเทพมหานคร,ลาดกระบัง,3,ที่ดิน+สิ่งปลูกสร้าง,,,20,40105,7/11/2026 4:03
not_found,LandsMaps ไม่พบโฉนด,15485,10_46_63449,10,46,63449,กรุงเทพมหานคร,คลองสามวา,3,ที่ดิน+สิ่งปลูกสร้าง,,,21.2,63449,7/11/2026 4:03
not_found,LandsMaps ไม่พบโฉนด,15486,10_03_56576,10,3,56576,กรุงเทพมหานคร,หนองจอก,3,ที่ดิน+สิ่งปลูกสร้าง,,,26.8,56576,7/11/2026 4:03
not_found,LandsMaps ไม่พบโฉนด,15487,10_06_162440,10,6,162440,กรุงเทพมหานคร,บางกะปิ,3,ที่ดิน+สิ่งปลูกสร้าง,,,54,162440,7/11/2026 4:03
not_found,LandsMaps ไม่พบโฉนด,15488,10_46_77445,10,46,77445,กรุงเทพมหานคร,คลองสามวา,3,ที่ดิน+สิ่งปลูกสร้าง,,,55,77445,7/11/2026 4:03
not_found,LandsMaps ไม่พบโฉนด,15489,10_46_94541,10,46,94541,กรุงเทพมหานคร,คลองสามวา,3,ที่ดิน+สิ่งปลูกสร้าง,,,18.7,94541,7/11/2026 4:03
not_found,LandsMaps ไม่พบโฉนด,15490,10_10_29890,10,10,29890,กรุงเทพมหานคร,มีนบุรี,3,ที่ดิน+สิ่งปลูกสร้าง,,,32.5,29890,7/11/2026 4:03
not_found,LandsMaps ไม่พบโฉนด,15491,10_10_10193,10,10,10193,กรุงเทพมหานคร,มีนบุรี,3,ที่ดิน+สิ่งปลูกสร้าง,,,24,10193,7/11/2026 4:03
not_found,LandsMaps ไม่พบโฉนด,15492,10_10_24197,10,10,24197,กรุงเทพมหานคร,มีนบุรี,3,ที่ดิน+สิ่งปลูกสร้าง,,,16,24197,7/11/2026 4:03
not_found,LandsMaps ไม่พบโฉนด,15493,10_03_84919,10,3,84919,กรุงเทพมหานคร,หนองจอก,3,ที่ดิน+สิ่งปลูกสร้าง,,,23.9,84919,7/11/2026 4:03
not_found,LandsMaps ไม่พบโฉนด,15494,10_03_67762,10,3,67762,กรุงเทพมหานคร,หนองจอก,3,ที่ดิน+สิ่งปลูกสร้าง,,,19.3,67762,7/11/2026 4:03
not_found,LandsMaps ไม่พบโฉนด,15495,10_42_6936,10,42,6936,กรุงเทพมหานคร,สายไหม,3,ที่ดิน+สิ่งปลูกสร้าง,,,72,6936,7/11/2026 4:03
not_found,LandsMaps ไม่พบโฉนด,15496,10_42_28690,10,42,28690,กรุงเทพมหานคร,สายไหม,3,ที่ดิน+สิ่งปลูกสร้าง,,,17.8,28690,7/11/2026 4:03
not_found,LandsMaps ไม่พบโฉนด,15497,10_03_13622,10,3,13622,กรุงเทพมหานคร,หนองจอก,3,ที่ดิน+สิ่งปลูกสร้าง,1,,,13622,7/11/2026 4:03
not_found,LandsMaps ไม่พบโฉนด,15498,10_05_222968,10,5,222968,กรุงเทพมหานคร,บางเขน,3,ที่ดิน+สิ่งปลูกสร้าง,,,21.1,222968,7/11/2026 4:03
not_found,LandsMaps ไม่พบโฉนด,15499,10_10_72239,10,10,72239,กรุงเทพมหานคร,มีนบุรี,3,ที่ดิน+สิ่งปลูกสร้าง,,1,92,72239,7/11/2026 4:03
not_found,LandsMaps ไม่พบโฉนด,15500,10_46_56213,10,46,56213,กรุงเทพมหานคร,คลองสามวา(มีนบุรี),1,ที่ดินเปล่า,,,14,56213,7/11/2026 4:03
not_found,LandsMaps ไม่พบโฉนด,15501,10_46_59295,10,46,59295,กรุงเทพมหานคร,คลองสามวา,3,ที่ดิน+สิ่งปลูกสร้าง,,,36,59295,7/11/2026 4:03
not_found,LandsMaps ไม่พบโฉนด,15502,10_03_12614,10,3,12614,กรุงเทพมหานคร,หนองจอก,1,ที่ดินเปล่า,1,1,59,12614,7/11/2026 4:03
not_found,LandsMaps ไม่พบโฉนด,15503,10_38_90763,10,38,90763,กรุงเทพมหานคร,ลาดพร้าว,3,ที่ดิน+สิ่งปลูกสร้าง,,,44,90763,7/11/2026 4:03
not_found,LandsMaps ไม่พบโฉนด,15504,10_38_1667,10,38,1667,กรุงเทพมหานคร,ลาดพร้าว,1,ที่ดินเปล่า,,1,55,1667,7/11/2026 4:04
not_found,LandsMaps ไม่พบโฉนด,15505,10_22_136927,10,22,136927,กรุงเทพมหานคร,ภาษีเจริญ,3,ที่ดิน+สิ่งปลูกสร้าง,,,16.5,136927,7/11/2026 4:04
not_found,LandsMaps ไม่พบโฉนด,15506,10_22_136928,10,22,136928,กรุงเทพมหานคร,ภาษีเจริญ,3,ที่ดิน+สิ่งปลูกสร้าง,,,16.5,136928,7/11/2026 4:04
not_found,LandsMaps ไม่พบโฉนด,15507,10_35_1398,10,35,1398,กรุงเทพมหานคร,จอมทอง,2,ห้องชุด/คอนโด,,,27.32,"13,981,399,140,014,000,000",7/11/2026 4:04
not_found,LandsMaps ไม่พบโฉนด,15507,10_35_1399,10,35,1399,กรุงเทพมหานคร,จอมทอง,2,ห้องชุด/คอนโด,,,27.32,"13,981,399,140,014,000,000",7/11/2026 4:04
not_found,LandsMaps ไม่พบโฉนด,15507,10_35_1400,10,35,1400,กรุงเทพมหานคร,จอมทอง,2,ห้องชุด/คอนโด,,,27.32,"13,981,399,140,014,000,000",7/11/2026 4:04
not_found,LandsMaps ไม่พบโฉนด,15507,10_35_1401,10,35,1401,กรุงเทพมหานคร,จอมทอง,2,ห้องชุด/คอนโด,,,27.32,"13,981,399,140,014,000,000",7/11/2026 4:04
not_found,LandsMaps ไม่พบโฉนด,15507,10_35_1402,10,35,1402,กรุงเทพมหานคร,จอมทอง,2,ห้องชุด/คอนโด,,,27.32,"13,981,399,140,014,000,000",7/11/2026 4:04
not_found,LandsMaps ไม่พบโฉนด,15508,10_10_37081,10,10,37081,กรุงเทพมหานคร,มีนบุรี,1,ที่ดินเปล่า,2,,75,37081,7/11/2026 4:04
not_found,LandsMaps ไม่พบโฉนด,15509,10_10_37082,10,10,37082,กรุงเทพมหานคร,มีนบุรี,1,ที่ดินเปล่า,2,,56,37082,7/11/2026 4:04
not_found,LandsMaps ไม่พบโฉนด,15510,10_19_68306,10,19,68306,กรุงเทพมหานคร,ตลิ่งชัน,3,ที่ดิน+สิ่งปลูกสร้าง,,2,17,68306,7/11/2026 4:04
not_found,LandsMaps ไม่พบโฉนด,15511,10_06_42708,10,6,42708,กรุงเทพมหานคร,บางกะปิ,3,ที่ดิน+สิ่งปลูกสร้าง,,,54,42708,7/11/2026 4:04
not_found,LandsMaps ไม่พบโฉนด,15512,10_22_610,10,22,610,กรุงเทพมหานคร,ภาษีเจริญ,2,ห้องชุด/คอนโด,,,56.64,"61,060,772,473,624,700",7/11/2026 4:04
not_found,LandsMaps ไม่พบโฉนด,15512,10_22_6077,10,22,6077,กรุงเทพมหานคร,ภาษีเจริญ,2,ห้องชุด/คอนโด,,,56.64,"61,060,772,473,624,700",7/11/2026 4:04
not_found,LandsMaps ไม่พบโฉนด,15512,10_22_24736,10,22,24736,กรุงเทพมหานคร,ภาษีเจริญ,2,ห้องชุด/คอนโด,,,56.64,"61,060,772,473,624,700",7/11/2026 4:04
not_found,LandsMaps ไม่พบโฉนด,15512,10_22_24737,10,22,24737,กรุงเทพมหานคร,ภาษีเจริญ,2,ห้องชุด/คอนโด,,,56.64,"61,060,772,473,624,700",7/11/2026 4:04
not_found,LandsMaps ไม่พบโฉนด,15513,10_22_610,10,22,610,กรุงเทพมหานคร,ภาษีเจริญ,2,ห้องชุด/คอนโด,,,30.24,"61,060,772,473,624,700",7/11/2026 4:04
not_found,LandsMaps ไม่พบโฉนด,15513,10_22_6077,10,22,6077,กรุงเทพมหานคร,ภาษีเจริญ,2,ห้องชุด/คอนโด,,,30.24,"61,060,772,473,624,700",7/11/2026 4:04
not_found,LandsMaps ไม่พบโฉนด,15513,10_22_24736,10,22,24736,กรุงเทพมหานคร,ภาษีเจริญ,2,ห้องชุด/คอนโด,,,30.24,"61,060,772,473,624,700",7/11/2026 4:04
not_found,LandsMaps ไม่พบโฉนด,15513,10_22_24737,10,22,24737,กรุงเทพมหานคร,ภาษีเจริญ,2,ห้องชุด/คอนโด,,,30.24,"61,060,772,473,624,700",7/11/2026 4:04
not_found,LandsMaps ไม่พบโฉนด,15514,10_22_610,10,22,610,กรุงเทพมหานคร,ภาษีเจริญ,2,ห้องชุด/คอนโด,,,30.1,"61,060,772,473,624,700",7/11/2026 4:04
not_found,LandsMaps ไม่พบโฉนด,15514,10_22_6077,10,22,6077,กรุงเทพมหานคร,ภาษีเจริญ,2,ห้องชุด/คอนโด,,,30.1,"61,060,772,473,624,700",7/11/2026 4:04
not_found,LandsMaps ไม่พบโฉนด,15514,10_22_24736,10,22,24736,กรุงเทพมหานคร,ภาษีเจริญ,2,ห้องชุด/คอนโด,,,30.1,"61,060,772,473,624,700",7/11/2026 4:04
not_found,LandsMaps ไม่พบโฉนด,15514,10_22_24737,10,22,24737,กรุงเทพมหานคร,ภาษีเจริญ,2,ห้องชุด/คอนโด,,,30.1,"61,060,772,473,624,700",7/11/2026 4:04
not_found,LandsMaps ไม่พบโฉนด,15515,10_22_610,10,22,610,กรุงเทพมหานคร,ภาษีเจริญ,2,ห้องชุด/คอนโด,,,42.45,"61,060,772,473,624,700",7/11/2026 4:04
not_found,LandsMaps ไม่พบโฉนด,15515,10_22_6077,10,22,6077,กรุงเทพมหานคร,ภาษีเจริญ,2,ห้องชุด/คอนโด,,,42.45,"61,060,772,473,624,700",7/11/2026 4:04
not_found,LandsMaps ไม่พบโฉนด,15515,10_22_24736,10,22,24736,กรุงเทพมหานคร,ภาษีเจริญ,2,ห้องชุด/คอนโด,,,42.45,"61,060,772,473,624,700",7/11/2026 4:04
not_found,LandsMaps ไม่พบโฉนด,15515,10_22_24737,10,22,24737,กรุงเทพมหานคร,ภาษีเจริญ,2,ห้องชุด/คอนโด,,,42.45,"61,060,772,473,624,700",7/11/2026 4:04
not_found,LandsMaps ไม่พบโฉนด,15516,10_22_610,10,22,610,กรุงเทพมหานคร,ภาษีเจริญ,2,ห้องชุด/คอนโด,,,42.63,"61,060,772,473,624,700",7/11/2026 4:04
not_found,LandsMaps ไม่พบโฉนด,15516,10_22_6077,10,22,6077,กรุงเทพมหานคร,ภาษีเจริญ,2,ห้องชุด/คอนโด,,,42.63,"61,060,772,473,624,700",7/11/2026 4:04
not_found,LandsMaps ไม่พบโฉนด,15516,10_22_24736,10,22,24736,กรุงเทพมหานคร,ภาษีเจริญ,2,ห้องชุด/คอนโด,,,42.63,"61,060,772,473,624,700",7/11/2026 4:04
not_found,LandsMaps ไม่พบโฉนด,15516,10_22_24737,10,22,24737,กรุงเทพมหานคร,ภาษีเจริญ,2,ห้องชุด/คอนโด,,,42.63,"61,060,772,473,624,700",7/11/2026 4:04
not_found,LandsMaps ไม่พบโฉนด,15517,10_22_610,10,22,610,กรุงเทพมหานคร,ภาษีเจริญ,2,ห้องชุด/คอนโด,,,56.99,"61,060,772,473,624,700",7/11/2026 4:04
not_found,LandsMaps ไม่พบโฉนด,15517,10_22_6077,10,22,6077,กรุงเทพมหานคร,ภาษีเจริญ,2,ห้องชุด/คอนโด,,,56.99,"61,060,772,473,624,700",7/11/2026 4:04
not_found,LandsMaps ไม่พบโฉนด,15517,10_22_24736,10,22,24736,กรุงเทพมหานคร,ภาษีเจริญ,2,ห้องชุด/คอนโด,,,56.99,"61,060,772,473,624,700",7/11/2026 4:04
not_found,LandsMaps ไม่พบโฉนด,15517,10_22_24737,10,22,24737,กรุงเทพมหานคร,ภาษีเจริญ,2,ห้องชุด/คอนโด,,,56.99,"61,060,772,473,624,700",7/11/2026 4:04
not_found,LandsMaps ไม่พบโฉนด,15518,10_22_610,10,22,610,กรุงเทพมหานคร,ภาษีเจริญ,2,ห้องชุด/คอนโด,,,56.97,"61,060,772,473,624,700",7/11/2026 4:04
not_found,LandsMaps ไม่พบโฉนด,15518,10_22_6077,10,22,6077,กรุงเทพมหานคร,ภาษีเจริญ,2,ห้องชุด/คอนโด,,,56.97,"61,060,772,473,624,700",7/11/2026 4:04
not_found,LandsMaps ไม่พบโฉนด,15518,10_22_24736,10,22,24736,กรุงเทพมหานคร,ภาษีเจริญ,2,ห้องชุด/คอนโด,,,56.97,"61,060,772,473,624,700",7/11/2026 4:04
not_found,LandsMaps ไม่พบโฉนด,15518,10_22_24737,10,22,24737,กรุงเทพมหานคร,ภาษีเจริญ,2,ห้องชุด/คอนโด,,,56.97,"61,060,772,473,624,700",7/11/2026 4:04
not_found,LandsMaps ไม่พบโฉนด,15519,10_22_610,10,22,610,กรุงเทพมหานคร,ภาษีเจริญ,2,ห้องชุด/คอนโด,,,41.4,"61,060,772,473,624,700",7/11/2026 4:04
not_found,LandsMaps ไม่พบโฉนด,15519,10_22_6077,10,22,6077,กรุงเทพมหานคร,ภาษีเจริญ,2,ห้องชุด/คอนโด,,,41.4,"61,060,772,473,624,700",7/11/2026 4:04
not_found,LandsMaps ไม่พบโฉนด,15519,10_22_24736,10,22,24736,กรุงเทพมหานคร,ภาษีเจริญ,2,ห้องชุด/คอนโด,,,41.4,"61,060,772,473,624,700",7/11/2026 4:04
not_found,LandsMaps ไม่พบโฉนด,15519,10_22_24737,10,22,24737,กรุงเทพมหานคร,ภาษีเจริญ,2,ห้องชุด/คอนโด,,,41.4,"61,060,772,473,624,700",7/11/2026 4:04
not_found,LandsMaps ไม่พบโฉนด,15520,10_22_610,10,22,610,กรุงเทพมหานคร,ภาษีเจริญ,2,ห้องชุด/คอนโด,,,41.18,"61,060,772,473,624,700",7/11/2026 4:04
not_found,LandsMaps ไม่พบโฉนด,15520,10_22_6077,10,22,6077,กรุงเทพมหานคร,ภาษีเจริญ,2,ห้องชุด/คอนโด,,,41.18,"61,060,772,473,624,700",7/11/2026 4:04
not_found,LandsMaps ไม่พบโฉนด,15520,10_22_24736,10,22,24736,กรุงเทพมหานคร,ภาษีเจริญ,2,ห้องชุด/คอนโด,,,41.18,"61,060,772,473,624,700",7/11/2026 4:04
not_found,LandsMaps ไม่พบโฉนด,15520,10_22_24737,10,22,24737,กรุงเทพมหานคร,ภาษีเจริญ,2,ห้องชุด/คอนโด,,,41.18,"61,060,772,473,624,700",7/11/2026 4:04
not_found,LandsMaps ไม่พบโฉนด,15521,10_22_610,10,22,610,กรุงเทพมหานคร,ภาษีเจริญ,2,ห้องชุด/คอนโด,,,30.09,"61,060,772,473,624,700",7/11/2026 4:04
not_found,LandsMaps ไม่พบโฉนด,15521,10_22_6077,10,22,6077,กรุงเทพมหานคร,ภาษีเจริญ,2,ห้องชุด/คอนโด,,,30.09,"61,060,772,473,624,700",7/11/2026 4:04
not_found,LandsMaps ไม่พบโฉนด,15521,10_22_24736,10,22,24736,กรุงเทพมหานคร,ภาษีเจริญ,2,ห้องชุด/คอนโด,,,30.09,"61,060,772,473,624,700",7/11/2026 4:04
not_found,LandsMaps ไม่พบโฉนด,15521,10_22_24737,10,22,24737,กรุงเทพมหานคร,ภาษีเจริญ,2,ห้องชุด/คอนโด,,,30.09,"61,060,772,473,624,700",7/11/2026 4:04
not_found,LandsMaps ไม่พบโฉนด,15522,10_22_610,10,22,610,กรุงเทพมหานคร,ภาษีเจริญ,2,ห้องชุด/คอนโด,,,30.24,"61,060,772,473,624,700",7/11/2026 4:04
not_found,LandsMaps ไม่พบโฉนด,15522,10_22_6077,10,22,6077,กรุงเทพมหานคร,ภาษีเจริญ,2,ห้องชุด/คอนโด,,,30.24,"61,060,772,473,624,700",7/11/2026 4:04
not_found,LandsMaps ไม่พบโฉนด,15522,10_22_24736,10,22,24736,กรุงเทพมหานคร,ภาษีเจริญ,2,ห้องชุด/คอนโด,,,30.24,"61,060,772,473,624,700",7/11/2026 4:04
not_found,LandsMaps ไม่พบโฉนด,15522,10_22_24737,10,22,24737,กรุงเทพมหานคร,ภาษีเจริญ,2,ห้องชุด/คอนโด,,,30.24,"61,060,772,473,624,700",7/11/2026 4:04
not_found,LandsMaps ไม่พบโฉนด,15523,10_22_610,10,22,610,กรุงเทพมหานคร,ภาษีเจริญ,2,ห้องชุด/คอนโด,,,56.63,"61,060,772,473,624,700",7/11/2026 4:04
not_found,LandsMaps ไม่พบโฉนด,15523,10_22_6077,10,22,6077,กรุงเทพมหานคร,ภาษีเจริญ,2,ห้องชุด/คอนโด,,,56.63,"61,060,772,473,624,700",7/11/2026 4:04
not_found,LandsMaps ไม่พบโฉนด,15523,10_22_24736,10,22,24736,กรุงเทพมหานคร,ภาษีเจริญ,2,ห้องชุด/คอนโด,,,56.63,"61,060,772,473,624,700",7/11/2026 4:04
not_found,LandsMaps ไม่พบโฉนด,15523,10_22_24737,10,22,24737,กรุงเทพมหานคร,ภาษีเจริญ,2,ห้องชุด/คอนโด,,,56.63,"61,060,772,473,624,700",7/11/2026 4:04
not_found,LandsMaps ไม่พบโฉนด,15524,10_09_126442,10,9,126442,กรุงเทพมหานคร,พระโขนง,3,ที่ดิน+สิ่งปลูกสร้าง,,1,62,126442,7/11/2026 4:04
not_found,LandsMaps ไม่พบโฉนด,15525,10_05_28576,10,5,28576,กรุงเทพมหานคร,บางเขน(ตลาดขวัญ),2,ห้องชุด/คอนโด,,,64.18,"2,857,628,577",7/11/2026 4:04
not_found,LandsMaps ไม่พบโฉนด,15525,10_05_28577,10,5,28577,กรุงเทพมหานคร,บางเขน(ตลาดขวัญ),2,ห้องชุด/คอนโด,,,64.18,"2,857,628,577",7/11/2026 4:04
not_found,LandsMaps ไม่พบโฉนด,15526,10_05_28576,10,5,28576,กรุงเทพมหานคร,บางเขน(ตลาดขวัญ),2,ห้องชุด/คอนโด,,,74.99,"2,857,628,577",7/11/2026 4:04
not_found,LandsMaps ไม่พบโฉนด,15526,10_05_28577,10,5,28577,กรุงเทพมหานคร,บางเขน(ตลาดขวัญ),2,ห้องชุด/คอนโด,,,74.99,"2,857,628,577",7/11/2026 4:04
not_found,LandsMaps ไม่พบโฉนด,15527,10_05_28576,10,5,28576,กรุงเทพมหานคร,บางเขน(ตลาดขวัญ),2,ห้องชุด/คอนโด,,,50.74,"2,857,628,577",7/11/2026 4:04
not_found,LandsMaps ไม่พบโฉนด,15527,10_05_28577,10,5,28577,กรุงเทพมหานคร,บางเขน(ตลาดขวัญ),2,ห้องชุด/คอนโด,,,50.74,"2,857,628,577",7/11/2026 4:04
not_found,LandsMaps ไม่พบโฉนด,15528,10_05_28576,10,5,28576,กรุงเทพมหานคร,บางเขน(ตลาดขวัญ),2,ห้องชุด/คอนโด,,,52,"2,857,628,577",7/11/2026 4:04
not_found,LandsMaps ไม่พบโฉนด,15528,10_05_28577,10,5,28577,กรุงเทพมหานคร,บางเขน(ตลาดขวัญ),2,ห้องชุด/คอนโด,,,52,"2,857,628,577",7/11/2026 4:04
not_found,LandsMaps ไม่พบโฉนด,15529,10_05_28576,10,5,28576,กรุงเทพมหานคร,บางเขน(ตลาดขวัญ),2,ห้องชุด/คอนโด,,,60.04,"2,857,628,577",7/11/2026 4:04
not_found,LandsMaps ไม่พบโฉนด,15529,10_05_28577,10,5,28577,กรุงเทพมหานคร,บางเขน(ตลาดขวัญ),2,ห้องชุด/คอนโด,,,60.04,"2,857,628,577",7/11/2026 4:04
not_found,LandsMaps ไม่พบโฉนด,15530,10_36_29746,10,36,29746,กรุงเทพมหานคร,ดอนเมือง,3,ที่ดิน+สิ่งปลูกสร้าง,,,87.4,29746,7/11/2026 4:04
not_found,LandsMaps ไม่พบโฉนด,15531,10_05_210647,10,5,210647,กรุงเทพมหานคร,บางเขน,3,ที่ดิน+สิ่งปลูกสร้าง,,,91,210647,7/11/2026 4:04
not_found,LandsMaps ไม่พบโฉนด,15532,10_42_42569,10,42,42569,กรุงเทพมหานคร,สายไหม,2,ห้องชุด/คอนโด,,,27.14,"4715,5145,31539,32491-32497,42566,42567,42569",7/11/2026 4:04
not_found,LandsMaps ไม่พบโฉนด,15533,10_05_6292,10,5,6292,กรุงเทพมหานคร,บางเขน,2,ห้องชุด/คอนโด,,,22.74,6292,7/11/2026 4:04
not_found,LandsMaps ไม่พบโฉนด,15534,10_05_217283,10,5,217283,กรุงเทพมหานคร,บางเขน,2,ห้องชุด/คอนโด,,,29.25,"217,283,219,381",7/11/2026 4:04
not_found,LandsMaps ไม่พบโฉนด,15534,10_05_219381,10,5,219381,กรุงเทพมหานคร,บางเขน,2,ห้องชุด/คอนโด,,,29.25,"217,283,219,381",7/11/2026 4:04
not_found,LandsMaps ไม่พบโฉนด,15535,10_05_124648,10,5,124648,กรุงเทพมหานคร,บางเขน(ตลาดขวัญ),3,ที่ดิน+สิ่งปลูกสร้าง,,,35,124648,7/11/2026 4:04
not_found,LandsMaps ไม่พบโฉนด,15536,10_05_124649,10,5,124649,กรุงเทพมหานคร,บางเขน(ตลาดขวัญ),3,ที่ดิน+สิ่งปลูกสร้าง,,,35,124649,7/11/2026 4:04
not_found,LandsMaps ไม่พบโฉนด,15537,10_36_8408,10,36,8408,กรุงเทพมหานคร,ดอนเมือง,3,ที่ดิน+สิ่งปลูกสร้าง,,,50,8408,7/11/2026 4:04
not_found,LandsMaps ไม่พบโฉนด,15538,10_36_11191,10,36,11191,กรุงเทพมหานคร,ดอนเมือง,3,ที่ดิน+สิ่งปลูกสร้าง,,,13.4,11191,7/11/2026 4:04
not_found,LandsMaps ไม่พบโฉนด,15539,10_36_11192,10,36,11192,กรุงเทพมหานคร,ดอนเมือง,3,ที่ดิน+สิ่งปลูกสร้าง,,,10.2,11192,7/11/2026 4:04
not_found,LandsMaps ไม่พบโฉนด,15540,10_36_28651,10,36,28651,กรุงเทพมหานคร,ดอนเมือง,2,ห้องชุด/คอนโด,,,24.19,28651,7/11/2026 4:04
not_found,LandsMaps ไม่พบโฉนด,15541,10_36_23901,10,36,23901,กรุงเทพมหานคร,ดอนเมือง,3,ที่ดิน+สิ่งปลูกสร้าง,,,30.8,23901,7/11/2026 4:04
not_found,LandsMaps ไม่พบโฉนด,15542,10_36_8387,10,36,8387,กรุงเทพมหานคร,ดอนเมือง,3,ที่ดิน+สิ่งปลูกสร้าง,,,60,8387,7/11/2026 4:04
not_found,LandsMaps ไม่พบโฉนด,15543,10_36_38411,10,36,38411,กรุงเทพมหานคร,ดอนเมือง,3,ที่ดิน+สิ่งปลูกสร้าง,,,42,38411,7/11/2026 4:04
not_found,LandsMaps ไม่พบโฉนด,15544,10_05_191058,10,5,191058,กรุงเทพมหานคร,บางเขน,3,ที่ดิน+สิ่งปลูกสร้าง,,,17.2,191058,7/11/2026 4:04
not_found,LandsMaps ไม่พบโฉนด,15545,10_05_140024,10,5,140024,กรุงเทพมหานคร,บางเขน,2,ห้องชุด/คอนโด,,,22.54,"140,024,140,025",7/11/2026 4:05
not_found,LandsMaps ไม่พบโฉนด,15545,10_05_140025,10,5,140025,กรุงเทพมหานคร,บางเขน,2,ห้องชุด/คอนโด,,,22.54,"140,024,140,025",7/11/2026 4:05
not_found,LandsMaps ไม่พบโฉนด,15546,10_36_55269,10,36,55269,กรุงเทพมหานคร,ดอนเมือง,3,ที่ดิน+สิ่งปลูกสร้าง,,,60,55269,7/11/2026 4:05
not_found,LandsMaps ไม่พบโฉนด,15547,10_05_192179,10,5,192179,กรุงเทพมหานคร,บางเขน,3,ที่ดิน+สิ่งปลูกสร้าง,,,47,192179,7/11/2026 4:05
not_found,LandsMaps ไม่พบโฉนด,15548,10_36_5476,10,36,5476,กรุงเทพมหานคร,ดอนเมือง,3,ที่ดิน+สิ่งปลูกสร้าง,,,10.4,5476,7/11/2026 4:05
not_found,LandsMaps ไม่พบโฉนด,15549,10_36_408,10,36,408,กรุงเทพมหานคร,ดอนเมือง,2,ห้องชุด/คอนโด,,,39.4,"40,818,693",7/11/2026 4:05
not_found,LandsMaps ไม่พบโฉนด,15549,10_36_18693,10,36,18693,กรุงเทพมหานคร,ดอนเมือง,2,ห้องชุด/คอนโด,,,39.4,"40,818,693",7/11/2026 4:05
not_found,LandsMaps ไม่พบโฉนด,15550,10_42_25208,10,42,25208,กรุงเทพมหานคร,สายไหม,2,ห้องชุด/คอนโด,,,31.85,"2,520,825,214",7/11/2026 4:05
not_found,LandsMaps ไม่พบโฉนด,15550,10_42_25214,10,42,25214,กรุงเทพมหานคร,สายไหม,2,ห้องชุด/คอนโด,,,31.85,"2,520,825,214",7/11/2026 4:05
not_found,LandsMaps ไม่พบโฉนด,15551,10_05_178082,10,5,178082,กรุงเทพมหานคร,บางเขน,2,ห้องชุด/คอนโด,,,19,178082,7/11/2026 4:05
not_found,LandsMaps ไม่พบโฉนด,15552,10_05_16115,10,5,16115,กรุงเทพมหานคร,บางเขน,2,ห้องชุด/คอนโด,,,27.32,16115,7/11/2026 4:05
not_found,LandsMaps ไม่พบโฉนด,15553,10_36_133286,10,36,133286,กรุงเทพมหานคร,ดอนเมือง,2,ห้องชุด/คอนโด,,,26.09,133286,7/11/2026 4:05
not_found,LandsMaps ไม่พบโฉนด,15554,10_36_131132,10,36,131132,กรุงเทพมหานคร,ดอนเมือง,2,ห้องชุด/คอนโด,,,26.25,131132,7/11/2026 4:05
not_found,LandsMaps ไม่พบโฉนด,15555,10_05_134088,10,5,134088,กรุงเทพมหานคร,บางเขน,3,ที่ดิน+สิ่งปลูกสร้าง,,,16,134088,7/11/2026 4:05
not_found,LandsMaps ไม่พบโฉนด,15556,10_36_9881,10,36,9881,กรุงเทพมหานคร,ดอนเมือง,2,ห้องชุด/คอนโด,,,32.37,9881,7/11/2026 4:05
not_found,LandsMaps ไม่พบโฉนด,15557,10_05_184274,10,5,184274,กรุงเทพมหานคร,บางเขน,2,ห้องชุด/คอนโด,,,20.72,184274,7/11/2026 4:05
not_found,LandsMaps ไม่พบโฉนด,15558,10_36_3617,10,36,3617,กรุงเทพมหานคร,ดอนเมือง,2,ห้องชุด/คอนโด,,,26,"361,761,046,105",7/11/2026 4:05
not_found,LandsMaps ไม่พบโฉนด,15558,10_36_6104,10,36,6104,กรุงเทพมหานคร,ดอนเมือง,2,ห้องชุด/คอนโด,,,26,"361,761,046,105",7/11/2026 4:05
not_found,LandsMaps ไม่พบโฉนด,15558,10_36_6105,10,36,6105,กรุงเทพมหานคร,ดอนเมือง,2,ห้องชุด/คอนโด,,,26,"361,761,046,105",7/11/2026 4:05
not_found,LandsMaps ไม่พบโฉนด,15559,10_05_49142,10,5,49142,กรุงเทพมหานคร,บางเขน,2,ห้องชุด/คอนโด,,,23.99,"491,424,914,349,144",7/11/2026 4:05
not_found,LandsMaps ไม่พบโฉนด,15559,10_05_49143,10,5,49143,กรุงเทพมหานคร,บางเขน,2,ห้องชุด/คอนโด,,,23.99,"491,424,914,349,144",7/11/2026 4:05
not_found,LandsMaps ไม่พบโฉนด,15559,10_05_49144,10,5,49144,กรุงเทพมหานคร,บางเขน,2,ห้องชุด/คอนโด,,,23.99,"491,424,914,349,144",7/11/2026 4:05
not_found,LandsMaps ไม่พบโฉนด,15560,10_05_54670,10,5,54670,กรุงเทพมหานคร,บางเขน,2,ห้องชุด/คอนโด,,,25.375,54670,7/11/2026 4:05
not_found,LandsMaps ไม่พบโฉนด,15561,10_05_184277,10,5,184277,กรุงเทพมหานคร,บางเขน,2,ห้องชุด/คอนโด,,,20.37,184277,7/11/2026 4:05
not_found,LandsMaps ไม่พบโฉนด,15562,10_36_6106,10,36,6106,กรุงเทพมหานคร,ดอนเมือง,2,ห้องชุด/คอนโด,,,26.09,"610,661,076,108",7/11/2026 4:05
not_found,LandsMaps ไม่พบโฉนด,15562,10_36_6107,10,36,6107,กรุงเทพมหานคร,ดอนเมือง,2,ห้องชุด/คอนโด,,,26.09,"610,661,076,108",7/11/2026 4:05
not_found,LandsMaps ไม่พบโฉนด,15562,10_36_6108,10,36,6108,กรุงเทพมหานคร,ดอนเมือง,2,ห้องชุด/คอนโด,,,26.09,"610,661,076,108",7/11/2026 4:05
not_found,LandsMaps ไม่พบโฉนด,15563,10_05_162632,10,5,162632,กรุงเทพมหานคร,บางเขน,2,ห้องชุด/คอนโด,,,20.75,162632,7/11/2026 4:05
not_found,LandsMaps ไม่พบโฉนด,15564,10_42_25208,10,42,25208,กรุงเทพมหานคร,สายไหม,2,ห้องชุด/คอนโด,,,31.85,"2,520,825,214",7/11/2026 4:05
not_found,LandsMaps ไม่พบโฉนด,15564,10_42_25214,10,42,25214,กรุงเทพมหานคร,สายไหม,2,ห้องชุด/คอนโด,,,31.85,"2,520,825,214",7/11/2026 4:05
not_found,LandsMaps ไม่พบโฉนด,15565,10_36_28412,10,36,28412,กรุงเทพมหานคร,ดอนเมือง (ตลาดขวัญ),2,ห้องชุด/คอนโด,,,31.5,28412,7/11/2026 4:05
not_found,LandsMaps ไม่พบโฉนด,15566,10_36_133288,10,36,133288,กรุงเทพมหานคร,ดอนเมือง,2,ห้องชุด/คอนโด,,,26.09,133288,7/11/2026 4:05
not_found,LandsMaps ไม่พบโฉนด,15567,10_36_6106,10,36,6106,กรุงเทพมหานคร,ดอนเมือง,2,ห้องชุด/คอนโด,,,26.09,"6106, 6107, 6108",7/11/2026 4:05
not_found,LandsMaps ไม่พบโฉนด,15567,10_36_6107,10,36,6107,กรุงเทพมหานคร,ดอนเมือง,2,ห้องชุด/คอนโด,,,26.09,"6106, 6107, 6108",7/11/2026 4:05
not_found,LandsMaps ไม่พบโฉนด,15567,10_36_6108,10,36,6108,กรุงเทพมหานคร,ดอนเมือง,2,ห้องชุด/คอนโด,,,26.09,"6106, 6107, 6108",7/11/2026 4:05
not_found,LandsMaps ไม่พบโฉนด,15568,10_36_9881,10,36,9881,กรุงเทพมหานคร,ดอนเมือง,2,ห้องชุด/คอนโด,,,30.55,9881,7/11/2026 4:05
not_found,LandsMaps ไม่พบโฉนด,15569,10_05_109083,10,5,109083,กรุงเทพมหานคร,บางเขน(ตลาดขวัญ),2,ห้องชุด/คอนโด,,,24.293,109083,7/11/2026 4:05
not_found,LandsMaps ไม่พบโฉนด,15570,10_36_3617,10,36,3617,กรุงเทพมหานคร,ดอนเมือง,2,ห้องชุด/คอนโด,,,26,"3617, 6104, 6105",7/11/2026 4:05
not_found,LandsMaps ไม่พบโฉนด,15570,10_36_6104,10,36,6104,กรุงเทพมหานคร,ดอนเมือง,2,ห้องชุด/คอนโด,,,26,"3617, 6104, 6105",7/11/2026 4:05
not_found,LandsMaps ไม่พบโฉนด,15570,10_36_6105,10,36,6105,กรุงเทพมหานคร,ดอนเมือง,2,ห้องชุด/คอนโด,,,26,"3617, 6104, 6105",7/11/2026 4:05
not_found,LandsMaps ไม่พบโฉนด,15571,10_36_3617,10,36,3617,กรุงเทพมหานคร,ดอนเมือง,2,ห้องชุด/คอนโด,,,26,"361,761,046,105",7/11/2026 4:05
not_found,LandsMaps ไม่พบโฉนด,15571,10_36_6104,10,36,6104,กรุงเทพมหานคร,ดอนเมือง,2,ห้องชุด/คอนโด,,,26,"361,761,046,105",7/11/2026 4:05
not_found,LandsMaps ไม่พบโฉนด,15571,10_36_6105,10,36,6105,กรุงเทพมหานคร,ดอนเมือง,2,ห้องชุด/คอนโด,,,26,"361,761,046,105",7/11/2026 4:05
not_found,LandsMaps ไม่พบโฉนด,15572,10_05_17792,10,5,17792,กรุงเทพมหานคร,บางเขน,2,ห้องชุด/คอนโด,,,28.125,"17,792,165,081",7/11/2026 4:05
not_found,LandsMaps ไม่พบโฉนด,15572,10_05_165081,10,5,165081,กรุงเทพมหานคร,บางเขน,2,ห้องชุด/คอนโด,,,28.125,"17,792,165,081",7/11/2026 4:05
not_found,LandsMaps ไม่พบโฉนด,15573,10_05_116892,10,5,116892,กรุงเทพมหานคร,บางเขน(ตลาดขวัญ),3,ที่ดิน+สิ่งปลูกสร้าง,,,20,116892,7/11/2026 4:05
not_found,LandsMaps ไม่พบโฉนด,15574,10_05_180273,10,5,180273,กรุงเทพมหานคร,บางเขน,2,ห้องชุด/คอนโด,,,25.19,180273,7/11/2026 4:05
not_found,LandsMaps ไม่พบโฉนด,15575,10_42_25207,10,42,25207,กรุงเทพมหานคร,สายไหม,2,ห้องชุด/คอนโด,,,31.85,"2,520,725,212",7/11/2026 4:05
not_found,LandsMaps ไม่พบโฉนด,15575,10_42_25212,10,42,25212,กรุงเทพมหานคร,สายไหม,2,ห้องชุด/คอนโด,,,31.85,"2,520,725,212",7/11/2026 4:05
not_found,LandsMaps ไม่พบโฉนด,15576,10_36_9877,10,36,9877,กรุงเทพมหานคร,ดอนเมือง,2,ห้องชุด/คอนโด,,,32.31,9877,7/11/2026 4:05
not_found,LandsMaps ไม่พบโฉนด,15577,10_36_3617,10,36,3617,กรุงเทพมหานคร,ดอนเมือง,2,ห้องชุด/คอนโด,,,26,"361,761,046,105",7/11/2026 4:05
not_found,LandsMaps ไม่พบโฉนด,15577,10_36_6104,10,36,6104,กรุงเทพมหานคร,ดอนเมือง,2,ห้องชุด/คอนโด,,,26,"361,761,046,105",7/11/2026 4:05
not_found,LandsMaps ไม่พบโฉนด,15577,10_36_6105,10,36,6105,กรุงเทพมหานคร,ดอนเมือง,2,ห้องชุด/คอนโด,,,26,"361,761,046,105",7/11/2026 4:05
not_found,LandsMaps ไม่พบโฉนด,15578,10_36_18410,10,36,18410,กรุงเทพมหานคร,ดอนเมือง,2,ห้องชุด/คอนโด,,,25.98,18410,7/11/2026 4:05
not_found,LandsMaps ไม่พบโฉนด,15579,10_36_7417,10,36,7417,กรุงเทพมหานคร,ดอนเมือง,2,ห้องชุด/คอนโด,,,28.08,7417,7/11/2026 4:05
not_found,LandsMaps ไม่พบโฉนด,15580,10_41_5321,10,41,5321,กรุงเทพมหานคร,หลักสี่,2,ห้องชุด/คอนโด,,,22.98,5321,7/11/2026 4:05
not_found,LandsMaps ไม่พบโฉนด,15581,10_05_125601,10,5,125601,กรุงเทพมหานคร,บางเขน,3,ที่ดิน+สิ่งปลูกสร้าง,,,17.5,125601,7/11/2026 4:05
not_found,LandsMaps ไม่พบโฉนด,15582,10_42_34902,10,42,34902,กรุงเทพมหานคร,สายไหม,3,ที่ดิน+สิ่งปลูกสร้าง,,,18.7,34902,7/11/2026 4:05
not_found,LandsMaps ไม่พบโฉนด,15583,10_05_217284,10,5,217284,กรุงเทพมหานคร,บางเขน,2,ห้องชุด/คอนโด,,,29.25,"217,284,217,285",7/11/2026 4:05
not_found,LandsMaps ไม่พบโฉนด,15583,10_05_217285,10,5,217285,กรุงเทพมหานคร,บางเขน,2,ห้องชุด/คอนโด,,,29.25,"217,284,217,285",7/11/2026 4:05
not_found,LandsMaps ไม่พบโฉนด,15584,10_05_163885,10,5,163885,กรุงเทพมหานคร,บางเขน,2,ห้องชุด/คอนโด,,,30.28,163885,7/11/2026 4:05
not_found,LandsMaps ไม่พบโฉนด,15585,10_36_9050,10,36,9050,กรุงเทพมหานคร,ดอนเมือง,3,ที่ดิน+สิ่งปลูกสร้าง,,,17.2,9050,7/11/2026 4:05
not_found,LandsMaps ไม่พบโฉนด,15586,10_05_10301,10,5,10301,กรุงเทพมหานคร,บางเขน,2,ห้องชุด/คอนโด,,,30.24,"1,030,110,302",7/11/2026 4:05
not_found,LandsMaps ไม่พบโฉนด,15586,10_05_10302,10,5,10302,กรุงเทพมหานคร,บางเขน,2,ห้องชุด/คอนโด,,,30.24,"1,030,110,302",7/11/2026 4:05
not_found,LandsMaps ไม่พบโฉนด,15587,10_41_5318,10,41,5318,กรุงเทพมหานคร,หลักสี่,2,ห้องชุด/คอนโด,,,22.99,5318,7/11/2026 4:05
not_found,LandsMaps ไม่พบโฉนด,15588,10_36_28412,10,36,28412,กรุงเทพมหานคร,ดอนเมือง(ตลาดขวัญ),2,ห้องชุด/คอนโด,,,31.5,28412,7/11/2026 4:05
not_found,LandsMaps ไม่พบโฉนด,15589,10_05_8380,10,5,8380,กรุงเทพมหานคร,บางเขน,3,ที่ดิน+สิ่งปลูกสร้าง,,,49,8380,7/11/2026 4:05
not_found,LandsMaps ไม่พบโฉนด,15590,10_05_119331,10,5,119331,กรุงเทพมหานคร,บางเขน(ตลาดขวัญ),3,ที่ดิน+สิ่งปลูกสร้าง,,,96,119331,7/11/2026 4:05
not_found,LandsMaps ไม่พบโฉนด,15591,10_42_31777,10,42,31777,กรุงเทพมหานคร,สายไหม,2,ห้องชุด/คอนโด,,,26.67,"3,177,732,365",7/11/2026 4:05
not_found,LandsMaps ไม่พบโฉนด,15591,10_42_32365,10,42,32365,กรุงเทพมหานคร,สายไหม,2,ห้องชุด/คอนโด,,,26.67,"3,177,732,365",7/11/2026 4:05
not_found,LandsMaps ไม่พบโฉนด,15592,10_36_20278,10,36,20278,กรุงเทพมหานคร,ดอนเมือง,3,ที่ดิน+สิ่งปลูกสร้าง,,,52,20278,7/11/2026 4:05
not_found,LandsMaps ไม่พบโฉนด,15593,10_36_20193,10,36,20193,กรุงเทพมหานคร,ดอนเมือง,3,ที่ดิน+สิ่งปลูกสร้าง,,,32,20193,7/11/2026 4:05
not_found,LandsMaps ไม่พบโฉนด,15594,10_36_14017,10,36,14017,กรุงเทพมหานคร,ดอนเมือง,3,ที่ดิน+สิ่งปลูกสร้าง,,,29,14017,7/11/2026 4:05
not_found,LandsMaps ไม่พบโฉนด,15595,10_41_4920,10,41,4920,กรุงเทพมหานคร,หลักสี่,2,ห้องชุด/คอนโด,,,27.33,4920,7/11/2026 4:05
not_found,LandsMaps ไม่พบโฉนด,15596,10_42_31777,10,42,31777,กรุงเทพมหานคร,สายไหม,2,ห้องชุด/คอนโด,,,26.67,"3,177,732,365",7/11/2026 4:05
not_found,LandsMaps ไม่พบโฉนด,15596,10_42_32365,10,42,32365,กรุงเทพมหานคร,สายไหม,2,ห้องชุด/คอนโด,,,26.67,"3,177,732,365",7/11/2026 4:05
not_found,LandsMaps ไม่พบโฉนด,15597,10_42_29227,10,42,29227,กรุงเทพมหานคร,สายไหม,2,ห้องชุด/คอนโด,,,33.17,29227,7/11/2026 4:05
not_found,LandsMaps ไม่พบโฉนด,15598,10_05_97882,10,5,97882,กรุงเทพมหานคร,บางเขน (ตลาดขวัญ),3,ที่ดิน+สิ่งปลูกสร้าง,,,50,97882,7/11/2026 4:05
not_found,LandsMaps ไม่พบโฉนด,15599,10_05_6295,10,5,6295,กรุงเทพมหานคร,บางเขน,2,ห้องชุด/คอนโด,,,21.99,6295,7/11/2026 4:05
not_found,LandsMaps ไม่พบโฉนด,15600,10_05_14585,10,5,14585,กรุงเทพมหานคร,บางเขน (ตลาดขวัญ),2,ห้องชุด/คอนโด,,,28.21,"14585,16314-16322,16325-16333,106386-7,106391-106415",7/11/2026 4:05
not_found,LandsMaps ไม่พบโฉนด,15600,10_05_16314,10,5,16314,กรุงเทพมหานคร,บางเขน (ตลาดขวัญ),2,ห้องชุด/คอนโด,,,28.21,"14585,16314-16322,16325-16333,106386-7,106391-106415",7/11/2026 4:05
not_found,LandsMaps ไม่พบโฉนด,15600,10_05_16315,10,5,16315,กรุงเทพมหานคร,บางเขน (ตลาดขวัญ),2,ห้องชุด/คอนโด,,,28.21,"14585,16314-16322,16325-16333,106386-7,106391-106415",7/11/2026 4:05
not_found,LandsMaps ไม่พบโฉนด,15600,10_05_16316,10,5,16316,กรุงเทพมหานคร,บางเขน (ตลาดขวัญ),2,ห้องชุด/คอนโด,,,28.21,"14585,16314-16322,16325-16333,106386-7,106391-106415",7/11/2026 4:05
not_found,LandsMaps ไม่พบโฉนด,15600,10_05_16317,10,5,16317,กรุงเทพมหานคร,บางเขน (ตลาดขวัญ),2,ห้องชุด/คอนโด,,,28.21,"14585,16314-16322,16325-16333,106386-7,106391-106415",7/11/2026 4:05
not_found,LandsMaps ไม่พบโฉนด,15600,10_05_16318,10,5,16318,กรุงเทพมหานคร,บางเขน (ตลาดขวัญ),2,ห้องชุด/คอนโด,,,28.21,"14585,16314-16322,16325-16333,106386-7,106391-106415",7/11/2026 4:05
not_found,LandsMaps ไม่พบโฉนด,15600,10_05_16319,10,5,16319,กรุงเทพมหานคร,บางเขน (ตลาดขวัญ),2,ห้องชุด/คอนโด,,,28.21,"14585,16314-16322,16325-16333,106386-7,106391-106415",7/11/2026 4:05
not_found,LandsMaps ไม่พบโฉนด,15600,10_05_16320,10,5,16320,กรุงเทพมหานคร,บางเขน (ตลาดขวัญ),2,ห้องชุด/คอนโด,,,28.21,"14585,16314-16322,16325-16333,106386-7,106391-106415",7/11/2026 4:05
not_found,LandsMaps ไม่พบโฉนด,15600,10_05_16321,10,5,16321,กรุงเทพมหานคร,บางเขน (ตลาดขวัญ),2,ห้องชุด/คอนโด,,,28.21,"14585,16314-16322,16325-16333,106386-7,106391-106415",7/11/2026 4:05
not_found,LandsMaps ไม่พบโฉนด,15600,10_05_16322,10,5,16322,กรุงเทพมหานคร,บางเขน (ตลาดขวัญ),2,ห้องชุด/คอนโด,,,28.21,"14585,16314-16322,16325-16333,106386-7,106391-106415",7/11/2026 4:05
not_found,LandsMaps ไม่พบโฉนด,15600,10_05_16325,10,5,16325,กรุงเทพมหานคร,บางเขน (ตลาดขวัญ),2,ห้องชุด/คอนโด,,,28.21,"14585,16314-16322,16325-16333,106386-7,106391-106415",7/11/2026 4:06
not_found,LandsMaps ไม่พบโฉนด,15600,10_05_16326,10,5,16326,กรุงเทพมหานคร,บางเขน (ตลาดขวัญ),2,ห้องชุด/คอนโด,,,28.21,"14585,16314-16322,16325-16333,106386-7,106391-106415",7/11/2026 4:06
not_found,LandsMaps ไม่พบโฉนด,15600,10_05_16327,10,5,16327,กรุงเทพมหานคร,บางเขน (ตลาดขวัญ),2,ห้องชุด/คอนโด,,,28.21,"14585,16314-16322,16325-16333,106386-7,106391-106415",7/11/2026 4:06
not_found,LandsMaps ไม่พบโฉนด,15600,10_05_16328,10,5,16328,กรุงเทพมหานคร,บางเขน (ตลาดขวัญ),2,ห้องชุด/คอนโด,,,28.21,"14585,16314-16322,16325-16333,106386-7,106391-106415",7/11/2026 4:06
not_found,LandsMaps ไม่พบโฉนด,15600,10_05_16329,10,5,16329,กรุงเทพมหานคร,บางเขน (ตลาดขวัญ),2,ห้องชุด/คอนโด,,,28.21,"14585,16314-16322,16325-16333,106386-7,106391-106415",7/11/2026 4:06
not_found,LandsMaps ไม่พบโฉนด,15600,10_05_16330,10,5,16330,กรุงเทพมหานคร,บางเขน (ตลาดขวัญ),2,ห้องชุด/คอนโด,,,28.21,"14585,16314-16322,16325-16333,106386-7,106391-106415",7/11/2026 4:06
not_found,LandsMaps ไม่พบโฉนด,15600,10_05_16331,10,5,16331,กรุงเทพมหานคร,บางเขน (ตลาดขวัญ),2,ห้องชุด/คอนโด,,,28.21,"14585,16314-16322,16325-16333,106386-7,106391-106415",7/11/2026 4:06
not_found,LandsMaps ไม่พบโฉนด,15600,10_05_16332,10,5,16332,กรุงเทพมหานคร,บางเขน (ตลาดขวัญ),2,ห้องชุด/คอนโด,,,28.21,"14585,16314-16322,16325-16333,106386-7,106391-106415",7/11/2026 4:06
not_found,LandsMaps ไม่พบโฉนด,15600,10_05_16333,10,5,16333,กรุงเทพมหานคร,บางเขน (ตลาดขวัญ),2,ห้องชุด/คอนโด,,,28.21,"14585,16314-16322,16325-16333,106386-7,106391-106415",7/11/2026 4:06
not_found,LandsMaps ไม่พบโฉนด,15600,10_05_106386,10,5,106386,กรุงเทพมหานคร,บางเขน (ตลาดขวัญ),2,ห้องชุด/คอนโด,,,28.21,"14585,16314-16322,16325-16333,106386-7,106391-106415",7/11/2026 4:06
not_found,LandsMaps ไม่พบโฉนด,15600,10_05_106387,10,5,106387,กรุงเทพมหานคร,บางเขน (ตลาดขวัญ),2,ห้องชุด/คอนโด,,,28.21,"14585,16314-16322,16325-16333,106386-7,106391-106415",7/11/2026 4:06
not_found,LandsMaps ไม่พบโฉนด,15600,10_05_106391,10,5,106391,กรุงเทพมหานคร,บางเขน (ตลาดขวัญ),2,ห้องชุด/คอนโด,,,28.21,"14585,16314-16322,16325-16333,106386-7,106391-106415",7/11/2026 4:06
not_found,LandsMaps ไม่พบโฉนด,15600,10_05_106392,10,5,106392,กรุงเทพมหานคร,บางเขน (ตลาดขวัญ),2,ห้องชุด/คอนโด,,,28.21,"14585,16314-16322,16325-16333,106386-7,106391-106415",7/11/2026 4:06
not_found,LandsMaps ไม่พบโฉนด,15600,10_05_106393,10,5,106393,กรุงเทพมหานคร,บางเขน (ตลาดขวัญ),2,ห้องชุด/คอนโด,,,28.21,"14585,16314-16322,16325-16333,106386-7,106391-106415",7/11/2026 4:06
not_found,LandsMaps ไม่พบโฉนด,15600,10_05_106394,10,5,106394,กรุงเทพมหานคร,บางเขน (ตลาดขวัญ),2,ห้องชุด/คอนโด,,,28.21,"14585,16314-16322,16325-16333,106386-7,106391-106415",7/11/2026 4:06
not_found,LandsMaps ไม่พบโฉนด,15600,10_05_106395,10,5,106395,กรุงเทพมหานคร,บางเขน (ตลาดขวัญ),2,ห้องชุด/คอนโด,,,28.21,"14585,16314-16322,16325-16333,106386-7,106391-106415",7/11/2026 4:06
not_found,LandsMaps ไม่พบโฉนด,15600,10_05_106396,10,5,106396,กรุงเทพมหานคร,บางเขน (ตลาดขวัญ),2,ห้องชุด/คอนโด,,,28.21,"14585,16314-16322,16325-16333,106386-7,106391-106415",7/11/2026 4:06
not_found,LandsMaps ไม่พบโฉนด,15600,10_05_106397,10,5,106397,กรุงเทพมหานคร,บางเขน (ตลาดขวัญ),2,ห้องชุด/คอนโด,,,28.21,"14585,16314-16322,16325-16333,106386-7,106391-106415",7/11/2026 4:06
not_found,LandsMaps ไม่พบโฉนด,15600,10_05_106398,10,5,106398,กรุงเทพมหานคร,บางเขน (ตลาดขวัญ),2,ห้องชุด/คอนโด,,,28.21,"14585,16314-16322,16325-16333,106386-7,106391-106415",7/11/2026 4:06
not_found,LandsMaps ไม่พบโฉนด,15600,10_05_106399,10,5,106399,กรุงเทพมหานคร,บางเขน (ตลาดขวัญ),2,ห้องชุด/คอนโด,,,28.21,"14585,16314-16322,16325-16333,106386-7,106391-106415",7/11/2026 4:06
not_found,LandsMaps ไม่พบโฉนด,15600,10_05_106400,10,5,106400,กรุงเทพมหานคร,บางเขน (ตลาดขวัญ),2,ห้องชุด/คอนโด,,,28.21,"14585,16314-16322,16325-16333,106386-7,106391-106415",7/11/2026 4:06
not_found,LandsMaps ไม่พบโฉนด,15600,10_05_106401,10,5,106401,กรุงเทพมหานคร,บางเขน (ตลาดขวัญ),2,ห้องชุด/คอนโด,,,28.21,"14585,16314-16322,16325-16333,106386-7,106391-106415",7/11/2026 4:06
not_found,LandsMaps ไม่พบโฉนด,15600,10_05_106402,10,5,106402,กรุงเทพมหานคร,บางเขน (ตลาดขวัญ),2,ห้องชุด/คอนโด,,,28.21,"14585,16314-16322,16325-16333,106386-7,106391-106415",7/11/2026 4:06
not_found,LandsMaps ไม่พบโฉนด,15600,10_05_106403,10,5,106403,กรุงเทพมหานคร,บางเขน (ตลาดขวัญ),2,ห้องชุด/คอนโด,,,28.21,"14585,16314-16322,16325-16333,106386-7,106391-106415",7/11/2026 4:06
not_found,LandsMaps ไม่พบโฉนด,15600,10_05_106404,10,5,106404,กรุงเทพมหานคร,บางเขน (ตลาดขวัญ),2,ห้องชุด/คอนโด,,,28.21,"14585,16314-16322,16325-16333,106386-7,106391-106415",7/11/2026 4:06
not_found,LandsMaps ไม่พบโฉนด,15600,10_05_106405,10,5,106405,กรุงเทพมหานคร,บางเขน (ตลาดขวัญ),2,ห้องชุด/คอนโด,,,28.21,"14585,16314-16322,16325-16333,106386-7,106391-106415",7/11/2026 4:06
not_found,LandsMaps ไม่พบโฉนด,15600,10_05_106406,10,5,106406,กรุงเทพมหานคร,บางเขน (ตลาดขวัญ),2,ห้องชุด/คอนโด,,,28.21,"14585,16314-16322,16325-16333,106386-7,106391-106415",7/11/2026 4:06
not_found,LandsMaps ไม่พบโฉนด,15600,10_05_106407,10,5,106407,กรุงเทพมหานคร,บางเขน (ตลาดขวัญ),2,ห้องชุด/คอนโด,,,28.21,"14585,16314-16322,16325-16333,106386-7,106391-106415",7/11/2026 4:06
not_found,LandsMaps ไม่พบโฉนด,15600,10_05_106408,10,5,106408,กรุงเทพมหานคร,บางเขน (ตลาดขวัญ),2,ห้องชุด/คอนโด,,,28.21,"14585,16314-16322,16325-16333,106386-7,106391-106415",7/11/2026 4:06
not_found,LandsMaps ไม่พบโฉนด,15600,10_05_106409,10,5,106409,กรุงเทพมหานคร,บางเขน (ตลาดขวัญ),2,ห้องชุด/คอนโด,,,28.21,"14585,16314-16322,16325-16333,106386-7,106391-106415",7/11/2026 4:06
not_found,LandsMaps ไม่พบโฉนด,15600,10_05_106410,10,5,106410,กรุงเทพมหานคร,บางเขน (ตลาดขวัญ),2,ห้องชุด/คอนโด,,,28.21,"14585,16314-16322,16325-16333,106386-7,106391-106415",7/11/2026 4:06
not_found,LandsMaps ไม่พบโฉนด,15600,10_05_106411,10,5,106411,กรุงเทพมหานคร,บางเขน (ตลาดขวัญ),2,ห้องชุด/คอนโด,,,28.21,"14585,16314-16322,16325-16333,106386-7,106391-106415",7/11/2026 4:06
not_found,LandsMaps ไม่พบโฉนด,15600,10_05_106412,10,5,106412,กรุงเทพมหานคร,บางเขน (ตลาดขวัญ),2,ห้องชุด/คอนโด,,,28.21,"14585,16314-16322,16325-16333,106386-7,106391-106415",7/11/2026 4:06
not_found,LandsMaps ไม่พบโฉนด,15600,10_05_106413,10,5,106413,กรุงเทพมหานคร,บางเขน (ตลาดขวัญ),2,ห้องชุด/คอนโด,,,28.21,"14585,16314-16322,16325-16333,106386-7,106391-106415",7/11/2026 4:06
not_found,LandsMaps ไม่พบโฉนด,15600,10_05_106414,10,5,106414,กรุงเทพมหานคร,บางเขน (ตลาดขวัญ),2,ห้องชุด/คอนโด,,,28.21,"14585,16314-16322,16325-16333,106386-7,106391-106415",7/11/2026 4:06
not_found,LandsMaps ไม่พบโฉนด,15600,10_05_106415,10,5,106415,กรุงเทพมหานคร,บางเขน (ตลาดขวัญ),2,ห้องชุด/คอนโด,,,28.21,"14585,16314-16322,16325-16333,106386-7,106391-106415",7/11/2026 4:06
not_found,LandsMaps ไม่พบโฉนด,15601,10_42_1568,10,42,1568,กรุงเทพมหานคร,สายไหม,2,ห้องชุด/คอนโด,,,27.34,1568,7/11/2026 4:06
not_found,LandsMaps ไม่พบโฉนด,15602,10_42_34942,10,42,34942,กรุงเทพมหานคร,สายไหม,3,ที่ดิน+สิ่งปลูกสร้าง,,,28.7,34942,7/11/2026 4:06
not_found,LandsMaps ไม่พบโฉนด,15603,10_42_36449,10,42,36449,กรุงเทพมหานคร,สายไหม,2,ห้องชุด/คอนโด,,,23.53,"364,493,645,036,451,000,000,000,000,000,000,000,000,000,000",7/11/2026 4:06
not_found,LandsMaps ไม่พบโฉนด,15603,10_42_36450,10,42,36450,กรุงเทพมหานคร,สายไหม,2,ห้องชุด/คอนโด,,,23.53,"364,493,645,036,451,000,000,000,000,000,000,000,000,000,000",7/11/2026 4:06
not_found,LandsMaps ไม่พบโฉนด,15603,10_42_36451,10,42,36451,กรุงเทพมหานคร,สายไหม,2,ห้องชุด/คอนโด,,,23.53,"364,493,645,036,451,000,000,000,000,000,000,000,000,000,000",7/11/2026 4:06
not_found,LandsMaps ไม่พบโฉนด,15603,10_42_36452,10,42,36452,กรุงเทพมหานคร,สายไหม,2,ห้องชุด/คอนโด,,,23.53,"364,493,645,036,451,000,000,000,000,000,000,000,000,000,000",7/11/2026 4:06
not_found,LandsMaps ไม่พบโฉนด,15603,10_42_36453,10,42,36453,กรุงเทพมหานคร,สายไหม,2,ห้องชุด/คอนโด,,,23.53,"364,493,645,036,451,000,000,000,000,000,000,000,000,000,000",7/11/2026 4:06
not_found,LandsMaps ไม่พบโฉนด,15603,10_42_36454,10,42,36454,กรุงเทพมหานคร,สายไหม,2,ห้องชุด/คอนโด,,,23.53,"364,493,645,036,451,000,000,000,000,000,000,000,000,000,000",7/11/2026 4:06
not_found,LandsMaps ไม่พบโฉนด,15603,10_42_36455,10,42,36455,กรุงเทพมหานคร,สายไหม,2,ห้องชุด/คอนโด,,,23.53,"364,493,645,036,451,000,000,000,000,000,000,000,000,000,000",7/11/2026 4:06
not_found,LandsMaps ไม่พบโฉนด,15603,10_42_36456,10,42,36456,กรุงเทพมหานคร,สายไหม,2,ห้องชุด/คอนโด,,,23.53,"364,493,645,036,451,000,000,000,000,000,000,000,000,000,000",7/11/2026 4:06
not_found,LandsMaps ไม่พบโฉนด,15603,10_42_36457,10,42,36457,กรุงเทพมหานคร,สายไหม,2,ห้องชุด/คอนโด,,,23.53,"364,493,645,036,451,000,000,000,000,000,000,000,000,000,000",7/11/2026 4:06
not_found,LandsMaps ไม่พบโฉนด,15605,10_05_173616,10,5,173616,กรุงเทพมหานคร,บางเขน,2,ห้องชุด/คอนโด,,,25.79,"173,616,212,044,212,000,000,000",7/11/2026 4:06
not_found,LandsMaps ไม่พบโฉนด,15605,10_05_212044,10,5,212044,กรุงเทพมหานคร,บางเขน,2,ห้องชุด/คอนโด,,,25.79,"173,616,212,044,212,000,000,000",7/11/2026 4:06
not_found,LandsMaps ไม่พบโฉนด,15605,10_05_212045,10,5,212045,กรุงเทพมหานคร,บางเขน,2,ห้องชุด/คอนโด,,,25.79,"173,616,212,044,212,000,000,000",7/11/2026 4:06
not_found,LandsMaps ไม่พบโฉนด,15605,10_05_212046,10,5,212046,กรุงเทพมหานคร,บางเขน,2,ห้องชุด/คอนโด,,,25.79,"173,616,212,044,212,000,000,000",7/11/2026 4:06
not_found,LandsMaps ไม่พบโฉนด,15606,10_42_34890,10,42,34890,กรุงเทพมหานคร,สายไหม,3,ที่ดิน+สิ่งปลูกสร้าง,,,23.9,34890,7/11/2026 4:06
not_found,LandsMaps ไม่พบโฉนด,15607,10_05_2363,10,5,2363,กรุงเทพมหานคร,บางเขน,2,ห้องชุด/คอนโด,,,53.76,2363,7/11/2026 4:06
not_found,LandsMaps ไม่พบโฉนด,15608,10_05_38042,10,5,38042,กรุงเทพมหานคร,บางเขน,3,ที่ดิน+สิ่งปลูกสร้าง,,,20,38042,7/11/2026 4:06
not_found,LandsMaps ไม่พบโฉนด,15609,10_36_27564,10,36,27564,กรุงเทพมหานคร,ดอนเมือง,2,ห้องชุด/คอนโด,,,25.15,27564,7/11/2026 4:06
not_found,LandsMaps ไม่พบโฉนด,15610,10_42_20157,10,42,20157,กรุงเทพมหานคร,สายไหม,3,ที่ดิน+สิ่งปลูกสร้าง,,,32.9,20157,7/11/2026 4:06
not_found,LandsMaps ไม่พบโฉนด,15611,10_36_43178,10,36,43178,กรุงเทพมหานคร,ดอนเมือง,3,ที่ดิน+สิ่งปลูกสร้าง,,,18,43178,7/11/2026 4:06
not_found,LandsMaps ไม่พบโฉนด,15612,10_05_217283,10,5,217283,กรุงเทพมหานคร,บางเขน,2,ห้องชุด/คอนโด,,,29.98,"217,283,219,381",7/11/2026 4:06
not_found,LandsMaps ไม่พบโฉนด,15612,10_05_219381,10,5,219381,กรุงเทพมหานคร,บางเขน,2,ห้องชุด/คอนโด,,,29.98,"217,283,219,381",7/11/2026 4:06
not_found,LandsMaps ไม่พบโฉนด,15613,10_42_36449,10,42,36449,กรุงเทพมหานคร,สายไหม,2,ห้องชุด/คอนโด,,,23.53,"364,493,645,036,451,000,000,000,000,000,000,000,000,000,000",7/11/2026 4:06
not_found,LandsMaps ไม่พบโฉนด,15613,10_42_36450,10,42,36450,กรุงเทพมหานคร,สายไหม,2,ห้องชุด/คอนโด,,,23.53,"364,493,645,036,451,000,000,000,000,000,000,000,000,000,000",7/11/2026 4:06
not_found,LandsMaps ไม่พบโฉนด,15613,10_42_36451,10,42,36451,กรุงเทพมหานคร,สายไหม,2,ห้องชุด/คอนโด,,,23.53,"364,493,645,036,451,000,000,000,000,000,000,000,000,000,000",7/11/2026 4:06
not_found,LandsMaps ไม่พบโฉนด,15613,10_42_36452,10,42,36452,กรุงเทพมหานคร,สายไหม,2,ห้องชุด/คอนโด,,,23.53,"364,493,645,036,451,000,000,000,000,000,000,000,000,000,000",7/11/2026 4:06
not_found,LandsMaps ไม่พบโฉนด,15613,10_42_36453,10,42,36453,กรุงเทพมหานคร,สายไหม,2,ห้องชุด/คอนโด,,,23.53,"364,493,645,036,451,000,000,000,000,000,000,000,000,000,000",7/11/2026 4:06
not_found,LandsMaps ไม่พบโฉนด,15613,10_42_36454,10,42,36454,กรุงเทพมหานคร,สายไหม,2,ห้องชุด/คอนโด,,,23.53,"364,493,645,036,451,000,000,000,000,000,000,000,000,000,000",7/11/2026 4:06
not_found,LandsMaps ไม่พบโฉนด,15613,10_42_36455,10,42,36455,กรุงเทพมหานคร,สายไหม,2,ห้องชุด/คอนโด,,,23.53,"364,493,645,036,451,000,000,000,000,000,000,000,000,000,000",7/11/2026 4:06
not_found,LandsMaps ไม่พบโฉนด,15613,10_42_36456,10,42,36456,กรุงเทพมหานคร,สายไหม,2,ห้องชุด/คอนโด,,,23.53,"364,493,645,036,451,000,000,000,000,000,000,000,000,000,000",7/11/2026 4:06
not_found,LandsMaps ไม่พบโฉนด,15613,10_42_36457,10,42,36457,กรุงเทพมหานคร,สายไหม,2,ห้องชุด/คอนโด,,,23.53,"364,493,645,036,451,000,000,000,000,000,000,000,000,000,000",7/11/2026 4:06
not_found,LandsMaps ไม่พบโฉนด,15614,10_41_5321,10,41,5321,กรุงเทพมหานคร,หลักสี่,2,ห้องชุด/คอนโด,,,26.48,5321,7/11/2026 4:06
not_found,LandsMaps ไม่พบโฉนด,15615,10_05_14585,10,5,14585,กรุงเทพมหานคร,บางเขน,2,ห้องชุด/คอนโด,,,28.21,"14585,16314-16322,16325-16333,106386-106387ฯ",7/11/2026 4:06
not_found,LandsMaps ไม่พบโฉนด,15615,10_05_16314,10,5,16314,กรุงเทพมหานคร,บางเขน,2,ห้องชุด/คอนโด,,,28.21,"14585,16314-16322,16325-16333,106386-106387ฯ",7/11/2026 4:06
not_found,LandsMaps ไม่พบโฉนด,15615,10_05_16315,10,5,16315,กรุงเทพมหานคร,บางเขน,2,ห้องชุด/คอนโด,,,28.21,"14585,16314-16322,16325-16333,106386-106387ฯ",7/11/2026 4:06
not_found,LandsMaps ไม่พบโฉนด,15615,10_05_16316,10,5,16316,กรุงเทพมหานคร,บางเขน,2,ห้องชุด/คอนโด,,,28.21,"14585,16314-16322,16325-16333,106386-106387ฯ",7/11/2026 4:06
not_found,LandsMaps ไม่พบโฉนด,15615,10_05_16317,10,5,16317,กรุงเทพมหานคร,บางเขน,2,ห้องชุด/คอนโด,,,28.21,"14585,16314-16322,16325-16333,106386-106387ฯ",7/11/2026 4:06
not_found,LandsMaps ไม่พบโฉนด,15615,10_05_16318,10,5,16318,กรุงเทพมหานคร,บางเขน,2,ห้องชุด/คอนโด,,,28.21,"14585,16314-16322,16325-16333,106386-106387ฯ",7/11/2026 4:06
not_found,LandsMaps ไม่พบโฉนด,15615,10_05_16319,10,5,16319,กรุงเทพมหานคร,บางเขน,2,ห้องชุด/คอนโด,,,28.21,"14585,16314-16322,16325-16333,106386-106387ฯ",7/11/2026 4:06
not_found,LandsMaps ไม่พบโฉนด,15615,10_05_16320,10,5,16320,กรุงเทพมหานคร,บางเขน,2,ห้องชุด/คอนโด,,,28.21,"14585,16314-16322,16325-16333,106386-106387ฯ",7/11/2026 4:06
not_found,LandsMaps ไม่พบโฉนด,15615,10_05_16321,10,5,16321,กรุงเทพมหานคร,บางเขน,2,ห้องชุด/คอนโด,,,28.21,"14585,16314-16322,16325-16333,106386-106387ฯ",7/11/2026 4:06
not_found,LandsMaps ไม่พบโฉนด,15615,10_05_16322,10,5,16322,กรุงเทพมหานคร,บางเขน,2,ห้องชุด/คอนโด,,,28.21,"14585,16314-16322,16325-16333,106386-106387ฯ",7/11/2026 4:06
not_found,LandsMaps ไม่พบโฉนด,15615,10_05_16325,10,5,16325,กรุงเทพมหานคร,บางเขน,2,ห้องชุด/คอนโด,,,28.21,"14585,16314-16322,16325-16333,106386-106387ฯ",7/11/2026 4:06
not_found,LandsMaps ไม่พบโฉนด,15615,10_05_16326,10,5,16326,กรุงเทพมหานคร,บางเขน,2,ห้องชุด/คอนโด,,,28.21,"14585,16314-16322,16325-16333,106386-106387ฯ",7/11/2026 4:06
not_found,LandsMaps ไม่พบโฉนด,15615,10_05_16327,10,5,16327,กรุงเทพมหานคร,บางเขน,2,ห้องชุด/คอนโด,,,28.21,"14585,16314-16322,16325-16333,106386-106387ฯ",7/11/2026 4:06
not_found,LandsMaps ไม่พบโฉนด,15615,10_05_16328,10,5,16328,กรุงเทพมหานคร,บางเขน,2,ห้องชุด/คอนโด,,,28.21,"14585,16314-16322,16325-16333,106386-106387ฯ",7/11/2026 4:06
not_found,LandsMaps ไม่พบโฉนด,15615,10_05_16329,10,5,16329,กรุงเทพมหานคร,บางเขน,2,ห้องชุด/คอนโด,,,28.21,"14585,16314-16322,16325-16333,106386-106387ฯ",7/11/2026 4:06
not_found,LandsMaps ไม่พบโฉนด,15615,10_05_16330,10,5,16330,กรุงเทพมหานคร,บางเขน,2,ห้องชุด/คอนโด,,,28.21,"14585,16314-16322,16325-16333,106386-106387ฯ",7/11/2026 4:06
not_found,LandsMaps ไม่พบโฉนด,15615,10_05_16331,10,5,16331,กรุงเทพมหานคร,บางเขน,2,ห้องชุด/คอนโด,,,28.21,"14585,16314-16322,16325-16333,106386-106387ฯ",7/11/2026 4:06
not_found,LandsMaps ไม่พบโฉนด,15615,10_05_16332,10,5,16332,กรุงเทพมหานคร,บางเขน,2,ห้องชุด/คอนโด,,,28.21,"14585,16314-16322,16325-16333,106386-106387ฯ",7/11/2026 4:06
not_found,LandsMaps ไม่พบโฉนด,15615,10_05_16333,10,5,16333,กรุงเทพมหานคร,บางเขน,2,ห้องชุด/คอนโด,,,28.21,"14585,16314-16322,16325-16333,106386-106387ฯ",7/11/2026 4:06
not_found,LandsMaps ไม่พบโฉนด,15615,10_05_106386,10,5,106386,กรุงเทพมหานคร,บางเขน,2,ห้องชุด/คอนโด,,,28.21,"14585,16314-16322,16325-16333,106386-106387ฯ",7/11/2026 4:06
not_found,LandsMaps ไม่พบโฉนด,15615,10_05_106387,10,5,106387,กรุงเทพมหานคร,บางเขน,2,ห้องชุด/คอนโด,,,28.21,"14585,16314-16322,16325-16333,106386-106387ฯ",7/11/2026 4:07
not_found,LandsMaps ไม่พบโฉนด,15616,10_36_4430,10,36,4430,กรุงเทพมหานคร,ดอนเมือง,3,ที่ดิน+สิ่งปลูกสร้าง,,,27.7,4430,7/11/2026 4:07
not_found,LandsMaps ไม่พบโฉนด,15617,10_36_25000,10,36,25000,กรุงเทพมหานคร,ดอนเมือง,3,ที่ดิน+สิ่งปลูกสร้าง,,,18.8,25000,7/11/2026 4:07
not_found,LandsMaps ไม่พบโฉนด,15619,10_05_22085,10,5,22085,กรุงเทพมหานคร,บางเขน,2,ห้องชุด/คอนโด,,,32.11,"22085, 22086, 22087",7/11/2026 4:07
not_found,LandsMaps ไม่พบโฉนด,15619,10_05_22086,10,5,22086,กรุงเทพมหานคร,บางเขน,2,ห้องชุด/คอนโด,,,32.11,"22085, 22086, 22087",7/11/2026 4:07
not_found,LandsMaps ไม่พบโฉนด,15619,10_05_22087,10,5,22087,กรุงเทพมหานคร,บางเขน,2,ห้องชุด/คอนโด,,,32.11,"22085, 22086, 22087",7/11/2026 4:07
not_found,LandsMaps ไม่พบโฉนด,15620,10_05_180003,10,5,180003,กรุงเทพมหานคร,บางเขน,2,ห้องชุด/คอนโด,,,20.54,"180003, 181551",7/11/2026 4:07
not_found,LandsMaps ไม่พบโฉนด,15620,10_05_181551,10,5,181551,กรุงเทพมหานคร,บางเขน,2,ห้องชุด/คอนโด,,,20.54,"180003, 181551",7/11/2026 4:07
not_found,LandsMaps ไม่พบโฉนด,15621,10_05_191999,10,5,191999,กรุงเทพมหานคร,บางเขน,2,ห้องชุด/คอนโด,,,20.37,191999,7/11/2026 4:07
not_found,LandsMaps ไม่พบโฉนด,15622,10_05_180006,10,5,180006,กรุงเทพมหานคร,บางเขน,2,ห้องชุด/คอนโด,,,20.69,"180,006,180,007,180,000",7/11/2026 4:07
not_found,LandsMaps ไม่พบโฉนด,15622,10_05_180007,10,5,180007,กรุงเทพมหานคร,บางเขน,2,ห้องชุด/คอนโด,,,20.69,"180,006,180,007,180,000",7/11/2026 4:07
not_found,LandsMaps ไม่พบโฉนด,15622,10_05_180276,10,5,180276,กรุงเทพมหานคร,บางเขน,2,ห้องชุด/คอนโด,,,20.69,"180,006,180,007,180,000",7/11/2026 4:07
not_found,LandsMaps ไม่พบโฉนด,15623,10_36_6115,10,36,6115,กรุงเทพมหานคร,ดอนเมือง,2,ห้องชุด/คอนโด,,,26.09,"6115, 6116, 6118",7/11/2026 4:07
not_found,LandsMaps ไม่พบโฉนด,15623,10_36_6116,10,36,6116,กรุงเทพมหานคร,ดอนเมือง,2,ห้องชุด/คอนโด,,,26.09,"6115, 6116, 6118",7/11/2026 4:07
not_found,LandsMaps ไม่พบโฉนด,15623,10_36_6118,10,36,6118,กรุงเทพมหานคร,ดอนเมือง,2,ห้องชุด/คอนโด,,,26.09,"6115, 6116, 6118",7/11/2026 4:07
not_found,LandsMaps ไม่พบโฉนด,15624,10_36_7417,10,36,7417,กรุงเทพมหานคร,ดอนเมือง,2,ห้องชุด/คอนโด,,,28.37,7417,7/11/2026 4:07
not_found,LandsMaps ไม่พบโฉนด,15625,10_05_163881,10,5,163881,กรุงเทพมหานคร,บางเขน,2,ห้องชุด/คอนโด,,,28,163881,7/11/2026 4:07
not_found,LandsMaps ไม่พบโฉนด,15626,10_36_131131,10,36,131131,กรุงเทพมหานคร,ดอนเมือง,2,ห้องชุด/คอนโด,,,26.25,131131,7/11/2026 4:07
not_found,LandsMaps ไม่พบโฉนด,15627,10_36_3617,10,36,3617,กรุงเทพมหานคร,ดอนเมือง,2,ห้องชุด/คอนโด,,,26,"361,761,046,105",7/11/2026 4:07
not_found,LandsMaps ไม่พบโฉนด,15627,10_36_6104,10,36,6104,กรุงเทพมหานคร,ดอนเมือง,2,ห้องชุด/คอนโด,,,26,"361,761,046,105",7/11/2026 4:07
not_found,LandsMaps ไม่พบโฉนด,15627,10_36_6105,10,36,6105,กรุงเทพมหานคร,ดอนเมือง,2,ห้องชุด/คอนโด,,,26,"361,761,046,105",7/11/2026 4:07
not_found,LandsMaps ไม่พบโฉนด,15628,10_36_406,10,36,406,กรุงเทพมหานคร,ดอนเมือง,2,ห้องชุด/คอนโด,,,23.61,406,7/11/2026 4:07
not_found,LandsMaps ไม่พบโฉนด,15629,10_36_6106,10,36,6106,กรุงเทพมหานคร,ดอนเมือง,2,ห้องชุด/คอนโด,,,26.09,"610,661,076,108",7/11/2026 4:07
not_found,LandsMaps ไม่พบโฉนด,15629,10_36_6107,10,36,6107,กรุงเทพมหานคร,ดอนเมือง,2,ห้องชุด/คอนโด,,,26.09,"610,661,076,108",7/11/2026 4:07
not_found,LandsMaps ไม่พบโฉนด,15629,10_36_6108,10,36,6108,กรุงเทพมหานคร,ดอนเมือง,2,ห้องชุด/คอนโด,,,26.09,"610,661,076,108",7/11/2026 4:07
not_found,LandsMaps ไม่พบโฉนด,15630,10_05_162630,10,5,162630,กรุงเทพมหานคร,บางเขน,2,ห้องชุด/คอนโด,,,20.68,162630,7/11/2026 4:07
not_found,LandsMaps ไม่พบโฉนด,15631,10_41_7420,10,41,7420,กรุงเทพมหานคร,หลักสี่,2,ห้องชุด/คอนโด,,,28.29,7420,7/11/2026 4:07
not_found,LandsMaps ไม่พบโฉนด,15632,10_36_8925,10,36,8925,กรุงเทพมหานคร,ดอนเมือง,3,ที่ดิน+สิ่งปลูกสร้าง,,,17.4,8925,7/11/2026 4:07
not_found,LandsMaps ไม่พบโฉนด,15633,10_05_192005,10,5,192005,กรุงเทพมหานคร,บางเขน,2,ห้องชุด/คอนโด,,,20.72,192005,7/11/2026 4:07
not_found,LandsMaps ไม่พบโฉนด,15634,10_05_192000,10,5,192000,กรุงเทพมหานคร,บางเขน,2,ห้องชุด/คอนโด,,,20.37,"192,000,184,279",7/11/2026 4:07
not_found,LandsMaps ไม่พบโฉนด,15634,10_05_184279,10,5,184279,กรุงเทพมหานคร,บางเขน,2,ห้องชุด/คอนโด,,,20.37,"192,000,184,279",7/11/2026 4:07
not_found,LandsMaps ไม่พบโฉนด,15635,10_42_25207,10,42,25207,กรุงเทพมหานคร,สายไหม,2,ห้องชุด/คอนโด,,,31.85,"2,520,725,212",7/11/2026 4:07
not_found,LandsMaps ไม่พบโฉนด,15635,10_42_25212,10,42,25212,กรุงเทพมหานคร,สายไหม,2,ห้องชุด/คอนโด,,,31.85,"2,520,725,212",7/11/2026 4:07
not_found,LandsMaps ไม่พบโฉนด,15636,10_42_25208,10,42,25208,กรุงเทพมหานคร,สายไหม,2,ห้องชุด/คอนโด,,,31.85,"2,520,825,214",7/11/2026 4:07
not_found,LandsMaps ไม่พบโฉนด,15636,10_42_25214,10,42,25214,กรุงเทพมหานคร,สายไหม,2,ห้องชุด/คอนโด,,,31.85,"2,520,825,214",7/11/2026 4:07
not_found,LandsMaps ไม่พบโฉนด,15637,10_05_135021,10,5,135021,กรุงเทพมหานคร,บางเขน,3,ที่ดิน+สิ่งปลูกสร้าง,,,18,135021,7/11/2026 4:07
not_found,LandsMaps ไม่พบโฉนด,15638,10_36_27564,10,36,27564,กรุงเทพมหานคร,ดอนเมือง,2,ห้องชุด/คอนโด,,,25.15,27564,7/11/2026 4:07
not_found,LandsMaps ไม่พบโฉนด,15639,10_05_163885,10,5,163885,กรุงเทพมหานคร,บางเขน,2,ห้องชุด/คอนโด,,,30.28,163885,7/11/2026 4:07
not_found,LandsMaps ไม่พบโฉนด,15640,10_42_32337,10,42,32337,กรุงเทพมหานคร,สายไหม,3,ที่ดิน+สิ่งปลูกสร้าง,,,17.2,32337,7/11/2026 4:07
not_found,LandsMaps ไม่พบโฉนด,15641,10_42_32338,10,42,32338,กรุงเทพมหานคร,สายไหม,3,ที่ดิน+สิ่งปลูกสร้าง,,,23.4,32338,7/11/2026 4:07
not_found,LandsMaps ไม่พบโฉนด,15642,10_05_14585,10,5,14585,กรุงเทพมหานคร,บางเขน(ตลาดขวัญ),2,ห้องชุด/คอนโด,,,28.84,"14585,16314-16322,16325-16333,106386-106387ฯ",7/11/2026 4:07
not_found,LandsMaps ไม่พบโฉนด,15642,10_05_16314,10,5,16314,กรุงเทพมหานคร,บางเขน(ตลาดขวัญ),2,ห้องชุด/คอนโด,,,28.84,"14585,16314-16322,16325-16333,106386-106387ฯ",7/11/2026 4:07
not_found,LandsMaps ไม่พบโฉนด,15642,10_05_16315,10,5,16315,กรุงเทพมหานคร,บางเขน(ตลาดขวัญ),2,ห้องชุด/คอนโด,,,28.84,"14585,16314-16322,16325-16333,106386-106387ฯ",7/11/2026 4:07
not_found,LandsMaps ไม่พบโฉนด,15642,10_05_16316,10,5,16316,กรุงเทพมหานคร,บางเขน(ตลาดขวัญ),2,ห้องชุด/คอนโด,,,28.84,"14585,16314-16322,16325-16333,106386-106387ฯ",7/11/2026 4:07
not_found,LandsMaps ไม่พบโฉนด,15642,10_05_16317,10,5,16317,กรุงเทพมหานคร,บางเขน(ตลาดขวัญ),2,ห้องชุด/คอนโด,,,28.84,"14585,16314-16322,16325-16333,106386-106387ฯ",7/11/2026 4:07
not_found,LandsMaps ไม่พบโฉนด,15642,10_05_16318,10,5,16318,กรุงเทพมหานคร,บางเขน(ตลาดขวัญ),2,ห้องชุด/คอนโด,,,28.84,"14585,16314-16322,16325-16333,106386-106387ฯ",7/11/2026 4:07
not_found,LandsMaps ไม่พบโฉนด,15642,10_05_16319,10,5,16319,กรุงเทพมหานคร,บางเขน(ตลาดขวัญ),2,ห้องชุด/คอนโด,,,28.84,"14585,16314-16322,16325-16333,106386-106387ฯ",7/11/2026 4:07
not_found,LandsMaps ไม่พบโฉนด,15642,10_05_16320,10,5,16320,กรุงเทพมหานคร,บางเขน(ตลาดขวัญ),2,ห้องชุด/คอนโด,,,28.84,"14585,16314-16322,16325-16333,106386-106387ฯ",7/11/2026 4:07
not_found,LandsMaps ไม่พบโฉนด,15642,10_05_16321,10,5,16321,กรุงเทพมหานคร,บางเขน(ตลาดขวัญ),2,ห้องชุด/คอนโด,,,28.84,"14585,16314-16322,16325-16333,106386-106387ฯ",7/11/2026 4:07
not_found,LandsMaps ไม่พบโฉนด,15642,10_05_16322,10,5,16322,กรุงเทพมหานคร,บางเขน(ตลาดขวัญ),2,ห้องชุด/คอนโด,,,28.84,"14585,16314-16322,16325-16333,106386-106387ฯ",7/11/2026 4:07
not_found,LandsMaps ไม่พบโฉนด,15642,10_05_16325,10,5,16325,กรุงเทพมหานคร,บางเขน(ตลาดขวัญ),2,ห้องชุด/คอนโด,,,28.84,"14585,16314-16322,16325-16333,106386-106387ฯ",7/11/2026 4:07
not_found,LandsMaps ไม่พบโฉนด,15642,10_05_16326,10,5,16326,กรุงเทพมหานคร,บางเขน(ตลาดขวัญ),2,ห้องชุด/คอนโด,,,28.84,"14585,16314-16322,16325-16333,106386-106387ฯ",7/11/2026 4:07
not_found,LandsMaps ไม่พบโฉนด,15642,10_05_16327,10,5,16327,กรุงเทพมหานคร,บางเขน(ตลาดขวัญ),2,ห้องชุด/คอนโด,,,28.84,"14585,16314-16322,16325-16333,106386-106387ฯ",7/11/2026 4:07
not_found,LandsMaps ไม่พบโฉนด,15642,10_05_16328,10,5,16328,กรุงเทพมหานคร,บางเขน(ตลาดขวัญ),2,ห้องชุด/คอนโด,,,28.84,"14585,16314-16322,16325-16333,106386-106387ฯ",7/11/2026 4:07
not_found,LandsMaps ไม่พบโฉนด,15642,10_05_16329,10,5,16329,กรุงเทพมหานคร,บางเขน(ตลาดขวัญ),2,ห้องชุด/คอนโด,,,28.84,"14585,16314-16322,16325-16333,106386-106387ฯ",7/11/2026 4:07
not_found,LandsMaps ไม่พบโฉนด,15642,10_05_16330,10,5,16330,กรุงเทพมหานคร,บางเขน(ตลาดขวัญ),2,ห้องชุด/คอนโด,,,28.84,"14585,16314-16322,16325-16333,106386-106387ฯ",7/11/2026 4:07
not_found,LandsMaps ไม่พบโฉนด,15642,10_05_16331,10,5,16331,กรุงเทพมหานคร,บางเขน(ตลาดขวัญ),2,ห้องชุด/คอนโด,,,28.84,"14585,16314-16322,16325-16333,106386-106387ฯ",7/11/2026 4:07
not_found,LandsMaps ไม่พบโฉนด,15642,10_05_16332,10,5,16332,กรุงเทพมหานคร,บางเขน(ตลาดขวัญ),2,ห้องชุด/คอนโด,,,28.84,"14585,16314-16322,16325-16333,106386-106387ฯ",7/11/2026 4:07
not_found,LandsMaps ไม่พบโฉนด,15642,10_05_16333,10,5,16333,กรุงเทพมหานคร,บางเขน(ตลาดขวัญ),2,ห้องชุด/คอนโด,,,28.84,"14585,16314-16322,16325-16333,106386-106387ฯ",7/11/2026 4:07
not_found,LandsMaps ไม่พบโฉนด,15642,10_05_106386,10,5,106386,กรุงเทพมหานคร,บางเขน(ตลาดขวัญ),2,ห้องชุด/คอนโด,,,28.84,"14585,16314-16322,16325-16333,106386-106387ฯ",7/11/2026 4:07
not_found,LandsMaps ไม่พบโฉนด,15642,10_05_106387,10,5,106387,กรุงเทพมหานคร,บางเขน(ตลาดขวัญ),2,ห้องชุด/คอนโด,,,28.84,"14585,16314-16322,16325-16333,106386-106387ฯ",7/11/2026 4:07
not_found,LandsMaps ไม่พบโฉนด,15643,10_05_163885,10,5,163885,กรุงเทพมหานคร,บางเขน,2,ห้องชุด/คอนโด,,,26.39,163885,7/11/2026 4:07
not_found,LandsMaps ไม่พบโฉนด,15644,10_24_55544,10,24,55544,กรุงเทพมหานคร,ราษฎร์บูรณะ,3,ที่ดิน+สิ่งปลูกสร้าง,,,28.1,55544,7/11/2026 4:07
not_found,LandsMaps ไม่พบโฉนด,15645,10_24_55545,10,24,55545,กรุงเทพมหานคร,ราษฎร์บูรณะ,3,ที่ดิน+สิ่งปลูกสร้าง,,,28.1,55545,7/11/2026 4:07
not_found,LandsMaps ไม่พบโฉนด,15646,10_42_43534,10,42,43534,กรุงเทพมหานคร,สายไหม,3,ที่ดิน+สิ่งปลูกสร้าง,,,16.9,43534,7/11/2026 4:07
not_found,LandsMaps ไม่พบโฉนด,15647,10_05_114788,10,5,114788,กรุงเทพมหานคร,บางเขน(ตลาดขวัญ),3,ที่ดิน+สิ่งปลูกสร้าง,,,60,114788,7/11/2026 4:07
not_found,LandsMaps ไม่พบโฉนด,15648,10_05_2388,10,5,2388,กรุงเทพมหานคร,บางเขน,2,ห้องชุด/คอนโด,,,35.75,2388,7/11/2026 4:07
not_found,LandsMaps ไม่พบโฉนด,15649,10_42_34906,10,42,34906,กรุงเทพมหานคร,สายไหม,3,ที่ดิน+สิ่งปลูกสร้าง,,,18.7,34906,7/11/2026 4:07
not_found,LandsMaps ไม่พบโฉนด,15650,10_36_11874,10,36,11874,กรุงเทพมหานคร,ดอนเมือง,3,ที่ดิน+สิ่งปลูกสร้าง,,,36.2,11874,7/11/2026 4:07
not_found,LandsMaps ไม่พบโฉนด,15651,10_05_579,10,5,579,กรุงเทพมหานคร,บางเขน,2,ห้องชุด/คอนโด,,,24.43,"57,928,378,224,002,200,000,000,000,000,000",7/11/2026 4:07
not_found,LandsMaps ไม่พบโฉนด,15651,10_05_28378,10,5,28378,กรุงเทพมหานคร,บางเขน,2,ห้องชุด/คอนโด,,,24.43,"57,928,378,224,002,200,000,000,000,000,000",7/11/2026 4:07
not_found,LandsMaps ไม่พบโฉนด,15651,10_05_224002,10,5,224002,กรุงเทพมหานคร,บางเขน,2,ห้องชุด/คอนโด,,,24.43,"57,928,378,224,002,200,000,000,000,000,000",7/11/2026 4:07
not_found,LandsMaps ไม่พบโฉนด,15651,10_05_224003,10,5,224003,กรุงเทพมหานคร,บางเขน,2,ห้องชุด/คอนโด,,,24.43,"57,928,378,224,002,200,000,000,000,000,000",7/11/2026 4:07
not_found,LandsMaps ไม่พบโฉนด,15651,10_05_224004,10,5,224004,กรุงเทพมหานคร,บางเขน,2,ห้องชุด/คอนโด,,,24.43,"57,928,378,224,002,200,000,000,000,000,000",7/11/2026 4:07
not_found,LandsMaps ไม่พบโฉนด,15651,10_05_224005,10,5,224005,กรุงเทพมหานคร,บางเขน,2,ห้องชุด/คอนโด,,,24.43,"57,928,378,224,002,200,000,000,000,000,000",7/11/2026 4:07
not_found,LandsMaps ไม่พบโฉนด,15652,10_36_6816,10,36,6816,กรุงเทพมหานคร,ดอนเมือง,3,ที่ดิน+สิ่งปลูกสร้าง,,,17,6816,7/11/2026 4:07
not_found,LandsMaps ไม่พบโฉนด,15653,10_41_5320,10,41,5320,กรุงเทพมหานคร,หลักสี่,2,ห้องชุด/คอนโด,,,46.16,5320,7/11/2026 4:07
not_found,LandsMaps ไม่พบโฉนด,15654,10_42_3055,10,42,3055,กรุงเทพมหานคร,สายไหม,3,ที่ดิน+สิ่งปลูกสร้าง,,,16.5,3055,7/11/2026 4:07
not_found,LandsMaps ไม่พบโฉนด,15655,10_05_219378,10,5,219378,กรุงเทพมหานคร,บางเขน,2,ห้องชุด/คอนโด,,,33.37,219378,7/11/2026 4:07
not_found,LandsMaps ไม่พบโฉนด,15656,10_05_1801,10,5,1801,กรุงเทพมหานคร,บางเขน,2,ห้องชุด/คอนโด,,,28.21,1801,7/11/2026 4:07
not_found,LandsMaps ไม่พบโฉนด,15657,10_05_163885,10,5,163885,กรุงเทพมหานคร,บางเขน,2,ห้องชุด/คอนโด,,,26.03,163885,7/11/2026 4:07
not_found,LandsMaps ไม่พบโฉนด,15658,10_05_1801,10,5,1801,กรุงเทพมหานคร,บางเขน,2,ห้องชุด/คอนโด,,,27.88,1801,7/11/2026 4:07
not_found,LandsMaps ไม่พบโฉนด,15659,10_42_37511,10,42,37511,กรุงเทพมหานคร,สายไหม,3,ที่ดิน+สิ่งปลูกสร้าง,,,16.7,37511,7/11/2026 4:07
not_found,LandsMaps ไม่พบโฉนด,15660,10_05_150272,10,5,150272,กรุงเทพมหานคร,บางเขน,3,ที่ดิน+สิ่งปลูกสร้าง,,,16,150272,7/11/2026 4:07
not_found,LandsMaps ไม่พบโฉนด,15661,10_36_158536,10,36,158536,กรุงเทพมหานคร,ดอนเมือง,3,ที่ดิน+สิ่งปลูกสร้าง,,,15.9,158536,7/11/2026 4:07
not_found,LandsMaps ไม่พบโฉนด,15662,10_05_213811,10,5,213811,กรุงเทพมหานคร,บางเขน,2,ห้องชุด/คอนโด,,,26.11,"213811, 217199, 217200, 217201, 217202, 217203ฯ",7/11/2026 4:07
not_found,LandsMaps ไม่พบโฉนด,15662,10_05_217199,10,5,217199,กรุงเทพมหานคร,บางเขน,2,ห้องชุด/คอนโด,,,26.11,"213811, 217199, 217200, 217201, 217202, 217203ฯ",7/11/2026 4:07
not_found,LandsMaps ไม่พบโฉนด,15662,10_05_217200,10,5,217200,กรุงเทพมหานคร,บางเขน,2,ห้องชุด/คอนโด,,,26.11,"213811, 217199, 217200, 217201, 217202, 217203ฯ",7/11/2026 4:07
not_found,LandsMaps ไม่พบโฉนด,15662,10_05_217201,10,5,217201,กรุงเทพมหานคร,บางเขน,2,ห้องชุด/คอนโด,,,26.11,"213811, 217199, 217200, 217201, 217202, 217203ฯ",7/11/2026 4:08
not_found,LandsMaps ไม่พบโฉนด,15662,10_05_217202,10,5,217202,กรุงเทพมหานคร,บางเขน,2,ห้องชุด/คอนโด,,,26.11,"213811, 217199, 217200, 217201, 217202, 217203ฯ",7/11/2026 4:08
not_found,LandsMaps ไม่พบโฉนด,15662,10_05_217203,10,5,217203,กรุงเทพมหานคร,บางเขน,2,ห้องชุด/คอนโด,,,26.11,"213811, 217199, 217200, 217201, 217202, 217203ฯ",7/11/2026 4:08
not_found,LandsMaps ไม่พบโฉนด,15663,10_05_115770,10,5,115770,กรุงเทพมหานคร,บางเขน,3,ที่ดิน+สิ่งปลูกสร้าง,,,22,115770,7/11/2026 4:08
not_found,LandsMaps ไม่พบโฉนด,15664,10_05_126684,10,5,126684,กรุงเทพมหานคร,บางเขน,3,ที่ดิน+สิ่งปลูกสร้าง,,,26.1,126684,7/11/2026 4:08
not_found,LandsMaps ไม่พบโฉนด,15665,10_36_7417,10,36,7417,กรุงเทพมหานคร,ดอนเมือง,2,ห้องชุด/คอนโด,,,28.37,7417,7/11/2026 4:08
not_found,LandsMaps ไม่พบโฉนด,15666,10_42_25207,10,42,25207,กรุงเทพมหานคร,สายไหม,2,ห้องชุด/คอนโด,,,31.85,"2,520,725,212",7/11/2026 4:08
not_found,LandsMaps ไม่พบโฉนด,15666,10_42_25212,10,42,25212,กรุงเทพมหานคร,สายไหม,2,ห้องชุด/คอนโด,,,31.85,"2,520,725,212",7/11/2026 4:08
not_found,LandsMaps ไม่พบโฉนด,15667,10_36_6115,10,36,6115,กรุงเทพมหานคร,ดอนเมือง,2,ห้องชุด/คอนโด,,,26.09,"611,561,166,118",7/11/2026 4:08
not_found,LandsMaps ไม่พบโฉนด,15667,10_36_6116,10,36,6116,กรุงเทพมหานคร,ดอนเมือง,2,ห้องชุด/คอนโด,,,26.09,"611,561,166,118",7/11/2026 4:08
not_found,LandsMaps ไม่พบโฉนด,15667,10_36_6118,10,36,6118,กรุงเทพมหานคร,ดอนเมือง,2,ห้องชุด/คอนโด,,,26.09,"611,561,166,118",7/11/2026 4:08
not_found,LandsMaps ไม่พบโฉนด,15668,10_36_131118,10,36,131118,กรุงเทพมหานคร,ดอนเมือง,2,ห้องชุด/คอนโด,,,26.25,131118,7/11/2026 4:08
not_found,LandsMaps ไม่พบโฉนด,15669,10_36_131132,10,36,131132,กรุงเทพมหานคร,ดอนเมือง,2,ห้องชุด/คอนโด,,,26.25,131132,7/11/2026 4:08
not_found,LandsMaps ไม่พบโฉนด,15670,10_36_22243,10,36,22243,กรุงเทพมหานคร,ดอนเมือง,1,ที่ดินเปล่า,,,10,22243,7/11/2026 4:08
not_found,LandsMaps ไม่พบโฉนด,15671,10_36_6115,10,36,6115,กรุงเทพมหานคร,ดอนเมือง,2,ห้องชุด/คอนโด,,,26.09,"6115, 6116, 6118",7/11/2026 4:08
not_found,LandsMaps ไม่พบโฉนด,15671,10_36_6116,10,36,6116,กรุงเทพมหานคร,ดอนเมือง,2,ห้องชุด/คอนโด,,,26.09,"6115, 6116, 6118",7/11/2026 4:08
not_found,LandsMaps ไม่พบโฉนด,15671,10_36_6118,10,36,6118,กรุงเทพมหานคร,ดอนเมือง,2,ห้องชุด/คอนโด,,,26.09,"6115, 6116, 6118",7/11/2026 4:08
not_found,LandsMaps ไม่พบโฉนด,15672,10_36_5768,10,36,5768,กรุงเทพมหานคร,ดอนเมือง,3,ที่ดิน+สิ่งปลูกสร้าง,,,16.1,5768,7/11/2026 4:08
not_found,LandsMaps ไม่พบโฉนด,15673,10_05_162632,10,5,162632,กรุงเทพมหานคร,บางเขน,2,ห้องชุด/คอนโด,,,20.75,162632,7/11/2026 4:08
not_found,LandsMaps ไม่พบโฉนด,15674,10_05_180274,10,5,180274,กรุงเทพมหานคร,บางเขน,2,ห้องชุด/คอนโด,,,25,180274,7/11/2026 4:08
not_found,LandsMaps ไม่พบโฉนด,15675,10_05_49142,10,5,49142,กรุงเทพมหานคร,บางเขน,2,ห้องชุด/คอนโด,,,24.34,"491,424,914,349,144",7/11/2026 4:08
not_found,LandsMaps ไม่พบโฉนด,15675,10_05_49143,10,5,49143,กรุงเทพมหานคร,บางเขน,2,ห้องชุด/คอนโด,,,24.34,"491,424,914,349,144",7/11/2026 4:08
not_found,LandsMaps ไม่พบโฉนด,15675,10_05_49144,10,5,49144,กรุงเทพมหานคร,บางเขน,2,ห้องชุด/คอนโด,,,24.34,"491,424,914,349,144",7/11/2026 4:08
not_found,LandsMaps ไม่พบโฉนด,15676,10_36_127132,10,36,127132,กรุงเทพมหานคร,ดอนเมือง(ตลาดขวัญ),2,ห้องชุด/คอนโด,,,26.01,127132,7/11/2026 4:08
not_found,LandsMaps ไม่พบโฉนด,15677,10_42_36449,10,42,36449,กรุงเทพมหานคร,สายไหม,2,ห้องชุด/คอนโด,,,23.58,36449 - 36457,7/11/2026 4:08
not_found,LandsMaps ไม่พบโฉนด,15677,10_42_36450,10,42,36450,กรุงเทพมหานคร,สายไหม,2,ห้องชุด/คอนโด,,,23.58,36449 - 36457,7/11/2026 4:08
not_found,LandsMaps ไม่พบโฉนด,15677,10_42_36451,10,42,36451,กรุงเทพมหานคร,สายไหม,2,ห้องชุด/คอนโด,,,23.58,36449 - 36457,7/11/2026 4:08
not_found,LandsMaps ไม่พบโฉนด,15677,10_42_36452,10,42,36452,กรุงเทพมหานคร,สายไหม,2,ห้องชุด/คอนโด,,,23.58,36449 - 36457,7/11/2026 4:08
not_found,LandsMaps ไม่พบโฉนด,15677,10_42_36453,10,42,36453,กรุงเทพมหานคร,สายไหม,2,ห้องชุด/คอนโด,,,23.58,36449 - 36457,7/11/2026 4:08
not_found,LandsMaps ไม่พบโฉนด,15677,10_42_36454,10,42,36454,กรุงเทพมหานคร,สายไหม,2,ห้องชุด/คอนโด,,,23.58,36449 - 36457,7/11/2026 4:08
not_found,LandsMaps ไม่พบโฉนด,15677,10_42_36455,10,42,36455,กรุงเทพมหานคร,สายไหม,2,ห้องชุด/คอนโด,,,23.58,36449 - 36457,7/11/2026 4:08
not_found,LandsMaps ไม่พบโฉนด,15677,10_42_36456,10,42,36456,กรุงเทพมหานคร,สายไหม,2,ห้องชุด/คอนโด,,,23.58,36449 - 36457,7/11/2026 4:08
not_found,LandsMaps ไม่พบโฉนด,15677,10_42_36457,10,42,36457,กรุงเทพมหานคร,สายไหม,2,ห้องชุด/คอนโด,,,23.58,36449 - 36457,7/11/2026 4:08
not_found,LandsMaps ไม่พบโฉนด,15678,10_36_28412,10,36,28412,กรุงเทพมหานคร,ดอนเมือง(ตลาดขวัญ),2,ห้องชุด/คอนโด,,,31.5,28412,7/11/2026 4:08
not_found,LandsMaps ไม่พบโฉนด,15679,10_05_178086,10,5,178086,กรุงเทพมหานคร,บางเขน,2,ห้องชุด/คอนโด,,,19,178086,7/11/2026 4:08
not_found,LandsMaps ไม่พบโฉนด,15680,10_05_184278,10,5,184278,กรุงเทพมหานคร,บางเขน,2,ห้องชุด/คอนโด,,,20.37,184278,7/11/2026 4:08
not_found,LandsMaps ไม่พบโฉนด,15681,10_41_7420,10,41,7420,กรุงเทพมหานคร,หลักสี่,2,ห้องชุด/คอนโด,,,28.08,7420,7/11/2026 4:08
not_found,LandsMaps ไม่พบโฉนด,15682,10_05_18092,10,5,18092,กรุงเทพมหานคร,บางเขน,2,ห้องชุด/คอนโด,,,29.2,"18,092,180,932,445,400,000,000,000",7/11/2026 4:08
not_found,LandsMaps ไม่พบโฉนด,15682,10_05_18093,10,5,18093,กรุงเทพมหานคร,บางเขน,2,ห้องชุด/คอนโด,,,29.2,"18,092,180,932,445,400,000,000,000",7/11/2026 4:08
not_found,LandsMaps ไม่พบโฉนด,15682,10_05_24454,10,5,24454,กรุงเทพมหานคร,บางเขน,2,ห้องชุด/คอนโด,,,29.2,"18,092,180,932,445,400,000,000,000",7/11/2026 4:08
not_found,LandsMaps ไม่พบโฉนด,15682,10_05_33326,10,5,33326,กรุงเทพมหานคร,บางเขน,2,ห้องชุด/คอนโด,,,29.2,"18,092,180,932,445,400,000,000,000",7/11/2026 4:08
not_found,LandsMaps ไม่พบโฉนด,15682,10_05_168638,10,5,168638,กรุงเทพมหานคร,บางเขน,2,ห้องชุด/คอนโด,,,29.2,"18,092,180,932,445,400,000,000,000",7/11/2026 4:08
not_found,LandsMaps ไม่พบโฉนด,15683,10_05_4941,10,5,4941,กรุงเทพมหานคร,บางเขน,2,ห้องชุด/คอนโด,,,36,"49,414,942",7/11/2026 4:08
not_found,LandsMaps ไม่พบโฉนด,15683,10_05_4942,10,5,4942,กรุงเทพมหานคร,บางเขน,2,ห้องชุด/คอนโด,,,36,"49,414,942",7/11/2026 4:08
not_found,LandsMaps ไม่พบโฉนด,15684,10_36_3617,10,36,3617,กรุงเทพมหานคร,ดอนเมือง,2,ห้องชุด/คอนโด,,,26,"361,761,046,105",7/11/2026 4:08
not_found,LandsMaps ไม่พบโฉนด,15684,10_36_6104,10,36,6104,กรุงเทพมหานคร,ดอนเมือง,2,ห้องชุด/คอนโด,,,26,"361,761,046,105",7/11/2026 4:08
not_found,LandsMaps ไม่พบโฉนด,15684,10_36_6105,10,36,6105,กรุงเทพมหานคร,ดอนเมือง,2,ห้องชุด/คอนโด,,,26,"361,761,046,105",7/11/2026 4:08
not_found,LandsMaps ไม่พบโฉนด,15685,10_36_6106,10,36,6106,กรุงเทพมหานคร,ดอนเมือง,2,ห้องชุด/คอนโด,,,26.09,"610,661,076,108",7/11/2026 4:08
not_found,LandsMaps ไม่พบโฉนด,15685,10_36_6107,10,36,6107,กรุงเทพมหานคร,ดอนเมือง,2,ห้องชุด/คอนโด,,,26.09,"610,661,076,108",7/11/2026 4:08
not_found,LandsMaps ไม่พบโฉนด,15685,10_36_6108,10,36,6108,กรุงเทพมหานคร,ดอนเมือง,2,ห้องชุด/คอนโด,,,26.09,"610,661,076,108",7/11/2026 4:08
not_found,LandsMaps ไม่พบโฉนด,15686,10_36_133038,10,36,133038,กรุงเทพมหานคร,ดอนเมือง,3,ที่ดิน+สิ่งปลูกสร้าง,,,20,133038,7/11/2026 4:08
not_found,LandsMaps ไม่พบโฉนด,15687,10_36_133288,10,36,133288,กรุงเทพมหานคร,ดอนเมือง,2,ห้องชุด/คอนโด,,,26.09,133288,7/11/2026 4:08
not_found,LandsMaps ไม่พบโฉนด,15688,10_42_25208,10,42,25208,กรุงเทพมหานคร,สายไหม,2,ห้องชุด/คอนโด,,,31.85,"25208, 25214",7/11/2026 4:08
not_found,LandsMaps ไม่พบโฉนด,15688,10_42_25214,10,42,25214,กรุงเทพมหานคร,สายไหม,2,ห้องชุด/คอนโด,,,31.85,"25208, 25214",7/11/2026 4:08
not_found,LandsMaps ไม่พบโฉนด,15689,10_36_9877,10,36,9877,กรุงเทพมหานคร,ดอนเมือง,2,ห้องชุด/คอนโด,,,33.32,9877,7/11/2026 4:08
not_found,LandsMaps ไม่พบโฉนด,15690,10_05_18092,10,5,18092,กรุงเทพมหานคร,บางเขน,2,ห้องชุด/คอนโด,,,29.2,"18,092,180,932,445,400,000,000,000",7/11/2026 4:08
not_found,LandsMaps ไม่พบโฉนด,15690,10_05_18093,10,5,18093,กรุงเทพมหานคร,บางเขน,2,ห้องชุด/คอนโด,,,29.2,"18,092,180,932,445,400,000,000,000",7/11/2026 4:08
not_found,LandsMaps ไม่พบโฉนด,15690,10_05_24454,10,5,24454,กรุงเทพมหานคร,บางเขน,2,ห้องชุด/คอนโด,,,29.2,"18,092,180,932,445,400,000,000,000",7/11/2026 4:08
not_found,LandsMaps ไม่พบโฉนด,15690,10_05_33326,10,5,33326,กรุงเทพมหานคร,บางเขน,2,ห้องชุด/คอนโด,,,29.2,"18,092,180,932,445,400,000,000,000",7/11/2026 4:08
not_found,LandsMaps ไม่พบโฉนด,15690,10_05_168638,10,5,168638,กรุงเทพมหานคร,บางเขน,2,ห้องชุด/คอนโด,,,29.2,"18,092,180,932,445,400,000,000,000",7/11/2026 4:08
not_found,LandsMaps ไม่พบโฉนด,15691,10_36_3617,10,36,3617,กรุงเทพมหานคร,ดอนเมือง,2,ห้องชุด/คอนโด,,,26,"361,761,046,105",7/11/2026 4:08
not_found,LandsMaps ไม่พบโฉนด,15691,10_36_6104,10,36,6104,กรุงเทพมหานคร,ดอนเมือง,2,ห้องชุด/คอนโด,,,26,"361,761,046,105",7/11/2026 4:08
not_found,LandsMaps ไม่พบโฉนด,15691,10_36_6105,10,36,6105,กรุงเทพมหานคร,ดอนเมือง,2,ห้องชุด/คอนโด,,,26,"361,761,046,105",7/11/2026 4:08
not_found,LandsMaps ไม่พบโฉนด,15692,10_42_37326,10,42,37326,กรุงเทพมหานคร,สายไหม,3,ที่ดิน+สิ่งปลูกสร้าง,,,25.7,37326,7/11/2026 4:08
not_found,LandsMaps ไม่พบโฉนด,15693,10_05_1666,10,5,1666,กรุงเทพมหานคร,บางเขน,2,ห้องชุด/คอนโด,,,24.2,1666,7/11/2026 4:08
not_found,LandsMaps ไม่พบโฉนด,15694,10_36_35415,10,36,35415,กรุงเทพมหานคร,ดอนเมือง,3,ที่ดิน+สิ่งปลูกสร้าง,,,20.7,35415,7/11/2026 4:08
not_found,LandsMaps ไม่พบโฉนด,15696,10_05_13451,10,5,13451,กรุงเทพมหานคร,บางเขน,2,ห้องชุด/คอนโด,,,20.49,"1,345,113,452",7/11/2026 4:08
not_found,LandsMaps ไม่พบโฉนด,15696,10_05_13452,10,5,13452,กรุงเทพมหานคร,บางเขน,2,ห้องชุด/คอนโด,,,20.49,"1,345,113,452",7/11/2026 4:08
not_found,LandsMaps ไม่พบโฉนด,15697,10_41_4920,10,41,4920,กรุงเทพมหานคร,หลักสี่,2,ห้องชุด/คอนโด,,,27.32,4920,7/11/2026 4:08
not_found,LandsMaps ไม่พบโฉนด,15698,10_42_22468,10,42,22468,กรุงเทพมหานคร,สายไหม,3,ที่ดิน+สิ่งปลูกสร้าง,,,38.1,22468,7/11/2026 4:08
not_found,LandsMaps ไม่พบโฉนด,15699,10_05_217284,10,5,217284,กรุงเทพมหานคร,บางเขน,2,ห้องชุด/คอนโด,,,29.46,"217,284,217,285",7/11/2026 4:08
not_found,LandsMaps ไม่พบโฉนด,15699,10_05_217285,10,5,217285,กรุงเทพมหานคร,บางเขน,2,ห้องชุด/คอนโด,,,29.46,"217,284,217,285",7/11/2026 4:08
not_found,LandsMaps ไม่พบโฉนด,15700,10_36_9877,10,36,9877,กรุงเทพมหานคร,ดอนเมือง,2,ห้องชุด/คอนโด,,,30.79,9877,7/11/2026 4:08
not_found,LandsMaps ไม่พบโฉนด,15701,10_09_18388,10,9,18388,กรุงเทพมหานคร,พระโขนง(บางกะปิ),3,ที่ดิน+สิ่งปลูกสร้าง,1,,58.6,18388,7/11/2026 4:08
not_found,LandsMaps ไม่พบโฉนด,15702,10_06_114430,10,6,114430,กรุงเทพมหานคร,บางกะปิ,3,ที่ดิน+สิ่งปลูกสร้าง,,,63.4,114430,7/11/2026 4:08
not_found,LandsMaps ไม่พบโฉนด,15703,10_05_126995,10,5,126995,กรุงเทพมหานคร,บางเขน(ตลาดขวัญ),3,ที่ดิน+สิ่งปลูกสร้าง,,3,70,126995,7/11/2026 4:08
not_found,LandsMaps ไม่พบโฉนด,15704,10_36_6124,10,36,6124,กรุงเทพมหานคร,ดอนเมือง,3,ที่ดิน+สิ่งปลูกสร้าง,,,80,6124,7/11/2026 4:08
not_found,LandsMaps ไม่พบโฉนด,15705,10_05_140024,10,5,140024,กรุงเทพมหานคร,บางเขน,2,ห้องชุด/คอนโด,,,26.11,"140,024,140,025",7/11/2026 4:08
not_found,LandsMaps ไม่พบโฉนด,15705,10_05_140025,10,5,140025,กรุงเทพมหานคร,บางเขน,2,ห้องชุด/คอนโด,,,26.11,"140,024,140,025",7/11/2026 4:08
not_found,LandsMaps ไม่พบโฉนด,15706,10_05_163885,10,5,163885,กรุงเทพมหานคร,บางเขน,2,ห้องชุด/คอนโด,,,26.39,163885,7/11/2026 4:08
not_found,LandsMaps ไม่พบโฉนด,15707,10_42_31777,10,42,31777,กรุงเทพมหานคร,สายไหม,2,ห้องชุด/คอนโด,,,26.67,"3,177,732,365",7/11/2026 4:08
not_found,LandsMaps ไม่พบโฉนด,15707,10_42_32365,10,42,32365,กรุงเทพมหานคร,สายไหม,2,ห้องชุด/คอนโด,,,26.67,"3,177,732,365",7/11/2026 4:08
not_found,LandsMaps ไม่พบโฉนด,15708,10_05_33511,10,5,33511,กรุงเทพมหานคร,บางเขน,3,ที่ดิน+สิ่งปลูกสร้าง,,,50,33511,7/11/2026 4:08
not_found,LandsMaps ไม่พบโฉนด,15709,10_42_35155,10,42,35155,กรุงเทพมหานคร,สายไหม,3,ที่ดิน+สิ่งปลูกสร้าง,,,18,35155,7/11/2026 4:08
not_found,LandsMaps ไม่พบโฉนด,15710,10_05_1723,10,5,1723,กรุงเทพมหานคร,บางเขน,2,ห้องชุด/คอนโด,,,28.37,"1723,17484,44771-44776,156121,192485,222405-222412",7/11/2026 4:08
not_found,LandsMaps ไม่พบโฉนด,15710,10_05_17484,10,5,17484,กรุงเทพมหานคร,บางเขน,2,ห้องชุด/คอนโด,,,28.37,"1723,17484,44771-44776,156121,192485,222405-222412",7/11/2026 4:08
not_found,LandsMaps ไม่พบโฉนด,15710,10_05_44771,10,5,44771,กรุงเทพมหานคร,บางเขน,2,ห้องชุด/คอนโด,,,28.37,"1723,17484,44771-44776,156121,192485,222405-222412",7/11/2026 4:08
not_found,LandsMaps ไม่พบโฉนด,15710,10_05_44772,10,5,44772,กรุงเทพมหานคร,บางเขน,2,ห้องชุด/คอนโด,,,28.37,"1723,17484,44771-44776,156121,192485,222405-222412",7/11/2026 4:08
not_found,LandsMaps ไม่พบโฉนด,15710,10_05_44773,10,5,44773,กรุงเทพมหานคร,บางเขน,2,ห้องชุด/คอนโด,,,28.37,"1723,17484,44771-44776,156121,192485,222405-222412",7/11/2026 4:08
not_found,LandsMaps ไม่พบโฉนด,15710,10_05_44774,10,5,44774,กรุงเทพมหานคร,บางเขน,2,ห้องชุด/คอนโด,,,28.37,"1723,17484,44771-44776,156121,192485,222405-222412",7/11/2026 4:08
not_found,LandsMaps ไม่พบโฉนด,15710,10_05_44775,10,5,44775,กรุงเทพมหานคร,บางเขน,2,ห้องชุด/คอนโด,,,28.37,"1723,17484,44771-44776,156121,192485,222405-222412",7/11/2026 4:09
not_found,LandsMaps ไม่พบโฉนด,15710,10_05_44776,10,5,44776,กรุงเทพมหานคร,บางเขน,2,ห้องชุด/คอนโด,,,28.37,"1723,17484,44771-44776,156121,192485,222405-222412",7/11/2026 4:09
not_found,LandsMaps ไม่พบโฉนด,15710,10_05_156121,10,5,156121,กรุงเทพมหานคร,บางเขน,2,ห้องชุด/คอนโด,,,28.37,"1723,17484,44771-44776,156121,192485,222405-222412",7/11/2026 4:09
not_found,LandsMaps ไม่พบโฉนด,15710,10_05_192485,10,5,192485,กรุงเทพมหานคร,บางเขน,2,ห้องชุด/คอนโด,,,28.37,"1723,17484,44771-44776,156121,192485,222405-222412",7/11/2026 4:09
not_found,LandsMaps ไม่พบโฉนด,15710,10_05_222405,10,5,222405,กรุงเทพมหานคร,บางเขน,2,ห้องชุด/คอนโด,,,28.37,"1723,17484,44771-44776,156121,192485,222405-222412",7/11/2026 4:09
not_found,LandsMaps ไม่พบโฉนด,15710,10_05_222406,10,5,222406,กรุงเทพมหานคร,บางเขน,2,ห้องชุด/คอนโด,,,28.37,"1723,17484,44771-44776,156121,192485,222405-222412",7/11/2026 4:09
not_found,LandsMaps ไม่พบโฉนด,15710,10_05_222407,10,5,222407,กรุงเทพมหานคร,บางเขน,2,ห้องชุด/คอนโด,,,28.37,"1723,17484,44771-44776,156121,192485,222405-222412",7/11/2026 4:09
not_found,LandsMaps ไม่พบโฉนด,15710,10_05_222408,10,5,222408,กรุงเทพมหานคร,บางเขน,2,ห้องชุด/คอนโด,,,28.37,"1723,17484,44771-44776,156121,192485,222405-222412",7/11/2026 4:09
not_found,LandsMaps ไม่พบโฉนด,15710,10_05_222409,10,5,222409,กรุงเทพมหานคร,บางเขน,2,ห้องชุด/คอนโด,,,28.37,"1723,17484,44771-44776,156121,192485,222405-222412",7/11/2026 4:09
not_found,LandsMaps ไม่พบโฉนด,15710,10_05_222410,10,5,222410,กรุงเทพมหานคร,บางเขน,2,ห้องชุด/คอนโด,,,28.37,"1723,17484,44771-44776,156121,192485,222405-222412",7/11/2026 4:09
not_found,LandsMaps ไม่พบโฉนด,15710,10_05_222411,10,5,222411,กรุงเทพมหานคร,บางเขน,2,ห้องชุด/คอนโด,,,28.37,"1723,17484,44771-44776,156121,192485,222405-222412",7/11/2026 4:09
not_found,LandsMaps ไม่พบโฉนด,15710,10_05_222412,10,5,222412,กรุงเทพมหานคร,บางเขน,2,ห้องชุด/คอนโด,,,28.37,"1723,17484,44771-44776,156121,192485,222405-222412",7/11/2026 4:09
not_found,LandsMaps ไม่พบโฉนด,15711,10_36_18330,10,36,18330,กรุงเทพมหานคร,ดอนเมือง,2,ห้องชุด/คอนโด,,,28.05,"1,833,018,331",7/11/2026 4:09
not_found,LandsMaps ไม่พบโฉนด,15711,10_36_18331,10,36,18331,กรุงเทพมหานคร,ดอนเมือง,2,ห้องชุด/คอนโด,,,28.05,"1,833,018,331",7/11/2026 4:09
not_found,LandsMaps ไม่พบโฉนด,15712,10_42_31777,10,42,31777,กรุงเทพมหานคร,สายไหม,2,ห้องชุด/คอนโด,,,23.11,"3,177,732,365",7/11/2026 4:09
not_found,LandsMaps ไม่พบโฉนด,15712,10_42_32365,10,42,32365,กรุงเทพมหานคร,สายไหม,2,ห้องชุด/คอนโด,,,23.11,"3,177,732,365",7/11/2026 4:09
not_found,LandsMaps ไม่พบโฉนด,15713,10_05_162617,10,5,162617,กรุงเทพมหานคร,บางเขน,3,ที่ดิน+สิ่งปลูกสร้าง,,,24,162617,7/11/2026 4:09
not_found,LandsMaps ไม่พบโฉนด,15714,10_36_14738,10,36,14738,กรุงเทพมหานคร,ดอนเมือง,3,ที่ดิน+สิ่งปลูกสร้าง,,,22,14738,7/11/2026 4:09
not_found,LandsMaps ไม่พบโฉนด,15715,10_05_215058,10,5,215058,กรุงเทพมหานคร,บางเขน,2,ห้องชุด/คอนโด,,,32.05,215058,7/11/2026 4:09
not_found,LandsMaps ไม่พบโฉนด,15716,10_36_24371,10,36,24371,กรุงเทพมหานคร,ดอนเมือง,3,ที่ดิน+สิ่งปลูกสร้าง,,,24.9,24371,7/11/2026 4:09
not_found,LandsMaps ไม่พบโฉนด,15717,10_36_27272,10,36,27272,กรุงเทพมหานคร,ดอนเมือง,3,ที่ดิน+สิ่งปลูกสร้าง,,,21.2,27272,7/11/2026 4:09
not_found,LandsMaps ไม่พบโฉนด,15718,10_36_28651,10,36,28651,กรุงเทพมหานคร,ดอนเมือง,2,ห้องชุด/คอนโด,,,24.2,28651,7/11/2026 4:09
not_found,LandsMaps ไม่พบโฉนด,15719,10_36_32405,10,36,32405,กรุงเทพมหานคร,ดอนเมือง,3,ที่ดิน+สิ่งปลูกสร้าง,,,34,32405,7/11/2026 4:09
not_found,LandsMaps ไม่พบโฉนด,15720,10_42_16682,10,42,16682,กรุงเทพมหานคร,สายไหม,3,ที่ดิน+สิ่งปลูกสร้าง,,,17.1,16682,7/11/2026 4:09
not_found,LandsMaps ไม่พบโฉนด,15721,10_05_14585,10,5,14585,กรุงเทพมหานคร,บางเขน,2,ห้องชุด/คอนโด,,,28.21,"14585,16314-22,16325-33,106386-7,106391-106415",7/11/2026 4:09
not_found,LandsMaps ไม่พบโฉนด,15721,10_05_16314,10,5,16314,กรุงเทพมหานคร,บางเขน,2,ห้องชุด/คอนโด,,,28.21,"14585,16314-22,16325-33,106386-7,106391-106415",7/11/2026 4:09
not_found,LandsMaps ไม่พบโฉนด,15721,10_05_16315,10,5,16315,กรุงเทพมหานคร,บางเขน,2,ห้องชุด/คอนโด,,,28.21,"14585,16314-22,16325-33,106386-7,106391-106415",7/11/2026 4:09
not_found,LandsMaps ไม่พบโฉนด,15721,10_05_16316,10,5,16316,กรุงเทพมหานคร,บางเขน,2,ห้องชุด/คอนโด,,,28.21,"14585,16314-22,16325-33,106386-7,106391-106415",7/11/2026 4:09
not_found,LandsMaps ไม่พบโฉนด,15721,10_05_16317,10,5,16317,กรุงเทพมหานคร,บางเขน,2,ห้องชุด/คอนโด,,,28.21,"14585,16314-22,16325-33,106386-7,106391-106415",7/11/2026 4:09
not_found,LandsMaps ไม่พบโฉนด,15721,10_05_16318,10,5,16318,กรุงเทพมหานคร,บางเขน,2,ห้องชุด/คอนโด,,,28.21,"14585,16314-22,16325-33,106386-7,106391-106415",7/11/2026 4:09
not_found,LandsMaps ไม่พบโฉนด,15721,10_05_16319,10,5,16319,กรุงเทพมหานคร,บางเขน,2,ห้องชุด/คอนโด,,,28.21,"14585,16314-22,16325-33,106386-7,106391-106415",7/11/2026 4:09
not_found,LandsMaps ไม่พบโฉนด,15721,10_05_16320,10,5,16320,กรุงเทพมหานคร,บางเขน,2,ห้องชุด/คอนโด,,,28.21,"14585,16314-22,16325-33,106386-7,106391-106415",7/11/2026 4:09
not_found,LandsMaps ไม่พบโฉนด,15721,10_05_16321,10,5,16321,กรุงเทพมหานคร,บางเขน,2,ห้องชุด/คอนโด,,,28.21,"14585,16314-22,16325-33,106386-7,106391-106415",7/11/2026 4:09
not_found,LandsMaps ไม่พบโฉนด,15721,10_05_16322,10,5,16322,กรุงเทพมหานคร,บางเขน,2,ห้องชุด/คอนโด,,,28.21,"14585,16314-22,16325-33,106386-7,106391-106415",7/11/2026 4:09
not_found,LandsMaps ไม่พบโฉนด,15721,10_05_16325,10,5,16325,กรุงเทพมหานคร,บางเขน,2,ห้องชุด/คอนโด,,,28.21,"14585,16314-22,16325-33,106386-7,106391-106415",7/11/2026 4:09
not_found,LandsMaps ไม่พบโฉนด,15721,10_05_16326,10,5,16326,กรุงเทพมหานคร,บางเขน,2,ห้องชุด/คอนโด,,,28.21,"14585,16314-22,16325-33,106386-7,106391-106415",7/11/2026 4:09
not_found,LandsMaps ไม่พบโฉนด,15721,10_05_16327,10,5,16327,กรุงเทพมหานคร,บางเขน,2,ห้องชุด/คอนโด,,,28.21,"14585,16314-22,16325-33,106386-7,106391-106415",7/11/2026 4:09
not_found,LandsMaps ไม่พบโฉนด,15721,10_05_16328,10,5,16328,กรุงเทพมหานคร,บางเขน,2,ห้องชุด/คอนโด,,,28.21,"14585,16314-22,16325-33,106386-7,106391-106415",7/11/2026 4:09
not_found,LandsMaps ไม่พบโฉนด,15721,10_05_16329,10,5,16329,กรุงเทพมหานคร,บางเขน,2,ห้องชุด/คอนโด,,,28.21,"14585,16314-22,16325-33,106386-7,106391-106415",7/11/2026 4:09
not_found,LandsMaps ไม่พบโฉนด,15721,10_05_16330,10,5,16330,กรุงเทพมหานคร,บางเขน,2,ห้องชุด/คอนโด,,,28.21,"14585,16314-22,16325-33,106386-7,106391-106415",7/11/2026 4:09
not_found,LandsMaps ไม่พบโฉนด,15721,10_05_16331,10,5,16331,กรุงเทพมหานคร,บางเขน,2,ห้องชุด/คอนโด,,,28.21,"14585,16314-22,16325-33,106386-7,106391-106415",7/11/2026 4:09
not_found,LandsMaps ไม่พบโฉนด,15721,10_05_16332,10,5,16332,กรุงเทพมหานคร,บางเขน,2,ห้องชุด/คอนโด,,,28.21,"14585,16314-22,16325-33,106386-7,106391-106415",7/11/2026 4:09
not_found,LandsMaps ไม่พบโฉนด,15721,10_05_16333,10,5,16333,กรุงเทพมหานคร,บางเขน,2,ห้องชุด/คอนโด,,,28.21,"14585,16314-22,16325-33,106386-7,106391-106415",7/11/2026 4:09
not_found,LandsMaps ไม่พบโฉนด,15721,10_05_106386,10,5,106386,กรุงเทพมหานคร,บางเขน,2,ห้องชุด/คอนโด,,,28.21,"14585,16314-22,16325-33,106386-7,106391-106415",7/11/2026 4:09
not_found,LandsMaps ไม่พบโฉนด,15721,10_05_106387,10,5,106387,กรุงเทพมหานคร,บางเขน,2,ห้องชุด/คอนโด,,,28.21,"14585,16314-22,16325-33,106386-7,106391-106415",7/11/2026 4:09
not_found,LandsMaps ไม่พบโฉนด,15721,10_05_106391,10,5,106391,กรุงเทพมหานคร,บางเขน,2,ห้องชุด/คอนโด,,,28.21,"14585,16314-22,16325-33,106386-7,106391-106415",7/11/2026 4:09
not_found,LandsMaps ไม่พบโฉนด,15721,10_05_106392,10,5,106392,กรุงเทพมหานคร,บางเขน,2,ห้องชุด/คอนโด,,,28.21,"14585,16314-22,16325-33,106386-7,106391-106415",7/11/2026 4:09
not_found,LandsMaps ไม่พบโฉนด,15721,10_05_106393,10,5,106393,กรุงเทพมหานคร,บางเขน,2,ห้องชุด/คอนโด,,,28.21,"14585,16314-22,16325-33,106386-7,106391-106415",7/11/2026 4:09
not_found,LandsMaps ไม่พบโฉนด,15721,10_05_106394,10,5,106394,กรุงเทพมหานคร,บางเขน,2,ห้องชุด/คอนโด,,,28.21,"14585,16314-22,16325-33,106386-7,106391-106415",7/11/2026 4:09
not_found,LandsMaps ไม่พบโฉนด,15721,10_05_106395,10,5,106395,กรุงเทพมหานคร,บางเขน,2,ห้องชุด/คอนโด,,,28.21,"14585,16314-22,16325-33,106386-7,106391-106415",7/11/2026 4:09
not_found,LandsMaps ไม่พบโฉนด,15721,10_05_106396,10,5,106396,กรุงเทพมหานคร,บางเขน,2,ห้องชุด/คอนโด,,,28.21,"14585,16314-22,16325-33,106386-7,106391-106415",7/11/2026 4:09
not_found,LandsMaps ไม่พบโฉนด,15721,10_05_106397,10,5,106397,กรุงเทพมหานคร,บางเขน,2,ห้องชุด/คอนโด,,,28.21,"14585,16314-22,16325-33,106386-7,106391-106415",7/11/2026 4:09
not_found,LandsMaps ไม่พบโฉนด,15721,10_05_106398,10,5,106398,กรุงเทพมหานคร,บางเขน,2,ห้องชุด/คอนโด,,,28.21,"14585,16314-22,16325-33,106386-7,106391-106415",7/11/2026 4:09
not_found,LandsMaps ไม่พบโฉนด,15721,10_05_106399,10,5,106399,กรุงเทพมหานคร,บางเขน,2,ห้องชุด/คอนโด,,,28.21,"14585,16314-22,16325-33,106386-7,106391-106415",7/11/2026 4:09
not_found,LandsMaps ไม่พบโฉนด,15721,10_05_106400,10,5,106400,กรุงเทพมหานคร,บางเขน,2,ห้องชุด/คอนโด,,,28.21,"14585,16314-22,16325-33,106386-7,106391-106415",7/11/2026 4:09
not_found,LandsMaps ไม่พบโฉนด,15721,10_05_106401,10,5,106401,กรุงเทพมหานคร,บางเขน,2,ห้องชุด/คอนโด,,,28.21,"14585,16314-22,16325-33,106386-7,106391-106415",7/11/2026 4:09
not_found,LandsMaps ไม่พบโฉนด,15721,10_05_106402,10,5,106402,กรุงเทพมหานคร,บางเขน,2,ห้องชุด/คอนโด,,,28.21,"14585,16314-22,16325-33,106386-7,106391-106415",7/11/2026 4:09
not_found,LandsMaps ไม่พบโฉนด,15721,10_05_106403,10,5,106403,กรุงเทพมหานคร,บางเขน,2,ห้องชุด/คอนโด,,,28.21,"14585,16314-22,16325-33,106386-7,106391-106415",7/11/2026 4:09
not_found,LandsMaps ไม่พบโฉนด,15721,10_05_106404,10,5,106404,กรุงเทพมหานคร,บางเขน,2,ห้องชุด/คอนโด,,,28.21,"14585,16314-22,16325-33,106386-7,106391-106415",7/11/2026 4:09
not_found,LandsMaps ไม่พบโฉนด,15721,10_05_106405,10,5,106405,กรุงเทพมหานคร,บางเขน,2,ห้องชุด/คอนโด,,,28.21,"14585,16314-22,16325-33,106386-7,106391-106415",7/11/2026 4:09
not_found,LandsMaps ไม่พบโฉนด,15721,10_05_106406,10,5,106406,กรุงเทพมหานคร,บางเขน,2,ห้องชุด/คอนโด,,,28.21,"14585,16314-22,16325-33,106386-7,106391-106415",7/11/2026 4:09
not_found,LandsMaps ไม่พบโฉนด,15721,10_05_106407,10,5,106407,กรุงเทพมหานคร,บางเขน,2,ห้องชุด/คอนโด,,,28.21,"14585,16314-22,16325-33,106386-7,106391-106415",7/11/2026 4:09
not_found,LandsMaps ไม่พบโฉนด,15721,10_05_106408,10,5,106408,กรุงเทพมหานคร,บางเขน,2,ห้องชุด/คอนโด,,,28.21,"14585,16314-22,16325-33,106386-7,106391-106415",7/11/2026 4:09
not_found,LandsMaps ไม่พบโฉนด,15721,10_05_106409,10,5,106409,กรุงเทพมหานคร,บางเขน,2,ห้องชุด/คอนโด,,,28.21,"14585,16314-22,16325-33,106386-7,106391-106415",7/11/2026 4:09
not_found,LandsMaps ไม่พบโฉนด,15721,10_05_106410,10,5,106410,กรุงเทพมหานคร,บางเขน,2,ห้องชุด/คอนโด,,,28.21,"14585,16314-22,16325-33,106386-7,106391-106415",7/11/2026 4:09
not_found,LandsMaps ไม่พบโฉนด,15721,10_05_106411,10,5,106411,กรุงเทพมหานคร,บางเขน,2,ห้องชุด/คอนโด,,,28.21,"14585,16314-22,16325-33,106386-7,106391-106415",7/11/2026 4:09
not_found,LandsMaps ไม่พบโฉนด,15721,10_05_106412,10,5,106412,กรุงเทพมหานคร,บางเขน,2,ห้องชุด/คอนโด,,,28.21,"14585,16314-22,16325-33,106386-7,106391-106415",7/11/2026 4:09
not_found,LandsMaps ไม่พบโฉนด,15721,10_05_106413,10,5,106413,กรุงเทพมหานคร,บางเขน,2,ห้องชุด/คอนโด,,,28.21,"14585,16314-22,16325-33,106386-7,106391-106415",7/11/2026 4:09
not_found,LandsMaps ไม่พบโฉนด,15721,10_05_106414,10,5,106414,กรุงเทพมหานคร,บางเขน,2,ห้องชุด/คอนโด,,,28.21,"14585,16314-22,16325-33,106386-7,106391-106415",7/11/2026 4:09
not_found,LandsMaps ไม่พบโฉนด,15721,10_05_106415,10,5,106415,กรุงเทพมหานคร,บางเขน,2,ห้องชุด/คอนโด,,,28.21,"14585,16314-22,16325-33,106386-7,106391-106415",7/11/2026 4:09
not_found,LandsMaps ไม่พบโฉนด,15722,10_05_181281,10,5,181281,กรุงเทพมหานคร,บางเขน,2,ห้องชุด/คอนโด,,,34.38,"181281,181282,181283,2392,159312,159313,159314,2389ฯ",7/11/2026 4:09
not_found,LandsMaps ไม่พบโฉนด,15722,10_05_181282,10,5,181282,กรุงเทพมหานคร,บางเขน,2,ห้องชุด/คอนโด,,,34.38,"181281,181282,181283,2392,159312,159313,159314,2389ฯ",7/11/2026 4:09
not_found,LandsMaps ไม่พบโฉนด,15722,10_05_181283,10,5,181283,กรุงเทพมหานคร,บางเขน,2,ห้องชุด/คอนโด,,,34.38,"181281,181282,181283,2392,159312,159313,159314,2389ฯ",7/11/2026 4:09
not_found,LandsMaps ไม่พบโฉนด,15722,10_05_2392,10,5,2392,กรุงเทพมหานคร,บางเขน,2,ห้องชุด/คอนโด,,,34.38,"181281,181282,181283,2392,159312,159313,159314,2389ฯ",7/11/2026 4:09
not_found,LandsMaps ไม่พบโฉนด,15722,10_05_159312,10,5,159312,กรุงเทพมหานคร,บางเขน,2,ห้องชุด/คอนโด,,,34.38,"181281,181282,181283,2392,159312,159313,159314,2389ฯ",7/11/2026 4:09
not_found,LandsMaps ไม่พบโฉนด,15722,10_05_159313,10,5,159313,กรุงเทพมหานคร,บางเขน,2,ห้องชุด/คอนโด,,,34.38,"181281,181282,181283,2392,159312,159313,159314,2389ฯ",7/11/2026 4:09
not_found,LandsMaps ไม่พบโฉนด,15722,10_05_159314,10,5,159314,กรุงเทพมหานคร,บางเขน,2,ห้องชุด/คอนโด,,,34.38,"181281,181282,181283,2392,159312,159313,159314,2389ฯ",7/11/2026 4:09
not_found,LandsMaps ไม่พบโฉนด,15722,10_05_2389,10,5,2389,กรุงเทพมหานคร,บางเขน,2,ห้องชุด/คอนโด,,,34.38,"181281,181282,181283,2392,159312,159313,159314,2389ฯ",7/11/2026 4:09
not_found,LandsMaps ไม่พบโฉนด,15723,10_05_113936,10,5,113936,กรุงเทพมหานคร,บางเขน,3,ที่ดิน+สิ่งปลูกสร้าง,,,27,113936,7/11/2026 4:09
not_found,LandsMaps ไม่พบโฉนด,15724,10_05_579,10,5,579,กรุงเทพมหานคร,บางเขน,2,ห้องชุด/คอนโด,,,23.68,"579, 28378, 224002, 224003, 224004, 224005",7/11/2026 4:09
not_found,LandsMaps ไม่พบโฉนด,15724,10_05_28378,10,5,28378,กรุงเทพมหานคร,บางเขน,2,ห้องชุด/คอนโด,,,23.68,"579, 28378, 224002, 224003, 224004, 224005",7/11/2026 4:09
not_found,LandsMaps ไม่พบโฉนด,15724,10_05_224002,10,5,224002,กรุงเทพมหานคร,บางเขน,2,ห้องชุด/คอนโด,,,23.68,"579, 28378, 224002, 224003, 224004, 224005",7/11/2026 4:09
not_found,LandsMaps ไม่พบโฉนด,15724,10_05_224003,10,5,224003,กรุงเทพมหานคร,บางเขน,2,ห้องชุด/คอนโด,,,23.68,"579, 28378, 224002, 224003, 224004, 224005",7/11/2026 4:09
not_found,LandsMaps ไม่พบโฉนด,15724,10_05_224004,10,5,224004,กรุงเทพมหานคร,บางเขน,2,ห้องชุด/คอนโด,,,23.68,"579, 28378, 224002, 224003, 224004, 224005",7/11/2026 4:09
not_found,LandsMaps ไม่พบโฉนด,15724,10_05_224005,10,5,224005,กรุงเทพมหานคร,บางเขน,2,ห้องชุด/คอนโด,,,23.68,"579, 28378, 224002, 224003, 224004, 224005",7/11/2026 4:09
not_found,LandsMaps ไม่พบโฉนด,15725,10_42_38810,10,42,38810,กรุงเทพมหานคร,สายไหม,3,ที่ดิน+สิ่งปลูกสร้าง,,,31.2,38810,7/11/2026 4:09
not_found,LandsMaps ไม่พบโฉนด,15726,10_41_5258,10,41,5258,กรุงเทพมหานคร,หลักสี่,3,ที่ดิน+สิ่งปลูกสร้าง,,,31.3,5258,7/11/2026 4:09
not_found,LandsMaps ไม่พบโฉนด,15727,10_36_28651,10,36,28651,กรุงเทพมหานคร,ดอนเมือง,2,ห้องชุด/คอนโด,,,24.2,28651,7/11/2026 4:09
not_found,LandsMaps ไม่พบโฉนด,15728,10_36_6876,10,36,6876,กรุงเทพมหานคร,ดอนเมือง,3,ที่ดิน+สิ่งปลูกสร้าง,,,19.5,6876,7/11/2026 4:09
not_found,LandsMaps ไม่พบโฉนด,15729,10_41_4078,10,41,4078,กรุงเทพมหานคร,หลักสี่,2,ห้องชุด/คอนโด,,,38.69,4078,7/11/2026 4:10
not_found,LandsMaps ไม่พบโฉนด,15730,10_05_106176,10,5,106176,กรุงเทพมหานคร,บางเขน,3,ที่ดิน+สิ่งปลูกสร้าง,,,55,106176,7/11/2026 4:10
not_found,LandsMaps ไม่พบโฉนด,15732,10_05_103842,10,5,103842,กรุงเทพมหานคร,บางเขน,2,ห้องชุด/คอนโด,,,27.22,103842,7/11/2026 4:10
not_found,LandsMaps ไม่พบโฉนด,15733,10_05_34891,10,5,34891,กรุงเทพมหานคร,บางเขน,2,ห้องชุด/คอนโด,,,33.11,34891,7/11/2026 4:10
not_found,LandsMaps ไม่พบโฉนด,15734,10_36_2114,10,36,2114,กรุงเทพมหานคร,ดอนเมือง,3,ที่ดิน+สิ่งปลูกสร้าง,,,18.7,2114,7/11/2026 4:10
not_found,LandsMaps ไม่พบโฉนด,15735,10_36_5486,10,36,5486,กรุงเทพมหานคร,ดอนเมือง,3,ที่ดิน+สิ่งปลูกสร้าง,,,16,5486,7/11/2026 4:10
not_found,LandsMaps ไม่พบโฉนด,15736,10_05_109539,10,5,109539,กรุงเทพมหานคร,บางเขน,3,ที่ดิน+สิ่งปลูกสร้าง,,,25,109539,7/11/2026 4:10
not_found,LandsMaps ไม่พบโฉนด,15737,10_05_32413,10,5,32413,กรุงเทพมหานคร,บางเขน,2,ห้องชุด/คอนโด,,,31.06,32413,7/11/2026 4:10
not_found,LandsMaps ไม่พบโฉนด,15738,10_05_184274,10,5,184274,กรุงเทพมหานคร,บางเขน,2,ห้องชุด/คอนโด,,,20.37,184274,7/11/2026 4:10
not_found,LandsMaps ไม่พบโฉนด,15739,10_36_9879,10,36,9879,กรุงเทพมหานคร,ดอนเมือง,2,ห้องชุด/คอนโด,,,34.25,9879,7/11/2026 4:10
not_found,LandsMaps ไม่พบโฉนด,15740,10_36_7419,10,36,7419,กรุงเทพมหานคร,ดอนเมือง,2,ห้องชุด/คอนโด,,,28.29,7419,7/11/2026 4:10
not_found,LandsMaps ไม่พบโฉนด,15741,10_05_184276,10,5,184276,กรุงเทพมหานคร,บางเขน,2,ห้องชุด/คอนโด,,,20.37,184276,7/11/2026 4:10
not_found,LandsMaps ไม่พบโฉนด,15742,10_36_131132,10,36,131132,กรุงเทพมหานคร,ดอนเมือง,2,ห้องชุด/คอนโด,,,26.25,131132,7/11/2026 4:10
not_found,LandsMaps ไม่พบโฉนด,15743,10_36_133287,10,36,133287,กรุงเทพมหานคร,ดอนเมือง,2,ห้องชุด/คอนโด,,,26.09,133287,7/11/2026 4:10
not_found,LandsMaps ไม่พบโฉนด,15744,10_36_18253,10,36,18253,กรุงเทพมหานคร,ดอนเมือง,2,ห้องชุด/คอนโด,,,26,"18253, 18254",7/11/2026 4:10
not_found,LandsMaps ไม่พบโฉนด,15744,10_36_18254,10,36,18254,กรุงเทพมหานคร,ดอนเมือง,2,ห้องชุด/คอนโด,,,26,"18253, 18254",7/11/2026 4:10
not_found,LandsMaps ไม่พบโฉนด,15745,10_36_6106,10,36,6106,กรุงเทพมหานคร,ดอนเมือง,2,ห้องชุด/คอนโด,,,26.09,"6106, 6107, 6108",7/11/2026 4:10
not_found,LandsMaps ไม่พบโฉนด,15745,10_36_6107,10,36,6107,กรุงเทพมหานคร,ดอนเมือง,2,ห้องชุด/คอนโด,,,26.09,"6106, 6107, 6108",7/11/2026 4:10
not_found,LandsMaps ไม่พบโฉนด,15745,10_36_6108,10,36,6108,กรุงเทพมหานคร,ดอนเมือง,2,ห้องชุด/คอนโด,,,26.09,"6106, 6107, 6108",7/11/2026 4:10
not_found,LandsMaps ไม่พบโฉนด,15746,10_42_25208,10,42,25208,กรุงเทพมหานคร,สายไหม,2,ห้องชุด/คอนโด,,,31.85,"25208 , 25214",7/11/2026 4:10
not_found,LandsMaps ไม่พบโฉนด,15746,10_42_25214,10,42,25214,กรุงเทพมหานคร,สายไหม,2,ห้องชุด/คอนโด,,,31.85,"25208 , 25214",7/11/2026 4:10
not_found,LandsMaps ไม่พบโฉนด,15747,10_36_6115,10,36,6115,กรุงเทพมหานคร,ดอนเมือง,2,ห้องชุด/คอนโด,,,26.09,"611,561,166,118",7/11/2026 4:10
not_found,LandsMaps ไม่พบโฉนด,15747,10_36_6116,10,36,6116,กรุงเทพมหานคร,ดอนเมือง,2,ห้องชุด/คอนโด,,,26.09,"611,561,166,118",7/11/2026 4:10
not_found,LandsMaps ไม่พบโฉนด,15747,10_36_6118,10,36,6118,กรุงเทพมหานคร,ดอนเมือง,2,ห้องชุด/คอนโด,,,26.09,"611,561,166,118",7/11/2026 4:10
not_found,LandsMaps ไม่พบโฉนด,15748,10_36_3167,10,36,3167,กรุงเทพมหานคร,ดอนเมือง,2,ห้องชุด/คอนโด,,,26,"316,761,046,105",7/11/2026 4:10
not_found,LandsMaps ไม่พบโฉนด,15748,10_36_6104,10,36,6104,กรุงเทพมหานคร,ดอนเมือง,2,ห้องชุด/คอนโด,,,26,"316,761,046,105",7/11/2026 4:10
not_found,LandsMaps ไม่พบโฉนด,15748,10_36_6105,10,36,6105,กรุงเทพมหานคร,ดอนเมือง,2,ห้องชุด/คอนโด,,,26,"316,761,046,105",7/11/2026 4:10
not_found,LandsMaps ไม่พบโฉนด,15749,10_05_17792,10,5,17792,กรุงเทพมหานคร,บางเขน,2,ห้องชุด/คอนโด,,,28.125,"17,792,165,081",7/11/2026 4:10
not_found,LandsMaps ไม่พบโฉนด,15749,10_05_165081,10,5,165081,กรุงเทพมหานคร,บางเขน,2,ห้องชุด/คอนโด,,,28.125,"17,792,165,081",7/11/2026 4:10
not_found,LandsMaps ไม่พบโฉนด,15750,10_05_178084,10,5,178084,กรุงเทพมหานคร,บางเขน,2,ห้องชุด/คอนโด,,,21,178084,7/11/2026 4:10
not_found,LandsMaps ไม่พบโฉนด,15751,10_36_6106,10,36,6106,กรุงเทพมหานคร,ดอนเมือง,2,ห้องชุด/คอนโด,,,26.09,"610,661,076,108",7/11/2026 4:10
not_found,LandsMaps ไม่พบโฉนด,15751,10_36_6107,10,36,6107,กรุงเทพมหานคร,ดอนเมือง,2,ห้องชุด/คอนโด,,,26.09,"610,661,076,108",7/11/2026 4:10
not_found,LandsMaps ไม่พบโฉนด,15751,10_36_6108,10,36,6108,กรุงเทพมหานคร,ดอนเมือง,2,ห้องชุด/คอนโด,,,26.09,"610,661,076,108",7/11/2026 4:10
not_found,LandsMaps ไม่พบโฉนด,15752,10_36_18327,10,36,18327,กรุงเทพมหานคร,ดอนเมือง,2,ห้องชุด/คอนโด,,,25.54,18327,7/11/2026 4:10
not_found,LandsMaps ไม่พบโฉนด,15753,10_05_17792,10,5,17792,กรุงเทพมหานคร,บางเขน,2,ห้องชุด/คอนโด,,,28.125,"17,792,165,081",7/11/2026 4:10
not_found,LandsMaps ไม่พบโฉนด,15753,10_05_165081,10,5,165081,กรุงเทพมหานคร,บางเขน,2,ห้องชุด/คอนโด,,,28.125,"17,792,165,081",7/11/2026 4:10
not_found,LandsMaps ไม่พบโฉนด,15754,10_36_131118,10,36,131118,กรุงเทพมหานคร,ดอนเมือง (ตลาดขวัญ),2,ห้องชุด/คอนโด,,,26.25,131118,7/11/2026 4:10
not_found,LandsMaps ไม่พบโฉนด,15755,10_41_7420,10,41,7420,กรุงเทพมหานคร,หลักสี่,2,ห้องชุด/คอนโด,,,28.37,7420,7/11/2026 4:10
not_found,LandsMaps ไม่พบโฉนด,15756,10_05_180273,10,5,180273,กรุงเทพมหานคร,บางเขน,2,ห้องชุด/คอนโด,,,25.19,180273,7/11/2026 4:10
not_found,LandsMaps ไม่พบโฉนด,15757,10_42_25207,10,42,25207,กรุงเทพมหานคร,สายไหม,2,ห้องชุด/คอนโด,,,31.85,"2,520,725,212",7/11/2026 4:10
not_found,LandsMaps ไม่พบโฉนด,15757,10_42_25212,10,42,25212,กรุงเทพมหานคร,สายไหม,2,ห้องชุด/คอนโด,,,31.85,"2,520,725,212",7/11/2026 4:10
not_found,LandsMaps ไม่พบโฉนด,15758,10_05_17792,10,5,17792,กรุงเทพมหานคร,บางเขน,2,ห้องชุด/คอนโด,,,28.125,"17,792,165,081",7/11/2026 4:10
not_found,LandsMaps ไม่พบโฉนด,15758,10_05_165081,10,5,165081,กรุงเทพมหานคร,บางเขน,2,ห้องชุด/คอนโด,,,28.125,"17,792,165,081",7/11/2026 4:10
not_found,LandsMaps ไม่พบโฉนด,15759,10_36_131125,10,36,131125,กรุงเทพมหานคร,ดอนเมือง (ตลาดขวัญ),2,ห้องชุด/คอนโด,,,26.09,131125,7/11/2026 4:10
not_found,LandsMaps ไม่พบโฉนด,15760,10_42_25207,10,42,25207,กรุงเทพมหานคร,สายไหม,2,ห้องชุด/คอนโด,,,31.85,"2,520,725,212",7/11/2026 4:10
not_found,LandsMaps ไม่พบโฉนด,15760,10_42_25212,10,42,25212,กรุงเทพมหานคร,สายไหม,2,ห้องชุด/คอนโด,,,31.85,"2,520,725,212",7/11/2026 4:10
not_found,LandsMaps ไม่พบโฉนด,15761,10_42_25206,10,42,25206,กรุงเทพมหานคร,สายไหม,2,ห้องชุด/คอนโด,,,31.85,"25,206,252,092,521,100,000",7/11/2026 4:10
not_found,LandsMaps ไม่พบโฉนด,15761,10_42_25209,10,42,25209,กรุงเทพมหานคร,สายไหม,2,ห้องชุด/คอนโด,,,31.85,"25,206,252,092,521,100,000",7/11/2026 4:10
not_found,LandsMaps ไม่พบโฉนด,15761,10_42_25211,10,42,25211,กรุงเทพมหานคร,สายไหม,2,ห้องชุด/คอนโด,,,31.85,"25,206,252,092,521,100,000",7/11/2026 4:10
not_found,LandsMaps ไม่พบโฉนด,15761,10_42_25216,10,42,25216,กรุงเทพมหานคร,สายไหม,2,ห้องชุด/คอนโด,,,31.85,"25,206,252,092,521,100,000",7/11/2026 4:10
not_found,LandsMaps ไม่พบโฉนด,15762,10_36_6106,10,36,6106,กรุงเทพมหานคร,ดอนเมือง,2,ห้องชุด/คอนโด,,,26.09,"610,661,076,108",7/11/2026 4:10
not_found,LandsMaps ไม่พบโฉนด,15762,10_36_6107,10,36,6107,กรุงเทพมหานคร,ดอนเมือง,2,ห้องชุด/คอนโด,,,26.09,"610,661,076,108",7/11/2026 4:10
not_found,LandsMaps ไม่พบโฉนด,15762,10_36_6108,10,36,6108,กรุงเทพมหานคร,ดอนเมือง,2,ห้องชุด/คอนโด,,,26.09,"610,661,076,108",7/11/2026 4:10
not_found,LandsMaps ไม่พบโฉนด,15763,10_36_18371,10,36,18371,กรุงเทพมหานคร,ดอนเมือง,2,ห้องชุด/คอนโด,,,25.54,18371,7/11/2026 4:10
not_found,LandsMaps ไม่พบโฉนด,15764,10_36_3617,10,36,3617,กรุงเทพมหานคร,ดอนเมือง,2,ห้องชุด/คอนโด,,,26,"361,761,046,105",7/11/2026 4:10
not_found,LandsMaps ไม่พบโฉนด,15764,10_36_6104,10,36,6104,กรุงเทพมหานคร,ดอนเมือง,2,ห้องชุด/คอนโด,,,26,"361,761,046,105",7/11/2026 4:10
not_found,LandsMaps ไม่พบโฉนด,15764,10_36_6105,10,36,6105,กรุงเทพมหานคร,ดอนเมือง,2,ห้องชุด/คอนโด,,,26,"361,761,046,105",7/11/2026 4:10
not_found,LandsMaps ไม่พบโฉนด,15765,10_36_18371,10,36,18371,กรุงเทพมหานคร,ดอนเมือง,2,ห้องชุด/คอนโด,,,25.6,18371,7/11/2026 4:10
not_found,LandsMaps ไม่พบโฉนด,15766,10_36_7155,10,36,7155,กรุงเทพมหานคร,ดอนเมือง,3,ที่ดิน+สิ่งปลูกสร้าง,,,17.6,7155,7/11/2026 4:10
not_found,LandsMaps ไม่พบโฉนด,15767,10_36_28651,10,36,28651,กรุงเทพมหานคร,ดอนเมือง,2,ห้องชุด/คอนโด,,,28.37,28651,7/11/2026 4:10
not_found,LandsMaps ไม่พบโฉนด,15768,10_05_190321,10,5,190321,กรุงเทพมหานคร,บางเขน,3,ที่ดิน+สิ่งปลูกสร้าง,,,29.9,190321,7/11/2026 4:10
not_found,LandsMaps ไม่พบโฉนด,15769,10_42_31777,10,42,31777,กรุงเทพมหานคร,สายไหม,2,ห้องชุด/คอนโด,,,26.67,"31777, 32365",7/11/2026 4:10
not_found,LandsMaps ไม่พบโฉนด,15769,10_42_32365,10,42,32365,กรุงเทพมหานคร,สายไหม,2,ห้องชุด/คอนโด,,,26.67,"31777, 32365",7/11/2026 4:10
not_found,LandsMaps ไม่พบโฉนด,15770,10_36_21496,10,36,21496,กรุงเทพมหานคร,ดอนเมือง,3,ที่ดิน+สิ่งปลูกสร้าง,,,52.1,21496,7/11/2026 4:10
not_found,LandsMaps ไม่พบโฉนด,15771,10_05_14585,10,5,14585,กรุงเทพมหานคร,บางเขน(ตลาดขวัญ),2,ห้องชุด/คอนโด,,,28.21,"14585,16314-16322,16325-16333,106386-106387ฯ",7/11/2026 4:10
not_found,LandsMaps ไม่พบโฉนด,15771,10_05_16314,10,5,16314,กรุงเทพมหานคร,บางเขน(ตลาดขวัญ),2,ห้องชุด/คอนโด,,,28.21,"14585,16314-16322,16325-16333,106386-106387ฯ",7/11/2026 4:10
not_found,LandsMaps ไม่พบโฉนด,15771,10_05_16315,10,5,16315,กรุงเทพมหานคร,บางเขน(ตลาดขวัญ),2,ห้องชุด/คอนโด,,,28.21,"14585,16314-16322,16325-16333,106386-106387ฯ",7/11/2026 4:10
not_found,LandsMaps ไม่พบโฉนด,15771,10_05_16316,10,5,16316,กรุงเทพมหานคร,บางเขน(ตลาดขวัญ),2,ห้องชุด/คอนโด,,,28.21,"14585,16314-16322,16325-16333,106386-106387ฯ",7/11/2026 4:10
not_found,LandsMaps ไม่พบโฉนด,15771,10_05_16317,10,5,16317,กรุงเทพมหานคร,บางเขน(ตลาดขวัญ),2,ห้องชุด/คอนโด,,,28.21,"14585,16314-16322,16325-16333,106386-106387ฯ",7/11/2026 4:10
not_found,LandsMaps ไม่พบโฉนด,15771,10_05_16318,10,5,16318,กรุงเทพมหานคร,บางเขน(ตลาดขวัญ),2,ห้องชุด/คอนโด,,,28.21,"14585,16314-16322,16325-16333,106386-106387ฯ",7/11/2026 4:10
not_found,LandsMaps ไม่พบโฉนด,15771,10_05_16319,10,5,16319,กรุงเทพมหานคร,บางเขน(ตลาดขวัญ),2,ห้องชุด/คอนโด,,,28.21,"14585,16314-16322,16325-16333,106386-106387ฯ",7/11/2026 4:10
not_found,LandsMaps ไม่พบโฉนด,15771,10_05_16320,10,5,16320,กรุงเทพมหานคร,บางเขน(ตลาดขวัญ),2,ห้องชุด/คอนโด,,,28.21,"14585,16314-16322,16325-16333,106386-106387ฯ",7/11/2026 4:10
not_found,LandsMaps ไม่พบโฉนด,15771,10_05_16321,10,5,16321,กรุงเทพมหานคร,บางเขน(ตลาดขวัญ),2,ห้องชุด/คอนโด,,,28.21,"14585,16314-16322,16325-16333,106386-106387ฯ",7/11/2026 4:10
not_found,LandsMaps ไม่พบโฉนด,15771,10_05_16322,10,5,16322,กรุงเทพมหานคร,บางเขน(ตลาดขวัญ),2,ห้องชุด/คอนโด,,,28.21,"14585,16314-16322,16325-16333,106386-106387ฯ",7/11/2026 4:10
not_found,LandsMaps ไม่พบโฉนด,15771,10_05_16325,10,5,16325,กรุงเทพมหานคร,บางเขน(ตลาดขวัญ),2,ห้องชุด/คอนโด,,,28.21,"14585,16314-16322,16325-16333,106386-106387ฯ",7/11/2026 4:10
not_found,LandsMaps ไม่พบโฉนด,15771,10_05_16326,10,5,16326,กรุงเทพมหานคร,บางเขน(ตลาดขวัญ),2,ห้องชุด/คอนโด,,,28.21,"14585,16314-16322,16325-16333,106386-106387ฯ",7/11/2026 4:10
not_found,LandsMaps ไม่พบโฉนด,15771,10_05_16327,10,5,16327,กรุงเทพมหานคร,บางเขน(ตลาดขวัญ),2,ห้องชุด/คอนโด,,,28.21,"14585,16314-16322,16325-16333,106386-106387ฯ",7/11/2026 4:10
not_found,LandsMaps ไม่พบโฉนด,15771,10_05_16328,10,5,16328,กรุงเทพมหานคร,บางเขน(ตลาดขวัญ),2,ห้องชุด/คอนโด,,,28.21,"14585,16314-16322,16325-16333,106386-106387ฯ",7/11/2026 4:10
not_found,LandsMaps ไม่พบโฉนด,15771,10_05_16329,10,5,16329,กรุงเทพมหานคร,บางเขน(ตลาดขวัญ),2,ห้องชุด/คอนโด,,,28.21,"14585,16314-16322,16325-16333,106386-106387ฯ",7/11/2026 4:10
not_found,LandsMaps ไม่พบโฉนด,15771,10_05_16330,10,5,16330,กรุงเทพมหานคร,บางเขน(ตลาดขวัญ),2,ห้องชุด/คอนโด,,,28.21,"14585,16314-16322,16325-16333,106386-106387ฯ",7/11/2026 4:10
not_found,LandsMaps ไม่พบโฉนด,15771,10_05_16331,10,5,16331,กรุงเทพมหานคร,บางเขน(ตลาดขวัญ),2,ห้องชุด/คอนโด,,,28.21,"14585,16314-16322,16325-16333,106386-106387ฯ",7/11/2026 4:10
not_found,LandsMaps ไม่พบโฉนด,15771,10_05_16332,10,5,16332,กรุงเทพมหานคร,บางเขน(ตลาดขวัญ),2,ห้องชุด/คอนโด,,,28.21,"14585,16314-16322,16325-16333,106386-106387ฯ",7/11/2026 4:10
not_found,LandsMaps ไม่พบโฉนด,15771,10_05_16333,10,5,16333,กรุงเทพมหานคร,บางเขน(ตลาดขวัญ),2,ห้องชุด/คอนโด,,,28.21,"14585,16314-16322,16325-16333,106386-106387ฯ",7/11/2026 4:10
not_found,LandsMaps ไม่พบโฉนด,15771,10_05_106386,10,5,106386,กรุงเทพมหานคร,บางเขน(ตลาดขวัญ),2,ห้องชุด/คอนโด,,,28.21,"14585,16314-16322,16325-16333,106386-106387ฯ",7/11/2026 4:10
not_found,LandsMaps ไม่พบโฉนด,15771,10_05_106387,10,5,106387,กรุงเทพมหานคร,บางเขน(ตลาดขวัญ),2,ห้องชุด/คอนโด,,,28.21,"14585,16314-16322,16325-16333,106386-106387ฯ",7/11/2026 4:10
not_found,LandsMaps ไม่พบโฉนด,15772,10_41_7420,10,41,7420,กรุงเทพมหานคร,หลักสี่,2,ห้องชุด/คอนโด,,,28.37,7420,7/11/2026 4:10
not_found,LandsMaps ไม่พบโฉนด,15773,10_05_216049,10,5,216049,กรุงเทพมหานคร,บางเขน,3,ที่ดิน+สิ่งปลูกสร้าง,,,55.7,216049,7/11/2026 4:10
not_found,LandsMaps ไม่พบโฉนด,15774,10_36_130116,10,36,130116,กรุงเทพมหานคร,ดอนเมือง (ตลาดขวัญ),3,ที่ดิน+สิ่งปลูกสร้าง,,,15,130116,7/11/2026 4:10
not_found,LandsMaps ไม่พบโฉนด,15775,10_42_36449,10,42,36449,กรุงเทพมหานคร,สายไหม,2,ห้องชุด/คอนโด,,,39.53,"364,493,645,036,451,000,000,000,000,000,000,000,000,000,000",7/11/2026 4:10
not_found,LandsMaps ไม่พบโฉนด,15775,10_42_36450,10,42,36450,กรุงเทพมหานคร,สายไหม,2,ห้องชุด/คอนโด,,,39.53,"364,493,645,036,451,000,000,000,000,000,000,000,000,000,000",7/11/2026 4:11
not_found,LandsMaps ไม่พบโฉนด,15775,10_42_36451,10,42,36451,กรุงเทพมหานคร,สายไหม,2,ห้องชุด/คอนโด,,,39.53,"364,493,645,036,451,000,000,000,000,000,000,000,000,000,000",7/11/2026 4:11
not_found,LandsMaps ไม่พบโฉนด,15775,10_42_36452,10,42,36452,กรุงเทพมหานคร,สายไหม,2,ห้องชุด/คอนโด,,,39.53,"364,493,645,036,451,000,000,000,000,000,000,000,000,000,000",7/11/2026 4:11
not_found,LandsMaps ไม่พบโฉนด,15775,10_42_36453,10,42,36453,กรุงเทพมหานคร,สายไหม,2,ห้องชุด/คอนโด,,,39.53,"364,493,645,036,451,000,000,000,000,000,000,000,000,000,000",7/11/2026 4:11
not_found,LandsMaps ไม่พบโฉนด,15775,10_42_36454,10,42,36454,กรุงเทพมหานคร,สายไหม,2,ห้องชุด/คอนโด,,,39.53,"364,493,645,036,451,000,000,000,000,000,000,000,000,000,000",7/11/2026 4:11
not_found,LandsMaps ไม่พบโฉนด,15775,10_42_36455,10,42,36455,กรุงเทพมหานคร,สายไหม,2,ห้องชุด/คอนโด,,,39.53,"364,493,645,036,451,000,000,000,000,000,000,000,000,000,000",7/11/2026 4:11
not_found,LandsMaps ไม่พบโฉนด,15775,10_42_36456,10,42,36456,กรุงเทพมหานคร,สายไหม,2,ห้องชุด/คอนโด,,,39.53,"364,493,645,036,451,000,000,000,000,000,000,000,000,000,000",7/11/2026 4:11
not_found,LandsMaps ไม่พบโฉนด,15775,10_42_36457,10,42,36457,กรุงเทพมหานคร,สายไหม,2,ห้องชุด/คอนโด,,,39.53,"364,493,645,036,451,000,000,000,000,000,000,000,000,000,000",7/11/2026 4:11
not_found,LandsMaps ไม่พบโฉนด,15776,10_05_6295,10,5,6295,กรุงเทพมหานคร,บางเขน,2,ห้องชุด/คอนโด,,,28.91,6295,7/11/2026 4:11
not_found,LandsMaps ไม่พบโฉนด,15777,10_36_28651,10,36,28651,กรุงเทพมหานคร,ดอนเมือง,2,ห้องชุด/คอนโด,,,24.2,28651,7/11/2026 4:11
not_found,LandsMaps ไม่พบโฉนด,15778,10_05_109083,10,5,109083,กรุงเทพมหานคร,บางเขน,2,ห้องชุด/คอนโด,,,23.757,109083,7/11/2026 4:11
not_found,LandsMaps ไม่พบโฉนด,15874,10_39_600,10,39,600,กรุงเทพมหานคร,วัฒนา,1,ที่ดินเปล่า,,1,33,600,7/11/2026 4:11
not_found,LandsMaps ไม่พบโฉนด,15875,10_39_601,10,39,601,กรุงเทพมหานคร,วัฒนา,1,ที่ดินเปล่า,,,31,601,7/11/2026 4:11
not_found,LandsMaps ไม่พบโฉนด,15876,10_33_973,10,33,973,กรุงเทพมหานคร,คลองเตย,1,ที่ดินเปล่า,,,37,973,7/11/2026 4:11
not_found,LandsMaps ไม่พบโฉนด,15877,10_09_974,10,9,974,กรุงเทพมหานคร,พระโขนง,1,ที่ดินเปล่า,,,30,974,7/11/2026 4:11
not_found,LandsMaps ไม่พบโฉนด,15878,10_33_975,10,33,975,กรุงเทพมหานคร,คลองเตย,1,ที่ดินเปล่า,,,30,975,7/11/2026 4:11
not_found,LandsMaps ไม่พบโฉนด,15879,10_09_170860,10,9,170860,กรุงเทพมหานคร,พระโขนง,3,ที่ดิน+สิ่งปลูกสร้าง,,,12.2,170860,7/11/2026 4:11
not_found,LandsMaps ไม่พบโฉนด,15880,10_09_170861,10,9,170861,กรุงเทพมหานคร,พระโขนง,3,ที่ดิน+สิ่งปลูกสร้าง,,,12.1,170861,7/11/2026 4:11
not_found,LandsMaps ไม่พบโฉนด,15881,10_09_170862,10,9,170862,กรุงเทพมหานคร,พระโขนง,3,ที่ดิน+สิ่งปลูกสร้าง,,,12.1,170862,7/11/2026 4:11
not_found,LandsMaps ไม่พบโฉนด,15882,10_09_170863,10,9,170863,กรุงเทพมหานคร,พระโขนง,3,ที่ดิน+สิ่งปลูกสร้าง,,,12.1,170863,7/11/2026 4:11
not_found,LandsMaps ไม่พบโฉนด,15883,10_39_2355,10,39,2355,กรุงเทพมหานคร,วัฒนา,1,ที่ดินเปล่า,,,11,2355,7/11/2026 4:11
not_found,LandsMaps ไม่พบโฉนด,15884,10_39_2356,10,39,2356,กรุงเทพมหานคร,วัฒนา,1,ที่ดินเปล่า,,,35,2356,7/11/2026 4:11
not_found,LandsMaps ไม่พบโฉนด,15885,10_39_2357,10,39,2357,กรุงเทพมหานคร,วัฒนา,1,ที่ดินเปล่า,,,7,2357,7/11/2026 4:11
not_found,LandsMaps ไม่พบโฉนด,15964,10_03_61456,10,3,61456,กรุงเทพมหานคร,หนองจอก,3,ที่ดิน+สิ่งปลูกสร้าง,,,36.5,61456,7/11/2026 4:11
not_found,LandsMaps ไม่พบโฉนด,24833,10_35_27200,10,35,27200,กรุงเทพมหานคร,จอมทอง,3,ที่ดิน+สิ่งปลูกสร้าง,,,19.2,27200 (เดิม 68748),7/11/2026 4:11
not_found,LandsMaps ไม่พบโฉนด,32787,10_10_75841,10,10,75841,กรุงเทพมหานคร,มีนบุรี,3,ที่ดิน+สิ่งปลูกสร้าง,,,57.4,75841,7/11/2026 4:11
not_found,LandsMaps ไม่พบโฉนด,32788,10_03_45049,10,3,45049,กรุงเทพมหานคร,หนองจอก,3,ที่ดิน+สิ่งปลูกสร้าง,,,63,45049,7/11/2026 4:11
not_found,LandsMaps ไม่พบโฉนด,32789,10_43_311,10,43,311,กรุงเทพมหานคร,คันนายาว,3,ที่ดิน+สิ่งปลูกสร้าง,,1,,311,7/11/2026 4:11
not_found,LandsMaps ไม่พบโฉนด,32790,10_43_333,10,43,333,กรุงเทพมหานคร,คันนายาว,3,ที่ดิน+สิ่งปลูกสร้าง,,1,,333,7/11/2026 4:11
not_found,LandsMaps ไม่พบโฉนด,32791,10_43_334,10,43,334,กรุงเทพมหานคร,คันนายาว,3,ที่ดิน+สิ่งปลูกสร้าง,,1,,334,7/11/2026 4:11
not_found,LandsMaps ไม่พบโฉนด,32792,10_43_335,10,43,335,กรุงเทพมหานคร,คันนายาว,3,ที่ดิน+สิ่งปลูกสร้าง,,1,,335,7/11/2026 4:11
not_found,LandsMaps ไม่พบโฉนด,32793,10_43_336,10,43,336,กรุงเทพมหานคร,คันนายาว,3,ที่ดิน+สิ่งปลูกสร้าง,,1,,336,7/11/2026 4:11
not_found,LandsMaps ไม่พบโฉนด,32836,10_43_4963,10,43,4963,กรุงเทพมหานคร,คันนายาว,3,ที่ดิน+สิ่งปลูกสร้าง,,,63.1,4963,7/11/2026 4:11
not_found,LandsMaps ไม่พบโฉนด,32837,10_11_47296,10,11,47296,กรุงเทพมหานคร,ลาดกระบัง,3,ที่ดิน+สิ่งปลูกสร้าง,,,27.5,47296,7/11/2026 4:11
not_found,LandsMaps ไม่พบโฉนด,32838,10_44_4782,10,44,4782,กรุงเทพมหานคร,สะพานสูง,3,ที่ดิน+สิ่งปลูกสร้าง,,,73.9,4782,7/11/2026 4:11
not_found,LandsMaps ไม่พบโฉนด,32839,10_10_10074,10,10,10074,กรุงเทพมหานคร,มีนบุรี,3,ที่ดิน+สิ่งปลูกสร้าง,,,16,10074,7/11/2026 4:11
not_found,LandsMaps ไม่พบโฉนด,32840,10_43_970,10,43,970,กรุงเทพมหานคร,คันนายาว,2,ห้องชุด/คอนโด,,,32.78,970,7/11/2026 4:11
not_found,LandsMaps ไม่พบโฉนด,32841,10_11_54760,10,11,54760,กรุงเทพมหานคร,ลาดกระบัง,3,ที่ดิน+สิ่งปลูกสร้าง,,,64,54760,7/11/2026 4:11
not_found,LandsMaps ไม่พบโฉนด,32842,10_46_65939,10,46,65939,กรุงเทพมหานคร,คลองสามวา,3,ที่ดิน+สิ่งปลูกสร้าง,,,50,65939,7/11/2026 4:11
not_found,LandsMaps ไม่พบโฉนด,32843,10_03_81112,10,3,81112,กรุงเทพมหานคร,หนองจอก,3,ที่ดิน+สิ่งปลูกสร้าง,,,22.5,81112,7/11/2026 4:11
not_found,LandsMaps ไม่พบโฉนด,32844,10_03_87534,10,3,87534,กรุงเทพมหานคร,หนองจอก,3,ที่ดิน+สิ่งปลูกสร้าง,,,40.3,87534,7/11/2026 4:11
not_found,LandsMaps ไม่พบโฉนด,32845,10_05_216557,10,5,216557,กรุงเทพมหานคร,บางเขน,3,ที่ดิน+สิ่งปลูกสร้าง,,,38.6,216557,7/11/2026 4:11
not_found,LandsMaps ไม่พบโฉนด,32846,10_03_78802,10,3,78802,กรุงเทพมหานคร,หนองจอก,3,ที่ดิน+สิ่งปลูกสร้าง,,,71.2,78802,7/11/2026 4:11
not_found,LandsMaps ไม่พบโฉนด,32847,10_46_66037,10,46,66037,กรุงเทพมหานคร,คลองสามวา,3,ที่ดิน+สิ่งปลูกสร้าง,,,50,66037,7/11/2026 4:11
not_found,LandsMaps ไม่พบโฉนด,32848,10_03_9824,10,3,9824,กรุงเทพมหานคร,หนองจอก(เจียระดับ),1,ที่ดินเปล่า,,,98,9824,7/11/2026 4:11
not_found,LandsMaps ไม่พบโฉนด,32849,10_10_25497,10,10,25497,กรุงเทพมหานคร,มีนบุรี,3,ที่ดิน+สิ่งปลูกสร้าง,,,16,25497,7/11/2026 4:11
not_found,LandsMaps ไม่พบโฉนด,32850,10_05_167216,10,5,167216,กรุงเทพมหานคร,บางเขน,3,ที่ดิน+สิ่งปลูกสร้าง,,1,26,167216,7/11/2026 4:11
not_found,LandsMaps ไม่พบโฉนด,32851,10_11_10330,10,11,10330,กรุงเทพมหานคร,ลาดกระบัง(แสนแสบ),3,ที่ดิน+สิ่งปลูกสร้าง,,,88,10330,7/11/2026 4:11
not_found,LandsMaps ไม่พบโฉนด,32856,10_05_201447,10,5,201447,กรุงเทพมหานคร,บางเขน,3,ที่ดิน+สิ่งปลูกสร้าง,,,19.5,201447,7/11/2026 4:11
not_found,LandsMaps ไม่พบโฉนด,32857,10_11_58422,10,11,58422,กรุงเทพมหานคร,ลาดกระบัง,3,ที่ดิน+สิ่งปลูกสร้าง,,,24.9,58422,7/11/2026 4:11
not_found,LandsMaps ไม่พบโฉนด,32858,10_03_66241,10,3,66241,กรุงเทพมหานคร,หนองจอก,1,ที่ดินเปล่า,1,,,66241,7/11/2026 4:11
not_found,LandsMaps ไม่พบโฉนด,32859,10_11_23013,10,11,23013,กรุงเทพมหานคร,ลาดกระบัง,3,ที่ดิน+สิ่งปลูกสร้าง,,,19.5,23013,7/11/2026 4:11
not_found,LandsMaps ไม่พบโฉนด,32860,10_03_71936,10,3,71936,กรุงเทพมหานคร,หนองจอก,3,ที่ดิน+สิ่งปลูกสร้าง,,,23,71936,7/11/2026 4:11
not_found,LandsMaps ไม่พบโฉนด,32883,10_05_221065,10,5,221065,กรุงเทพมหานคร,บางเขน,3,ที่ดิน+สิ่งปลูกสร้าง,,,60.9,221065,7/11/2026 4:11
not_found,LandsMaps ไม่พบโฉนด,32884,10_03_70056,10,3,70056,กรุงเทพมหานคร,หนองจอก,3,ที่ดิน+สิ่งปลูกสร้าง,,1,0.1,70056,7/11/2026 4:11
not_found,LandsMaps ไม่พบโฉนด,32885,10_11_42066,10,11,42066,กรุงเทพมหานคร,ลาดกระบัง,2,ห้องชุด/คอนโด,,,32.94,"42066, 42068",7/11/2026 4:11
not_found,LandsMaps ไม่พบโฉนด,32885,10_11_42068,10,11,42068,กรุงเทพมหานคร,ลาดกระบัง,2,ห้องชุด/คอนโด,,,32.94,"42066, 42068",7/11/2026 4:11
not_found,LandsMaps ไม่พบโฉนด,32886,10_05_217508,10,5,217508,กรุงเทพมหานคร,บางเขน,2,ห้องชุด/คอนโด,,,31.85,"217,508,217,511",7/11/2026 4:11
not_found,LandsMaps ไม่พบโฉนด,32886,10_05_217511,10,5,217511,กรุงเทพมหานคร,บางเขน,2,ห้องชุด/คอนโด,,,31.85,"217,508,217,511",7/11/2026 4:11
not_found,LandsMaps ไม่พบโฉนด,32887,10_10_29960,10,10,29960,กรุงเทพมหานคร,มีนบุรี (แสนแสบ),3,ที่ดิน+สิ่งปลูกสร้าง,,,50,29960,7/11/2026 4:11
not_found,LandsMaps ไม่พบโฉนด,32888,10_10_75602,10,10,75602,กรุงเทพมหานคร,มีนบุรี,3,ที่ดิน+สิ่งปลูกสร้าง,,,25.5,75602,7/11/2026 4:11
not_found,LandsMaps ไม่พบโฉนด,32889,10_11_64546,10,11,64546,กรุงเทพมหานคร,ลาดกระบัง,3,ที่ดิน+สิ่งปลูกสร้าง,,,19.9,64546,7/11/2026 4:11
not_found,LandsMaps ไม่พบโฉนด,32890,10_05_225122,10,5,225122,กรุงเทพมหานคร,บางเขน,3,ที่ดิน+สิ่งปลูกสร้าง,,,58,225122,7/11/2026 4:11
not_found,LandsMaps ไม่พบโฉนด,32891,10_03_31483,10,3,31483,กรุงเทพมหานคร,หนองจอก,2,ห้องชุด/คอนโด,,,26.97,31483,7/11/2026 4:11
no_amphur,แปลงอำเภอไม่ได้,32897,,10,,,กรุงเทพมหานคร,มีนบุรึ,3,ที่ดิน+สิ่งปลูกสร้าง,,1,2,17173,7/11/2026 4:11
not_found,LandsMaps ไม่พบโฉนด,32898,10_10_17174,10,10,17174,กรุงเทพมหานคร,มีนบุรี,3,ที่ดิน+สิ่งปลูกสร้าง,,1,2,17174,7/11/2026 4:11
not_found,LandsMaps ไม่พบโฉนด,32934,10_06_11072,10,6,11072,กรุงเทพมหานคร,บางกะปิ,2,ห้องชุด/คอนโด,,,27.38,"1,107,210,985",7/11/2026 4:11
not_found,LandsMaps ไม่พบโฉนด,32934,10_06_10985,10,6,10985,กรุงเทพมหานคร,บางกะปิ,2,ห้องชุด/คอนโด,,,27.38,"1,107,210,985",7/11/2026 4:11
not_found,LandsMaps ไม่พบโฉนด,32935,10_06_11072,10,6,11072,กรุงเทพมหานคร,บางกะปิ,2,ห้องชุด/คอนโด,,,27.38,"1,107,210,985",7/11/2026 4:11
not_found,LandsMaps ไม่พบโฉนด,32935,10_06_10985,10,6,10985,กรุงเทพมหานคร,บางกะปิ,2,ห้องชุด/คอนโด,,,27.38,"1,107,210,985",7/11/2026 4:11
not_found,LandsMaps ไม่พบโฉนด,32938,10_05_225563,10,5,225563,กรุงเทพมหานคร,บางเขน,3,ที่ดิน+สิ่งปลูกสร้าง,,1,46.3,225563,7/11/2026 4:11
not_found,LandsMaps ไม่พบโฉนด,32939,10_42_13590,10,42,13590,กรุงเทพมหานคร,สายไหม,3,ที่ดิน+สิ่งปลูกสร้าง,,1,47.5,13590,7/11/2026 4:11
not_found,LandsMaps ไม่พบโฉนด,32946,10_03_13425,10,3,13425,กรุงเทพมหานคร,หนองจอก,1,ที่ดินเปล่า,,2,,13425,7/11/2026 4:11
not_found,LandsMaps ไม่พบโฉนด,32951,10_03_80244,10,3,80244,กรุงเทพมหานคร,หนองจอก,1,ที่ดินเปล่า,,1,,80244,7/11/2026 4:11
not_found,LandsMaps ไม่พบโฉนด,32955,10_10_23928,10,10,23928,กรุงเทพมหานคร,มีนบุรี,2,ห้องชุด/คอนโด,,,27.25,23928,7/11/2026 4:11
not_found,LandsMaps ไม่พบโฉนด,32956,10_10_23928,10,10,23928,กรุงเทพมหานคร,มีนบุรี,2,ห้องชุด/คอนโด,,,27.25,23928,7/11/2026 4:11
not_found,LandsMaps ไม่พบโฉนด,32984,10_11_38649,10,11,38649,กรุงเทพมหานคร,ลาดกระบัง,2,ห้องชุด/คอนโด,,,33.3,"3,864,938,650",7/11/2026 4:11
not_found,LandsMaps ไม่พบโฉนด,32984,10_11_38650,10,11,38650,กรุงเทพมหานคร,ลาดกระบัง,2,ห้องชุด/คอนโด,,,33.3,"3,864,938,650",7/11/2026 4:11
not_found,LandsMaps ไม่พบโฉนด,32985,10_03_59382,10,3,59382,กรุงเทพมหานคร,หนองจอก,3,ที่ดิน+สิ่งปลูกสร้าง,,,26.6,59382,7/11/2026 4:11
not_found,LandsMaps ไม่พบโฉนด,32986,10_46_68531,10,46,68531,กรุงเทพมหานคร,คลองสามวา,3,ที่ดิน+สิ่งปลูกสร้าง,,,24,68531,7/11/2026 4:11
not_found,LandsMaps ไม่พบโฉนด,32987,10_03_60533,10,3,60533,กรุงเทพมหานคร,หนองจอก,3,ที่ดิน+สิ่งปลูกสร้าง,,,24,60533,7/11/2026 4:11
not_found,LandsMaps ไม่พบโฉนด,32988,10_43_970,10,43,970,กรุงเทพมหานคร,คันนายาว,2,ห้องชุด/คอนโด,,,33.02,970,7/11/2026 4:11
not_found,LandsMaps ไม่พบโฉนด,32989,10_10_75416,10,10,75416,กรุงเทพมหานคร,มีนบุรี,3,ที่ดิน+สิ่งปลูกสร้าง,,,63.9,75416,7/11/2026 4:11
not_found,LandsMaps ไม่พบโฉนด,32990,10_05_69288,10,5,69288,กรุงเทพมหานคร,บางเขน,2,ห้องชุด/คอนโด,,,33.06,"69288 , 69289",7/11/2026 4:11
not_found,LandsMaps ไม่พบโฉนด,32990,10_05_69289,10,5,69289,กรุงเทพมหานคร,บางเขน,2,ห้องชุด/คอนโด,,,33.06,"69288 , 69289",7/11/2026 4:11
not_found,LandsMaps ไม่พบโฉนด,32991,10_10_10643,10,10,10643,กรุงเทพมหานคร,มีนบุรี(แสนแสบ),1,ที่ดินเปล่า,,1,,10643,7/11/2026 4:11
not_found,LandsMaps ไม่พบโฉนด,32992,10_10_10644,10,10,10644,กรุงเทพมหานคร,มีนบุรี(แสนแสบ),1,ที่ดินเปล่า,,1,1,10644,7/11/2026 4:11
not_found,LandsMaps ไม่พบโฉนด,32993,10_10_16797,10,10,16797,กรุงเทพมหานคร,มีนบุรี(เมือง),3,ที่ดิน+สิ่งปลูกสร้าง,,,27,16797,7/11/2026 4:11
not_found,LandsMaps ไม่พบโฉนด,32994,10_05_217508,10,5,217508,กรุงเทพมหานคร,บางเขน,2,ห้องชุด/คอนโด,,,31.85,"217,508,217,511",7/11/2026 4:11
not_found,LandsMaps ไม่พบโฉนด,32994,10_05_217511,10,5,217511,กรุงเทพมหานคร,บางเขน,2,ห้องชุด/คอนโด,,,31.85,"217,508,217,511",7/11/2026 4:11
not_found,LandsMaps ไม่พบโฉนด,32995,10_11_23592,10,11,23592,กรุงเทพมหานคร,ลาดกระบัง,2,ห้องชุด/คอนโด,,,44.86,"2,359,223,593",7/11/2026 4:12
not_found,LandsMaps ไม่พบโฉนด,32995,10_11_23593,10,11,23593,กรุงเทพมหานคร,ลาดกระบัง,2,ห้องชุด/คอนโด,,,44.86,"2,359,223,593",7/11/2026 4:12
not_found,LandsMaps ไม่พบโฉนด,32996,10_11_38649,10,11,38649,กรุงเทพมหานคร,ลาดกระบัง,2,ห้องชุด/คอนโด,,,34.96,"3,864,938,650",7/11/2026 4:12
not_found,LandsMaps ไม่พบโฉนด,32996,10_11_38650,10,11,38650,กรุงเทพมหานคร,ลาดกระบัง,2,ห้องชุด/คอนโด,,,34.96,"3,864,938,650",7/11/2026 4:12
not_found,LandsMaps ไม่พบโฉนด,32997,10_46_102234,10,46,102234,กรุงเทพมหานคร,คลองสามวา,3,ที่ดิน+สิ่งปลูกสร้าง,,,20,102234,7/11/2026 4:12
not_found,LandsMaps ไม่พบโฉนด,32998,10_44_10975,10,44,10975,กรุงเทพมหานคร,สะพานสูง,3,ที่ดิน+สิ่งปลูกสร้าง,,,25,10975,7/11/2026 4:12
not_found,LandsMaps ไม่พบโฉนด,32999,10_05_220591,10,5,220591,กรุงเทพมหานคร,บางเขน,3,ที่ดิน+สิ่งปลูกสร้าง,,,29.8,220591,7/11/2026 4:12
not_found,LandsMaps ไม่พบโฉนด,33000,10_10_7622,10,10,7622,กรุงเทพมหานคร,มีนบุรี,2,ห้องชุด/คอนโด,,,34.31,"762,276,267,624",7/11/2026 4:12
not_found,LandsMaps ไม่พบโฉนด,33000,10_10_7626,10,10,7626,กรุงเทพมหานคร,มีนบุรี,2,ห้องชุด/คอนโด,,,34.31,"762,276,267,624",7/11/2026 4:12
not_found,LandsMaps ไม่พบโฉนด,33000,10_10_7624,10,10,7624,กรุงเทพมหานคร,มีนบุรี,2,ห้องชุด/คอนโด,,,34.31,"762,276,267,624",7/11/2026 4:12
not_found,LandsMaps ไม่พบโฉนด,33001,10_05_223046,10,5,223046,กรุงเทพมหานคร,บางเขน,3,ที่ดิน+สิ่งปลูกสร้าง,,,24.2,223046,7/11/2026 4:12
not_found,LandsMaps ไม่พบโฉนด,33002,10_44_11249,10,44,11249,กรุงเทพมหานคร,สะพานสูง,3,ที่ดิน+สิ่งปลูกสร้าง,,,38.1,11249,7/11/2026 4:12
not_found,LandsMaps ไม่พบโฉนด,33003,10_06_104891,10,6,104891,กรุงเทพมหานคร,บางกะปิ,3,ที่ดิน+สิ่งปลูกสร้าง,,,15.5,104891,7/11/2026 4:12
not_found,LandsMaps ไม่พบโฉนด,33017,10_11_48959,10,11,48959,กรุงเทพมหานคร,ลาดกระบัง,3,ที่ดิน+สิ่งปลูกสร้าง,,,24.1,48959,7/11/2026 4:12
not_found,LandsMaps ไม่พบโฉนด,33018,10_10_11539,10,10,11539,กรุงเทพมหานคร,มีนบุรี,3,ที่ดิน+สิ่งปลูกสร้าง,,,50,11539,7/11/2026 4:12
not_found,LandsMaps ไม่พบโฉนด,33019,10_11_56841,10,11,56841,กรุงเทพมหานคร,ลาดกระบัง,3,ที่ดิน+สิ่งปลูกสร้าง,,,17.9,56841,7/11/2026 4:12
not_found,LandsMaps ไม่พบโฉนด,33020,10_42_52665,10,42,52665,กรุงเทพมหานคร,สายไหม (คลองหกวาสายล่างฝั่งใต้),3,ที่ดิน+สิ่งปลูกสร้าง,,,16,52665,7/11/2026 4:12
not_found,LandsMaps ไม่พบโฉนด,33021,10_11_52083,10,11,52083,กรุงเทพมหานคร,ลาดกระบัง,3,ที่ดิน+สิ่งปลูกสร้าง,,,52.5,52083,7/11/2026 4:12
not_found,LandsMaps ไม่พบโฉนด,33022,10_42_13008,10,42,13008,กรุงเทพมหานคร,(บางเขน)สายไหม,1,ที่ดินเปล่า,,,45.7,13008,7/11/2026 4:12
not_found,LandsMaps ไม่พบโฉนด,33023,10_06_200855,10,6,200855,กรุงเทพมหานคร,บางกะปิ,2,ห้องชุด/คอนโด,,,26.25,200855,7/11/2026 4:12
not_found,LandsMaps ไม่พบโฉนด,33024,10_46_64068,10,46,64068,กรุงเทพมหานคร,คลองสามวา,3,ที่ดิน+สิ่งปลูกสร้าง,,,25,64068,7/11/2026 4:12
not_found,LandsMaps ไม่พบโฉนด,33025,10_11_38646,10,11,38646,กรุงเทพมหานคร,ลาดกระบัง,2,ห้องชุด/คอนโด,,,33.05,38646,7/11/2026 4:12
not_found,LandsMaps ไม่พบโฉนด,33026,10_03_7876,10,3,7876,กรุงเทพมหานคร,หนองจอก,1,ที่ดินเปล่า,,,29,7876,7/11/2026 4:12
not_found,LandsMaps ไม่พบโฉนด,33027,10_42_21215,10,42,21215,กรุงเทพมหานคร,สายไหม,3,ที่ดิน+สิ่งปลูกสร้าง,,,57.1,21215,7/11/2026 4:12
not_found,LandsMaps ไม่พบโฉนด,33028,10_06_161859,10,6,161859,กรุงเทพมหานคร,บางกะปิ,3,ที่ดิน+สิ่งปลูกสร้าง,,,30,161859,7/11/2026 4:12
not_found,LandsMaps ไม่พบโฉนด,33029,10_03_59226,10,3,59226,กรุงเทพมหานคร,หนองจอก,3,ที่ดิน+สิ่งปลูกสร้าง,,,23,59226,7/11/2026 4:12
not_found,LandsMaps ไม่พบโฉนด,33030,10_42_45461,10,42,45461,กรุงเทพมหานคร,สายไหม,3,ที่ดิน+สิ่งปลูกสร้าง,,,16,45461,7/11/2026 4:12
not_found,LandsMaps ไม่พบโฉนด,33031,10_11_34698,10,11,34698,กรุงเทพมหานคร,ลาดกระบัง,3,ที่ดิน+สิ่งปลูกสร้าง,,1,3,34698,7/11/2026 4:12
not_found,LandsMaps ไม่พบโฉนด,33032,10_11_52366,10,11,52366,กรุงเทพมหานคร,ลาดกระบัง,3,ที่ดิน+สิ่งปลูกสร้าง,,,73.8,52366,7/11/2026 4:12
not_found,LandsMaps ไม่พบโฉนด,33033,10_46_70999,10,46,70999,กรุงเทพมหานคร,คลองสามวา,3,ที่ดิน+สิ่งปลูกสร้าง,,,35.1,70999,7/11/2026 4:12
not_found,LandsMaps ไม่พบโฉนด,33034,10_11_38426,10,11,38426,กรุงเทพมหานคร,ลาดกระบัง,3,ที่ดิน+สิ่งปลูกสร้าง,,,56.3,38426,7/11/2026 4:12
not_found,LandsMaps ไม่พบโฉนด,33035,10_46_87573,10,46,87573,กรุงเทพมหานคร,คลองสามวา,3,ที่ดิน+สิ่งปลูกสร้าง,,1,0.3,87573,7/11/2026 4:12
not_found,LandsMaps ไม่พบโฉนด,33036,10_10_13412,10,10,13412,กรุงเทพมหานคร,มีนบุรี,3,ที่ดิน+สิ่งปลูกสร้าง,,,18,13412,7/11/2026 4:12
not_found,LandsMaps ไม่พบโฉนด,33037,10_10_30968,10,10,30968,กรุงเทพมหานคร,มีนบุรี,3,ที่ดิน+สิ่งปลูกสร้าง,,,16,30968,7/11/2026 4:12
not_found,LandsMaps ไม่พบโฉนด,33039,10_10_59989,10,10,59989,กรุงเทพมหานคร,มีนบุรี(แสนแสบ),3,ที่ดิน+สิ่งปลูกสร้าง,,,16,59989,7/11/2026 4:12
not_found,LandsMaps ไม่พบโฉนด,33040,10_10_59990,10,10,59990,กรุงเทพมหานคร,มีนบุรี(แสนแสบ),3,ที่ดิน+สิ่งปลูกสร้าง,,,16,59990,7/11/2026 4:12
not_found,LandsMaps ไม่พบโฉนด,33041,10_10_59991,10,10,59991,กรุงเทพมหานคร,มีนบุรี(แสนแสบ),3,ที่ดิน+สิ่งปลูกสร้าง,,,16,59991,7/11/2026 4:12
not_found,LandsMaps ไม่พบโฉนด,33042,10_10_59992,10,10,59992,กรุงเทพมหานคร,มีนบุรี(แสนแสบ),3,ที่ดิน+สิ่งปลูกสร้าง,,,16,59992,7/11/2026 4:12
not_found,LandsMaps ไม่พบโฉนด,33043,10_10_59993,10,10,59993,กรุงเทพมหานคร,มีนบุรี(แสนแสบ),3,ที่ดิน+สิ่งปลูกสร้าง,,,16,59993,7/11/2026 4:12
not_found,LandsMaps ไม่พบโฉนด,33044,10_10_59994,10,10,59994,กรุงเทพมหานคร,มีนบุรี(แสนแสบ),3,ที่ดิน+สิ่งปลูกสร้าง,,,16,59994,7/11/2026 4:12
not_found,LandsMaps ไม่พบโฉนด,33045,10_10_59912,10,10,59912,กรุงเทพมหานคร,มีนบุรี(แสนแสบ),3,ที่ดิน+สิ่งปลูกสร้าง,,,17,59912,7/11/2026 4:12
not_found,LandsMaps ไม่พบโฉนด,33046,10_10_60166,10,10,60166,กรุงเทพมหานคร,มีนบุรี(แสนแสบ),3,ที่ดิน+สิ่งปลูกสร้าง,,,17,60166,7/11/2026 4:12
not_found,LandsMaps ไม่พบโฉนด,33047,10_10_60165,10,10,60165,กรุงเทพมหานคร,มีนบุรี(แสนแสบ),3,ที่ดิน+สิ่งปลูกสร้าง,,,17,60165,7/11/2026 4:12
not_found,LandsMaps ไม่พบโฉนด,33048,10_10_60164,10,10,60164,กรุงเทพมหานคร,มีนบุรี(แสนแสบ),3,ที่ดิน+สิ่งปลูกสร้าง,,,17,60164,7/11/2026 4:12
not_found,LandsMaps ไม่พบโฉนด,33049,10_10_60163,10,10,60163,กรุงเทพมหานคร,มีนบุรี(แสนแสบ),3,ที่ดิน+สิ่งปลูกสร้าง,,,17,60163,7/11/2026 4:12
not_found,LandsMaps ไม่พบโฉนด,33050,10_10_60160,10,10,60160,กรุงเทพมหานคร,มีนบุรี(แสนแสบ),3,ที่ดิน+สิ่งปลูกสร้าง,,,17,60160,7/11/2026 4:12
not_found,LandsMaps ไม่พบโฉนด,33051,10_10_60133,10,10,60133,กรุงเทพมหานคร,มีนบุรี(แสนแสบ),3,ที่ดิน+สิ่งปลูกสร้าง,,,17,60133,7/11/2026 4:12
not_found,LandsMaps ไม่พบโฉนด,33058,10_10_2410,10,10,2410,กรุงเทพมหานคร,มีนบุรี(แสนแสบ),3,ที่ดิน+สิ่งปลูกสร้าง,3,,,2410,7/11/2026 4:12
not_found,LandsMaps ไม่พบโฉนด,33059,10_10_2411,10,10,2411,กรุงเทพมหานคร,มีนบุรี(แสนแสบ),3,ที่ดิน+สิ่งปลูกสร้าง,,3,48,2411,7/11/2026 4:12
not_found,LandsMaps ไม่พบโฉนด,33060,10_10_2412,10,10,2412,กรุงเทพมหานคร,มีนบุรี(แสนแสบ),3,ที่ดิน+สิ่งปลูกสร้าง,,3,16,2412,7/11/2026 4:12
not_found,LandsMaps ไม่พบโฉนด,33061,10_10_34813,10,10,34813,กรุงเทพมหานคร,มีนบุรี,3,ที่ดิน+สิ่งปลูกสร้าง,,,17.5,34813,7/11/2026 4:12
not_found,LandsMaps ไม่พบโฉนด,33336,10_05_215343,10,5,215343,กรุงเทพมหานคร,บางเขน,3,ที่ดิน+สิ่งปลูกสร้าง,,,65.8,215343,7/11/2026 4:12
not_found,LandsMaps ไม่พบโฉนด,33337,10_36_41940,10,36,41940,กรุงเทพมหานคร,ดอนเมือง,3,ที่ดิน+สิ่งปลูกสร้าง,,,42.3,41940,7/11/2026 4:12
not_found,LandsMaps ไม่พบโฉนด,33338,10_36_28651,10,36,28651,กรุงเทพมหานคร,ดอนเมือง,2,ห้องชุด/คอนโด,,,28.37,28651,7/11/2026 4:12
not_found,LandsMaps ไม่พบโฉนด,33339,10_05_14585,10,5,14585,กรุงเทพมหานคร,บางเขน(ตลาดขวัญ),2,ห้องชุด/คอนโด,,,28.21,"14585,16314-16322,16325-16333,106386-7,106391-106415",7/11/2026 4:12
not_found,LandsMaps ไม่พบโฉนด,33339,10_05_16314,10,5,16314,กรุงเทพมหานคร,บางเขน(ตลาดขวัญ),2,ห้องชุด/คอนโด,,,28.21,"14585,16314-16322,16325-16333,106386-7,106391-106415",7/11/2026 4:12
not_found,LandsMaps ไม่พบโฉนด,33339,10_05_16315,10,5,16315,กรุงเทพมหานคร,บางเขน(ตลาดขวัญ),2,ห้องชุด/คอนโด,,,28.21,"14585,16314-16322,16325-16333,106386-7,106391-106415",7/11/2026 4:12
not_found,LandsMaps ไม่พบโฉนด,33339,10_05_16316,10,5,16316,กรุงเทพมหานคร,บางเขน(ตลาดขวัญ),2,ห้องชุด/คอนโด,,,28.21,"14585,16314-16322,16325-16333,106386-7,106391-106415",7/11/2026 4:12
not_found,LandsMaps ไม่พบโฉนด,33339,10_05_16317,10,5,16317,กรุงเทพมหานคร,บางเขน(ตลาดขวัญ),2,ห้องชุด/คอนโด,,,28.21,"14585,16314-16322,16325-16333,106386-7,106391-106415",7/11/2026 4:12
not_found,LandsMaps ไม่พบโฉนด,33339,10_05_16318,10,5,16318,กรุงเทพมหานคร,บางเขน(ตลาดขวัญ),2,ห้องชุด/คอนโด,,,28.21,"14585,16314-16322,16325-16333,106386-7,106391-106415",7/11/2026 4:12
not_found,LandsMaps ไม่พบโฉนด,33339,10_05_16319,10,5,16319,กรุงเทพมหานคร,บางเขน(ตลาดขวัญ),2,ห้องชุด/คอนโด,,,28.21,"14585,16314-16322,16325-16333,106386-7,106391-106415",7/11/2026 4:12
not_found,LandsMaps ไม่พบโฉนด,33339,10_05_16320,10,5,16320,กรุงเทพมหานคร,บางเขน(ตลาดขวัญ),2,ห้องชุด/คอนโด,,,28.21,"14585,16314-16322,16325-16333,106386-7,106391-106415",7/11/2026 4:12
not_found,LandsMaps ไม่พบโฉนด,33339,10_05_16321,10,5,16321,กรุงเทพมหานคร,บางเขน(ตลาดขวัญ),2,ห้องชุด/คอนโด,,,28.21,"14585,16314-16322,16325-16333,106386-7,106391-106415",7/11/2026 4:12
not_found,LandsMaps ไม่พบโฉนด,33339,10_05_16322,10,5,16322,กรุงเทพมหานคร,บางเขน(ตลาดขวัญ),2,ห้องชุด/คอนโด,,,28.21,"14585,16314-16322,16325-16333,106386-7,106391-106415",7/11/2026 4:12
not_found,LandsMaps ไม่พบโฉนด,33339,10_05_16325,10,5,16325,กรุงเทพมหานคร,บางเขน(ตลาดขวัญ),2,ห้องชุด/คอนโด,,,28.21,"14585,16314-16322,16325-16333,106386-7,106391-106415",7/11/2026 4:12
not_found,LandsMaps ไม่พบโฉนด,33339,10_05_16326,10,5,16326,กรุงเทพมหานคร,บางเขน(ตลาดขวัญ),2,ห้องชุด/คอนโด,,,28.21,"14585,16314-16322,16325-16333,106386-7,106391-106415",7/11/2026 4:12
not_found,LandsMaps ไม่พบโฉนด,33339,10_05_16327,10,5,16327,กรุงเทพมหานคร,บางเขน(ตลาดขวัญ),2,ห้องชุด/คอนโด,,,28.21,"14585,16314-16322,16325-16333,106386-7,106391-106415",7/11/2026 4:12
not_found,LandsMaps ไม่พบโฉนด,33339,10_05_16328,10,5,16328,กรุงเทพมหานคร,บางเขน(ตลาดขวัญ),2,ห้องชุด/คอนโด,,,28.21,"14585,16314-16322,16325-16333,106386-7,106391-106415",7/11/2026 4:12
not_found,LandsMaps ไม่พบโฉนด,33339,10_05_16329,10,5,16329,กรุงเทพมหานคร,บางเขน(ตลาดขวัญ),2,ห้องชุด/คอนโด,,,28.21,"14585,16314-16322,16325-16333,106386-7,106391-106415",7/11/2026 4:12
not_found,LandsMaps ไม่พบโฉนด,33339,10_05_16330,10,5,16330,กรุงเทพมหานคร,บางเขน(ตลาดขวัญ),2,ห้องชุด/คอนโด,,,28.21,"14585,16314-16322,16325-16333,106386-7,106391-106415",7/11/2026 4:12
not_found,LandsMaps ไม่พบโฉนด,33339,10_05_16331,10,5,16331,กรุงเทพมหานคร,บางเขน(ตลาดขวัญ),2,ห้องชุด/คอนโด,,,28.21,"14585,16314-16322,16325-16333,106386-7,106391-106415",7/11/2026 4:12
not_found,LandsMaps ไม่พบโฉนด,33339,10_05_16332,10,5,16332,กรุงเทพมหานคร,บางเขน(ตลาดขวัญ),2,ห้องชุด/คอนโด,,,28.21,"14585,16314-16322,16325-16333,106386-7,106391-106415",7/11/2026 4:12
not_found,LandsMaps ไม่พบโฉนด,33339,10_05_16333,10,5,16333,กรุงเทพมหานคร,บางเขน(ตลาดขวัญ),2,ห้องชุด/คอนโด,,,28.21,"14585,16314-16322,16325-16333,106386-7,106391-106415",7/11/2026 4:12
not_found,LandsMaps ไม่พบโฉนด,33339,10_05_106386,10,5,106386,กรุงเทพมหานคร,บางเขน(ตลาดขวัญ),2,ห้องชุด/คอนโด,,,28.21,"14585,16314-16322,16325-16333,106386-7,106391-106415",7/11/2026 4:12
not_found,LandsMaps ไม่พบโฉนด,33339,10_05_106387,10,5,106387,กรุงเทพมหานคร,บางเขน(ตลาดขวัญ),2,ห้องชุด/คอนโด,,,28.21,"14585,16314-16322,16325-16333,106386-7,106391-106415",7/11/2026 4:12
not_found,LandsMaps ไม่พบโฉนด,33339,10_05_106391,10,5,106391,กรุงเทพมหานคร,บางเขน(ตลาดขวัญ),2,ห้องชุด/คอนโด,,,28.21,"14585,16314-16322,16325-16333,106386-7,106391-106415",7/11/2026 4:12
not_found,LandsMaps ไม่พบโฉนด,33339,10_05_106392,10,5,106392,กรุงเทพมหานคร,บางเขน(ตลาดขวัญ),2,ห้องชุด/คอนโด,,,28.21,"14585,16314-16322,16325-16333,106386-7,106391-106415",7/11/2026 4:12
not_found,LandsMaps ไม่พบโฉนด,33339,10_05_106393,10,5,106393,กรุงเทพมหานคร,บางเขน(ตลาดขวัญ),2,ห้องชุด/คอนโด,,,28.21,"14585,16314-16322,16325-16333,106386-7,106391-106415",7/11/2026 4:12
not_found,LandsMaps ไม่พบโฉนด,33339,10_05_106394,10,5,106394,กรุงเทพมหานคร,บางเขน(ตลาดขวัญ),2,ห้องชุด/คอนโด,,,28.21,"14585,16314-16322,16325-16333,106386-7,106391-106415",7/11/2026 4:12
not_found,LandsMaps ไม่พบโฉนด,33339,10_05_106395,10,5,106395,กรุงเทพมหานคร,บางเขน(ตลาดขวัญ),2,ห้องชุด/คอนโด,,,28.21,"14585,16314-16322,16325-16333,106386-7,106391-106415",7/11/2026 4:12
not_found,LandsMaps ไม่พบโฉนด,33339,10_05_106396,10,5,106396,กรุงเทพมหานคร,บางเขน(ตลาดขวัญ),2,ห้องชุด/คอนโด,,,28.21,"14585,16314-16322,16325-16333,106386-7,106391-106415",7/11/2026 4:12
not_found,LandsMaps ไม่พบโฉนด,33339,10_05_106397,10,5,106397,กรุงเทพมหานคร,บางเขน(ตลาดขวัญ),2,ห้องชุด/คอนโด,,,28.21,"14585,16314-16322,16325-16333,106386-7,106391-106415",7/11/2026 4:12
not_found,LandsMaps ไม่พบโฉนด,33339,10_05_106398,10,5,106398,กรุงเทพมหานคร,บางเขน(ตลาดขวัญ),2,ห้องชุด/คอนโด,,,28.21,"14585,16314-16322,16325-16333,106386-7,106391-106415",7/11/2026 4:12
not_found,LandsMaps ไม่พบโฉนด,33339,10_05_106399,10,5,106399,กรุงเทพมหานคร,บางเขน(ตลาดขวัญ),2,ห้องชุด/คอนโด,,,28.21,"14585,16314-16322,16325-16333,106386-7,106391-106415",7/11/2026 4:12
not_found,LandsMaps ไม่พบโฉนด,33339,10_05_106400,10,5,106400,กรุงเทพมหานคร,บางเขน(ตลาดขวัญ),2,ห้องชุด/คอนโด,,,28.21,"14585,16314-16322,16325-16333,106386-7,106391-106415",7/11/2026 4:12
not_found,LandsMaps ไม่พบโฉนด,33339,10_05_106401,10,5,106401,กรุงเทพมหานคร,บางเขน(ตลาดขวัญ),2,ห้องชุด/คอนโด,,,28.21,"14585,16314-16322,16325-16333,106386-7,106391-106415",7/11/2026 4:12
not_found,LandsMaps ไม่พบโฉนด,33339,10_05_106402,10,5,106402,กรุงเทพมหานคร,บางเขน(ตลาดขวัญ),2,ห้องชุด/คอนโด,,,28.21,"14585,16314-16322,16325-16333,106386-7,106391-106415",7/11/2026 4:12
not_found,LandsMaps ไม่พบโฉนด,33339,10_05_106403,10,5,106403,กรุงเทพมหานคร,บางเขน(ตลาดขวัญ),2,ห้องชุด/คอนโด,,,28.21,"14585,16314-16322,16325-16333,106386-7,106391-106415",7/11/2026 4:12
not_found,LandsMaps ไม่พบโฉนด,33339,10_05_106404,10,5,106404,กรุงเทพมหานคร,บางเขน(ตลาดขวัญ),2,ห้องชุด/คอนโด,,,28.21,"14585,16314-16322,16325-16333,106386-7,106391-106415",7/11/2026 4:12
not_found,LandsMaps ไม่พบโฉนด,33339,10_05_106405,10,5,106405,กรุงเทพมหานคร,บางเขน(ตลาดขวัญ),2,ห้องชุด/คอนโด,,,28.21,"14585,16314-16322,16325-16333,106386-7,106391-106415",7/11/2026 4:13
not_found,LandsMaps ไม่พบโฉนด,33339,10_05_106406,10,5,106406,กรุงเทพมหานคร,บางเขน(ตลาดขวัญ),2,ห้องชุด/คอนโด,,,28.21,"14585,16314-16322,16325-16333,106386-7,106391-106415",7/11/2026 4:13
not_found,LandsMaps ไม่พบโฉนด,33339,10_05_106407,10,5,106407,กรุงเทพมหานคร,บางเขน(ตลาดขวัญ),2,ห้องชุด/คอนโด,,,28.21,"14585,16314-16322,16325-16333,106386-7,106391-106415",7/11/2026 4:13
not_found,LandsMaps ไม่พบโฉนด,33339,10_05_106408,10,5,106408,กรุงเทพมหานคร,บางเขน(ตลาดขวัญ),2,ห้องชุด/คอนโด,,,28.21,"14585,16314-16322,16325-16333,106386-7,106391-106415",7/11/2026 4:13
not_found,LandsMaps ไม่พบโฉนด,33339,10_05_106409,10,5,106409,กรุงเทพมหานคร,บางเขน(ตลาดขวัญ),2,ห้องชุด/คอนโด,,,28.21,"14585,16314-16322,16325-16333,106386-7,106391-106415",7/11/2026 4:13
not_found,LandsMaps ไม่พบโฉนด,33339,10_05_106410,10,5,106410,กรุงเทพมหานคร,บางเขน(ตลาดขวัญ),2,ห้องชุด/คอนโด,,,28.21,"14585,16314-16322,16325-16333,106386-7,106391-106415",7/11/2026 4:13
not_found,LandsMaps ไม่พบโฉนด,33339,10_05_106411,10,5,106411,กรุงเทพมหานคร,บางเขน(ตลาดขวัญ),2,ห้องชุด/คอนโด,,,28.21,"14585,16314-16322,16325-16333,106386-7,106391-106415",7/11/2026 4:13
not_found,LandsMaps ไม่พบโฉนด,33339,10_05_106412,10,5,106412,กรุงเทพมหานคร,บางเขน(ตลาดขวัญ),2,ห้องชุด/คอนโด,,,28.21,"14585,16314-16322,16325-16333,106386-7,106391-106415",7/11/2026 4:13
not_found,LandsMaps ไม่พบโฉนด,33339,10_05_106413,10,5,106413,กรุงเทพมหานคร,บางเขน(ตลาดขวัญ),2,ห้องชุด/คอนโด,,,28.21,"14585,16314-16322,16325-16333,106386-7,106391-106415",7/11/2026 4:13
not_found,LandsMaps ไม่พบโฉนด,33339,10_05_106414,10,5,106414,กรุงเทพมหานคร,บางเขน(ตลาดขวัญ),2,ห้องชุด/คอนโด,,,28.21,"14585,16314-16322,16325-16333,106386-7,106391-106415",7/11/2026 4:13
not_found,LandsMaps ไม่พบโฉนด,33339,10_05_106415,10,5,106415,กรุงเทพมหานคร,บางเขน(ตลาดขวัญ),2,ห้องชุด/คอนโด,,,28.21,"14585,16314-16322,16325-16333,106386-7,106391-106415",7/11/2026 4:13
not_found,LandsMaps ไม่พบโฉนด,33340,10_42_31777,10,42,31777,กรุงเทพมหานคร,สายไหม,2,ห้องชุด/คอนโด,,,23.11,"3,177,732,365",7/11/2026 4:13
not_found,LandsMaps ไม่พบโฉนด,33340,10_42_32365,10,42,32365,กรุงเทพมหานคร,สายไหม,2,ห้องชุด/คอนโด,,,23.11,"3,177,732,365",7/11/2026 4:13
not_found,LandsMaps ไม่พบโฉนด,33341,10_05_38828,10,5,38828,กรุงเทพมหานคร,บางเขน(ตลาดขวัญ),3,ที่ดิน+สิ่งปลูกสร้าง,,,48,38828,7/11/2026 4:13
not_found,LandsMaps ไม่พบโฉนด,33342,10_05_1666,10,5,1666,กรุงเทพมหานคร,บางเขน,2,ห้องชุด/คอนโด,,,29.44,1666,7/11/2026 4:13
not_found,LandsMaps ไม่พบโฉนด,33343,10_41_5315,10,41,5315,กรุงเทพมหานคร,หลักสี่,2,ห้องชุด/คอนโด,,,23,"531,553,165,319",7/11/2026 4:13
not_found,LandsMaps ไม่พบโฉนด,33343,10_41_5316,10,41,5316,กรุงเทพมหานคร,หลักสี่,2,ห้องชุด/คอนโด,,,23,"531,553,165,319",7/11/2026 4:13
not_found,LandsMaps ไม่พบโฉนด,33343,10_41_5319,10,41,5319,กรุงเทพมหานคร,หลักสี่,2,ห้องชุด/คอนโด,,,23,"531,553,165,319",7/11/2026 4:13
not_found,LandsMaps ไม่พบโฉนด,33344,10_05_1801,10,5,1801,กรุงเทพมหานคร,บางเขน,2,ห้องชุด/คอนโด,,,34.34,1801,7/11/2026 4:13
not_found,LandsMaps ไม่พบโฉนด,33345,10_36_20959,10,36,20959,กรุงเทพมหานคร,ดอนเมือง,3,ที่ดิน+สิ่งปลูกสร้าง,,,18.2,20959,7/11/2026 4:13
not_found,LandsMaps ไม่พบโฉนด,33346,10_36_69932,10,36,69932,กรุงเทพมหานคร,ดอนเมือง(ตลาดขวัญ),3,ที่ดิน+สิ่งปลูกสร้าง,,,50,69932,7/11/2026 4:13
not_found,LandsMaps ไม่พบโฉนด,33347,10_05_133640,10,5,133640,กรุงเทพมหานคร,บางเขน,3,ที่ดิน+สิ่งปลูกสร้าง,,,69.6,133640,7/11/2026 4:13
not_found,LandsMaps ไม่พบโฉนด,33348,10_41_4920,10,41,4920,กรุงเทพมหานคร,หลักสี่,2,ห้องชุด/คอนโด,,,27.51,4920,7/11/2026 4:13
not_found,LandsMaps ไม่พบโฉนด,33349,10_42_36142,10,42,36142,กรุงเทพมหานคร,สายไหม,3,ที่ดิน+สิ่งปลูกสร้าง,,,18.1,36142,7/11/2026 4:13
not_found,LandsMaps ไม่พบโฉนด,33350,10_05_212009,10,5,212009,กรุงเทพมหานคร,บางเขน,2,ห้องชุด/คอนโด,,,23.25,212009,7/11/2026 4:13
not_found,LandsMaps ไม่พบโฉนด,33351,10_42_37378,10,42,37378,กรุงเทพมหานคร,สายไหม,3,ที่ดิน+สิ่งปลูกสร้าง,,,16.3,37378,7/11/2026 4:13
not_found,LandsMaps ไม่พบโฉนด,33352,10_05_14585,10,5,14585,กรุงเทพมหานคร,บางเขน(ตลาดขวัญ),2,ห้องชุด/คอนโด,,,28.14,"14585,16314-16322,16325-16333,106386-7,106391-106415",7/11/2026 4:13
not_found,LandsMaps ไม่พบโฉนด,33352,10_05_16314,10,5,16314,กรุงเทพมหานคร,บางเขน(ตลาดขวัญ),2,ห้องชุด/คอนโด,,,28.14,"14585,16314-16322,16325-16333,106386-7,106391-106415",7/11/2026 4:13
not_found,LandsMaps ไม่พบโฉนด,33352,10_05_16315,10,5,16315,กรุงเทพมหานคร,บางเขน(ตลาดขวัญ),2,ห้องชุด/คอนโด,,,28.14,"14585,16314-16322,16325-16333,106386-7,106391-106415",7/11/2026 4:13
not_found,LandsMaps ไม่พบโฉนด,33352,10_05_16316,10,5,16316,กรุงเทพมหานคร,บางเขน(ตลาดขวัญ),2,ห้องชุด/คอนโด,,,28.14,"14585,16314-16322,16325-16333,106386-7,106391-106415",7/11/2026 4:13
not_found,LandsMaps ไม่พบโฉนด,33352,10_05_16317,10,5,16317,กรุงเทพมหานคร,บางเขน(ตลาดขวัญ),2,ห้องชุด/คอนโด,,,28.14,"14585,16314-16322,16325-16333,106386-7,106391-106415",7/11/2026 4:13
not_found,LandsMaps ไม่พบโฉนด,33352,10_05_16318,10,5,16318,กรุงเทพมหานคร,บางเขน(ตลาดขวัญ),2,ห้องชุด/คอนโด,,,28.14,"14585,16314-16322,16325-16333,106386-7,106391-106415",7/11/2026 4:13
not_found,LandsMaps ไม่พบโฉนด,33352,10_05_16319,10,5,16319,กรุงเทพมหานคร,บางเขน(ตลาดขวัญ),2,ห้องชุด/คอนโด,,,28.14,"14585,16314-16322,16325-16333,106386-7,106391-106415",7/11/2026 4:13
not_found,LandsMaps ไม่พบโฉนด,33352,10_05_16320,10,5,16320,กรุงเทพมหานคร,บางเขน(ตลาดขวัญ),2,ห้องชุด/คอนโด,,,28.14,"14585,16314-16322,16325-16333,106386-7,106391-106415",7/11/2026 4:13
not_found,LandsMaps ไม่พบโฉนด,33352,10_05_16321,10,5,16321,กรุงเทพมหานคร,บางเขน(ตลาดขวัญ),2,ห้องชุด/คอนโด,,,28.14,"14585,16314-16322,16325-16333,106386-7,106391-106415",7/11/2026 4:13
not_found,LandsMaps ไม่พบโฉนด,33352,10_05_16322,10,5,16322,กรุงเทพมหานคร,บางเขน(ตลาดขวัญ),2,ห้องชุด/คอนโด,,,28.14,"14585,16314-16322,16325-16333,106386-7,106391-106415",7/11/2026 4:13
not_found,LandsMaps ไม่พบโฉนด,33352,10_05_16325,10,5,16325,กรุงเทพมหานคร,บางเขน(ตลาดขวัญ),2,ห้องชุด/คอนโด,,,28.14,"14585,16314-16322,16325-16333,106386-7,106391-106415",7/11/2026 4:13
not_found,LandsMaps ไม่พบโฉนด,33352,10_05_16326,10,5,16326,กรุงเทพมหานคร,บางเขน(ตลาดขวัญ),2,ห้องชุด/คอนโด,,,28.14,"14585,16314-16322,16325-16333,106386-7,106391-106415",7/11/2026 4:13
not_found,LandsMaps ไม่พบโฉนด,33352,10_05_16327,10,5,16327,กรุงเทพมหานคร,บางเขน(ตลาดขวัญ),2,ห้องชุด/คอนโด,,,28.14,"14585,16314-16322,16325-16333,106386-7,106391-106415",7/11/2026 4:13
not_found,LandsMaps ไม่พบโฉนด,33352,10_05_16328,10,5,16328,กรุงเทพมหานคร,บางเขน(ตลาดขวัญ),2,ห้องชุด/คอนโด,,,28.14,"14585,16314-16322,16325-16333,106386-7,106391-106415",7/11/2026 4:13
not_found,LandsMaps ไม่พบโฉนด,33352,10_05_16329,10,5,16329,กรุงเทพมหานคร,บางเขน(ตลาดขวัญ),2,ห้องชุด/คอนโด,,,28.14,"14585,16314-16322,16325-16333,106386-7,106391-106415",7/11/2026 4:13
not_found,LandsMaps ไม่พบโฉนด,33352,10_05_16330,10,5,16330,กรุงเทพมหานคร,บางเขน(ตลาดขวัญ),2,ห้องชุด/คอนโด,,,28.14,"14585,16314-16322,16325-16333,106386-7,106391-106415",7/11/2026 4:13
not_found,LandsMaps ไม่พบโฉนด,33352,10_05_16331,10,5,16331,กรุงเทพมหานคร,บางเขน(ตลาดขวัญ),2,ห้องชุด/คอนโด,,,28.14,"14585,16314-16322,16325-16333,106386-7,106391-106415",7/11/2026 4:13
not_found,LandsMaps ไม่พบโฉนด,33352,10_05_16332,10,5,16332,กรุงเทพมหานคร,บางเขน(ตลาดขวัญ),2,ห้องชุด/คอนโด,,,28.14,"14585,16314-16322,16325-16333,106386-7,106391-106415",7/11/2026 4:13
not_found,LandsMaps ไม่พบโฉนด,33352,10_05_16333,10,5,16333,กรุงเทพมหานคร,บางเขน(ตลาดขวัญ),2,ห้องชุด/คอนโด,,,28.14,"14585,16314-16322,16325-16333,106386-7,106391-106415",7/11/2026 4:13
not_found,LandsMaps ไม่พบโฉนด,33352,10_05_106386,10,5,106386,กรุงเทพมหานคร,บางเขน(ตลาดขวัญ),2,ห้องชุด/คอนโด,,,28.14,"14585,16314-16322,16325-16333,106386-7,106391-106415",7/11/2026 4:13
not_found,LandsMaps ไม่พบโฉนด,33352,10_05_106387,10,5,106387,กรุงเทพมหานคร,บางเขน(ตลาดขวัญ),2,ห้องชุด/คอนโด,,,28.14,"14585,16314-16322,16325-16333,106386-7,106391-106415",7/11/2026 4:13
not_found,LandsMaps ไม่พบโฉนด,33352,10_05_106391,10,5,106391,กรุงเทพมหานคร,บางเขน(ตลาดขวัญ),2,ห้องชุด/คอนโด,,,28.14,"14585,16314-16322,16325-16333,106386-7,106391-106415",7/11/2026 4:13
not_found,LandsMaps ไม่พบโฉนด,33352,10_05_106392,10,5,106392,กรุงเทพมหานคร,บางเขน(ตลาดขวัญ),2,ห้องชุด/คอนโด,,,28.14,"14585,16314-16322,16325-16333,106386-7,106391-106415",7/11/2026 4:13
not_found,LandsMaps ไม่พบโฉนด,33352,10_05_106393,10,5,106393,กรุงเทพมหานคร,บางเขน(ตลาดขวัญ),2,ห้องชุด/คอนโด,,,28.14,"14585,16314-16322,16325-16333,106386-7,106391-106415",7/11/2026 4:13
not_found,LandsMaps ไม่พบโฉนด,33352,10_05_106394,10,5,106394,กรุงเทพมหานคร,บางเขน(ตลาดขวัญ),2,ห้องชุด/คอนโด,,,28.14,"14585,16314-16322,16325-16333,106386-7,106391-106415",7/11/2026 4:13
not_found,LandsMaps ไม่พบโฉนด,33352,10_05_106395,10,5,106395,กรุงเทพมหานคร,บางเขน(ตลาดขวัญ),2,ห้องชุด/คอนโด,,,28.14,"14585,16314-16322,16325-16333,106386-7,106391-106415",7/11/2026 4:13
not_found,LandsMaps ไม่พบโฉนด,33352,10_05_106396,10,5,106396,กรุงเทพมหานคร,บางเขน(ตลาดขวัญ),2,ห้องชุด/คอนโด,,,28.14,"14585,16314-16322,16325-16333,106386-7,106391-106415",7/11/2026 4:13
not_found,LandsMaps ไม่พบโฉนด,33352,10_05_106397,10,5,106397,กรุงเทพมหานคร,บางเขน(ตลาดขวัญ),2,ห้องชุด/คอนโด,,,28.14,"14585,16314-16322,16325-16333,106386-7,106391-106415",7/11/2026 4:13
not_found,LandsMaps ไม่พบโฉนด,33352,10_05_106398,10,5,106398,กรุงเทพมหานคร,บางเขน(ตลาดขวัญ),2,ห้องชุด/คอนโด,,,28.14,"14585,16314-16322,16325-16333,106386-7,106391-106415",7/11/2026 4:13
not_found,LandsMaps ไม่พบโฉนด,33352,10_05_106399,10,5,106399,กรุงเทพมหานคร,บางเขน(ตลาดขวัญ),2,ห้องชุด/คอนโด,,,28.14,"14585,16314-16322,16325-16333,106386-7,106391-106415",7/11/2026 4:13
not_found,LandsMaps ไม่พบโฉนด,33352,10_05_106400,10,5,106400,กรุงเทพมหานคร,บางเขน(ตลาดขวัญ),2,ห้องชุด/คอนโด,,,28.14,"14585,16314-16322,16325-16333,106386-7,106391-106415",7/11/2026 4:13
not_found,LandsMaps ไม่พบโฉนด,33352,10_05_106401,10,5,106401,กรุงเทพมหานคร,บางเขน(ตลาดขวัญ),2,ห้องชุด/คอนโด,,,28.14,"14585,16314-16322,16325-16333,106386-7,106391-106415",7/11/2026 4:13
not_found,LandsMaps ไม่พบโฉนด,33352,10_05_106402,10,5,106402,กรุงเทพมหานคร,บางเขน(ตลาดขวัญ),2,ห้องชุด/คอนโด,,,28.14,"14585,16314-16322,16325-16333,106386-7,106391-106415",7/11/2026 4:13
not_found,LandsMaps ไม่พบโฉนด,33352,10_05_106403,10,5,106403,กรุงเทพมหานคร,บางเขน(ตลาดขวัญ),2,ห้องชุด/คอนโด,,,28.14,"14585,16314-16322,16325-16333,106386-7,106391-106415",7/11/2026 4:13
not_found,LandsMaps ไม่พบโฉนด,33352,10_05_106404,10,5,106404,กรุงเทพมหานคร,บางเขน(ตลาดขวัญ),2,ห้องชุด/คอนโด,,,28.14,"14585,16314-16322,16325-16333,106386-7,106391-106415",7/11/2026 4:13
not_found,LandsMaps ไม่พบโฉนด,33352,10_05_106405,10,5,106405,กรุงเทพมหานคร,บางเขน(ตลาดขวัญ),2,ห้องชุด/คอนโด,,,28.14,"14585,16314-16322,16325-16333,106386-7,106391-106415",7/11/2026 4:13
not_found,LandsMaps ไม่พบโฉนด,33352,10_05_106406,10,5,106406,กรุงเทพมหานคร,บางเขน(ตลาดขวัญ),2,ห้องชุด/คอนโด,,,28.14,"14585,16314-16322,16325-16333,106386-7,106391-106415",7/11/2026 4:13
not_found,LandsMaps ไม่พบโฉนด,33352,10_05_106407,10,5,106407,กรุงเทพมหานคร,บางเขน(ตลาดขวัญ),2,ห้องชุด/คอนโด,,,28.14,"14585,16314-16322,16325-16333,106386-7,106391-106415",7/11/2026 4:13
not_found,LandsMaps ไม่พบโฉนด,33352,10_05_106408,10,5,106408,กรุงเทพมหานคร,บางเขน(ตลาดขวัญ),2,ห้องชุด/คอนโด,,,28.14,"14585,16314-16322,16325-16333,106386-7,106391-106415",7/11/2026 4:13
not_found,LandsMaps ไม่พบโฉนด,33352,10_05_106409,10,5,106409,กรุงเทพมหานคร,บางเขน(ตลาดขวัญ),2,ห้องชุด/คอนโด,,,28.14,"14585,16314-16322,16325-16333,106386-7,106391-106415",7/11/2026 4:13
not_found,LandsMaps ไม่พบโฉนด,33352,10_05_106410,10,5,106410,กรุงเทพมหานคร,บางเขน(ตลาดขวัญ),2,ห้องชุด/คอนโด,,,28.14,"14585,16314-16322,16325-16333,106386-7,106391-106415",7/11/2026 4:13
not_found,LandsMaps ไม่พบโฉนด,33352,10_05_106411,10,5,106411,กรุงเทพมหานคร,บางเขน(ตลาดขวัญ),2,ห้องชุด/คอนโด,,,28.14,"14585,16314-16322,16325-16333,106386-7,106391-106415",7/11/2026 4:13
not_found,LandsMaps ไม่พบโฉนด,33352,10_05_106412,10,5,106412,กรุงเทพมหานคร,บางเขน(ตลาดขวัญ),2,ห้องชุด/คอนโด,,,28.14,"14585,16314-16322,16325-16333,106386-7,106391-106415",7/11/2026 4:13
not_found,LandsMaps ไม่พบโฉนด,33352,10_05_106413,10,5,106413,กรุงเทพมหานคร,บางเขน(ตลาดขวัญ),2,ห้องชุด/คอนโด,,,28.14,"14585,16314-16322,16325-16333,106386-7,106391-106415",7/11/2026 4:13
not_found,LandsMaps ไม่พบโฉนด,33352,10_05_106414,10,5,106414,กรุงเทพมหานคร,บางเขน(ตลาดขวัญ),2,ห้องชุด/คอนโด,,,28.14,"14585,16314-16322,16325-16333,106386-7,106391-106415",7/11/2026 4:13
not_found,LandsMaps ไม่พบโฉนด,33352,10_05_106415,10,5,106415,กรุงเทพมหานคร,บางเขน(ตลาดขวัญ),2,ห้องชุด/คอนโด,,,28.14,"14585,16314-16322,16325-16333,106386-7,106391-106415",7/11/2026 4:13
not_found,LandsMaps ไม่พบโฉนด,33353,10_42_62169,10,42,62169,กรุงเทพมหานคร,สายไหม,3,ที่ดิน+สิ่งปลูกสร้าง,,,16,62169,7/11/2026 4:13
not_found,LandsMaps ไม่พบโฉนด,33354,10_42_567,10,42,567,กรุงเทพมหานคร,สายไหม,3,ที่ดิน+สิ่งปลูกสร้าง,,,18,567,7/11/2026 4:13
not_found,LandsMaps ไม่พบโฉนด,33355,10_36_6875,10,36,6875,กรุงเทพมหานคร,ดอนเมือง,3,ที่ดิน+สิ่งปลูกสร้าง,,,9.7,6875,7/11/2026 4:13
not_found,LandsMaps ไม่พบโฉนด,33356,10_36_6880,10,36,6880,กรุงเทพมหานคร,ดอนเมือง,3,ที่ดิน+สิ่งปลูกสร้าง,,,9.8,6880,7/11/2026 4:13
not_found,LandsMaps ไม่พบโฉนด,33357,10_05_76204,10,5,76204,กรุงเทพมหานคร,บางเขน,3,ที่ดิน+สิ่งปลูกสร้าง,,,28,76204,7/11/2026 4:13
not_found,LandsMaps ไม่พบโฉนด,33358,10_05_125033,10,5,125033,กรุงเทพมหานคร,บางเขน,3,ที่ดิน+สิ่งปลูกสร้าง,,,24,125033,7/11/2026 4:13
not_found,LandsMaps ไม่พบโฉนด,33359,10_05_133520,10,5,133520,กรุงเทพมหานคร,บางเขน,2,ห้องชุด/คอนโด,,,56.1,"133,520,150,442,150,000",7/11/2026 4:13
not_found,LandsMaps ไม่พบโฉนด,33359,10_05_150442,10,5,150442,กรุงเทพมหานคร,บางเขน,2,ห้องชุด/คอนโด,,,56.1,"133,520,150,442,150,000",7/11/2026 4:13
not_found,LandsMaps ไม่พบโฉนด,33359,10_05_150443,10,5,150443,กรุงเทพมหานคร,บางเขน,2,ห้องชุด/คอนโด,,,56.1,"133,520,150,442,150,000",7/11/2026 4:13
not_found,LandsMaps ไม่พบโฉนด,33360,10_41_36930,10,41,36930,กรุงเทพมหานคร,หลักสี่,1,ที่ดินเปล่า,,,13.7,36930,7/11/2026 4:13
not_found,LandsMaps ไม่พบโฉนด,33361,10_05_115522,10,5,115522,กรุงเทพมหานคร,บางเขน,3,ที่ดิน+สิ่งปลูกสร้าง,,,20.5,115522,7/11/2026 4:13
not_found,LandsMaps ไม่พบโฉนด,33362,10_36_9879,10,36,9879,กรุงเทพมหานคร,ดอนเมือง,2,ห้องชุด/คอนโด,,,36,9879,7/11/2026 4:13
not_found,LandsMaps ไม่พบโฉนด,33363,10_05_182010,10,5,182010,กรุงเทพมหานคร,บางเขน,2,ห้องชุด/คอนโด,,,30.61,"182,010,182,011,182,000,000,000",7/11/2026 4:13
not_found,LandsMaps ไม่พบโฉนด,33363,10_05_182011,10,5,182011,กรุงเทพมหานคร,บางเขน,2,ห้องชุด/คอนโด,,,30.61,"182,010,182,011,182,000,000,000",7/11/2026 4:13
not_found,LandsMaps ไม่พบโฉนด,33363,10_05_182014,10,5,182014,กรุงเทพมหานคร,บางเขน,2,ห้องชุด/คอนโด,,,30.61,"182,010,182,011,182,000,000,000",7/11/2026 4:13
not_found,LandsMaps ไม่พบโฉนด,33363,10_05_197190,10,5,197190,กรุงเทพมหานคร,บางเขน,2,ห้องชุด/คอนโด,,,30.61,"182,010,182,011,182,000,000,000",7/11/2026 4:13
not_found,LandsMaps ไม่พบโฉนด,33364,10_05_133521,10,5,133521,กรุงเทพมหานคร,บางเขน,2,ห้องชุด/คอนโด,,,52.74,"133,521,133,523",7/11/2026 4:13
not_found,LandsMaps ไม่พบโฉนด,33364,10_05_133523,10,5,133523,กรุงเทพมหานคร,บางเขน,2,ห้องชุด/คอนโด,,,52.74,"133,521,133,523",7/11/2026 4:14
not_found,LandsMaps ไม่พบโฉนด,33365,10_05_35942,10,5,35942,กรุงเทพมหานคร,บางเขน,2,ห้องชุด/คอนโด,,,31.58,"359,423,594,335,944,000,000,000,000,000",7/11/2026 4:14
not_found,LandsMaps ไม่พบโฉนด,33365,10_05_35943,10,5,35943,กรุงเทพมหานคร,บางเขน,2,ห้องชุด/คอนโด,,,31.58,"359,423,594,335,944,000,000,000,000,000",7/11/2026 4:14
not_found,LandsMaps ไม่พบโฉนด,33365,10_05_35944,10,5,35944,กรุงเทพมหานคร,บางเขน,2,ห้องชุด/คอนโด,,,31.58,"359,423,594,335,944,000,000,000,000,000",7/11/2026 4:14
not_found,LandsMaps ไม่พบโฉนด,33365,10_05_35945,10,5,35945,กรุงเทพมหานคร,บางเขน,2,ห้องชุด/คอนโด,,,31.58,"359,423,594,335,944,000,000,000,000,000",7/11/2026 4:14
not_found,LandsMaps ไม่พบโฉนด,33365,10_05_35946,10,5,35946,กรุงเทพมหานคร,บางเขน,2,ห้องชุด/คอนโด,,,31.58,"359,423,594,335,944,000,000,000,000,000",7/11/2026 4:14
not_found,LandsMaps ไม่พบโฉนด,33365,10_05_35947,10,5,35947,กรุงเทพมหานคร,บางเขน,2,ห้องชุด/คอนโด,,,31.58,"359,423,594,335,944,000,000,000,000,000",7/11/2026 4:14
not_found,LandsMaps ไม่พบโฉนด,33366,10_05_180004,10,5,180004,กรุงเทพมหานคร,บางเขน,2,ห้องชุด/คอนโด,,,20.54,"180,004,180,005,180,000",7/11/2026 4:14
not_found,LandsMaps ไม่พบโฉนด,33366,10_05_180005,10,5,180005,กรุงเทพมหานคร,บางเขน,2,ห้องชุด/คอนโด,,,20.54,"180,004,180,005,180,000",7/11/2026 4:14
not_found,LandsMaps ไม่พบโฉนด,33366,10_05_180277,10,5,180277,กรุงเทพมหานคร,บางเขน,2,ห้องชุด/คอนโด,,,20.54,"180,004,180,005,180,000",7/11/2026 4:14
not_found,LandsMaps ไม่พบโฉนด,33367,10_05_180181,10,5,180181,กรุงเทพมหานคร,บางเขน,3,ที่ดิน+สิ่งปลูกสร้าง,,,16.2,180181,7/11/2026 4:14
not_found,LandsMaps ไม่พบโฉนด,33368,10_36_15288,10,36,15288,กรุงเทพมหานคร,ดอนเมือง,2,ห้องชุด/คอนโด,,,33.55,"1,528,815,290,152,920,000,000,000",7/11/2026 4:14
not_found,LandsMaps ไม่พบโฉนด,33368,10_36_15290,10,36,15290,กรุงเทพมหานคร,ดอนเมือง,2,ห้องชุด/คอนโด,,,33.55,"1,528,815,290,152,920,000,000,000",7/11/2026 4:14
not_found,LandsMaps ไม่พบโฉนด,33368,10_36_15292,10,36,15292,กรุงเทพมหานคร,ดอนเมือง,2,ห้องชุด/คอนโด,,,33.55,"1,528,815,290,152,920,000,000,000",7/11/2026 4:14
not_found,LandsMaps ไม่พบโฉนด,33368,10_36_15294,10,36,15294,กรุงเทพมหานคร,ดอนเมือง,2,ห้องชุด/คอนโด,,,33.55,"1,528,815,290,152,920,000,000,000",7/11/2026 4:14
not_found,LandsMaps ไม่พบโฉนด,33368,10_36_15295,10,36,15295,กรุงเทพมหานคร,ดอนเมือง,2,ห้องชุด/คอนโด,,,33.55,"1,528,815,290,152,920,000,000,000",7/11/2026 4:14
not_found,LandsMaps ไม่พบโฉนด,33369,10_36_128774,10,36,128774,กรุงเทพมหานคร,ดอนเมือง,2,ห้องชุด/คอนโด,,,22.91,128774,7/11/2026 4:14
not_found,LandsMaps ไม่พบโฉนด,33370,10_36_3617,10,36,3617,กรุงเทพมหานคร,ดอนเมือง,2,ห้องชุด/คอนโด,,,26,"361,761,046,105",7/11/2026 4:14
not_found,LandsMaps ไม่พบโฉนด,33370,10_36_6104,10,36,6104,กรุงเทพมหานคร,ดอนเมือง,2,ห้องชุด/คอนโด,,,26,"361,761,046,105",7/11/2026 4:14
not_found,LandsMaps ไม่พบโฉนด,33370,10_36_6105,10,36,6105,กรุงเทพมหานคร,ดอนเมือง,2,ห้องชุด/คอนโด,,,26,"361,761,046,105",7/11/2026 4:14
not_found,LandsMaps ไม่พบโฉนด,33371,10_36_133288,10,36,133288,กรุงเทพมหานคร,ดอนเมือง,2,ห้องชุด/คอนโด,,,26.09,133288,7/11/2026 4:14
not_found,LandsMaps ไม่พบโฉนด,33372,10_36_18329,10,36,18329,กรุงเทพมหานคร,ดอนเมือง,2,ห้องชุด/คอนโด,,,24.2,18329,7/11/2026 4:14
not_found,LandsMaps ไม่พบโฉนด,33373,10_36_131118,10,36,131118,กรุงเทพมหานคร,ดอนเมือง,2,ห้องชุด/คอนโด,,,26.25,131118,7/11/2026 4:14
not_found,LandsMaps ไม่พบโฉนด,33374,10_05_184277,10,5,184277,กรุงเทพมหานคร,บางเขน,2,ห้องชุด/คอนโด,,,20.37,184277,7/11/2026 4:14
not_found,LandsMaps ไม่พบโฉนด,33375,10_36_131118,10,36,131118,กรุงเทพมหานคร,ดอนเมือง,2,ห้องชุด/คอนโด,,,26.25,131118,7/11/2026 4:14
not_found,LandsMaps ไม่พบโฉนด,33376,10_05_178083,10,5,178083,กรุงเทพมหานคร,บางเขน,2,ห้องชุด/คอนโด,,,21,178083,7/11/2026 4:14
not_found,LandsMaps ไม่พบโฉนด,33377,10_05_17792,10,5,17792,กรุงเทพมหานคร,บางเขน,2,ห้องชุด/คอนโด,,,28.125,"17,792,165,081",7/11/2026 4:14
not_found,LandsMaps ไม่พบโฉนด,33377,10_05_165081,10,5,165081,กรุงเทพมหานคร,บางเขน,2,ห้องชุด/คอนโด,,,28.125,"17,792,165,081",7/11/2026 4:14
not_found,LandsMaps ไม่พบโฉนด,33378,10_36_9878,10,36,9878,กรุงเทพมหานคร,ดอนเมือง,2,ห้องชุด/คอนโด,,,31.42,9878,7/11/2026 4:14
not_found,LandsMaps ไม่พบโฉนด,33379,10_05_103842,10,5,103842,กรุงเทพมหานคร,บางเขน,2,ห้องชุด/คอนโด,,,27.22,103842,7/11/2026 4:14
not_found,LandsMaps ไม่พบโฉนด,33380,10_36_127132,10,36,127132,กรุงเทพมหานคร,ดอนเมือง,2,ห้องชุด/คอนโด,,,26.09,127132,7/11/2026 4:14
not_found,LandsMaps ไม่พบโฉนด,33381,10_05_162631,10,5,162631,กรุงเทพมหานคร,บางเขน,2,ห้องชุด/คอนโด,,,20.68,162631,7/11/2026 4:14
not_found,LandsMaps ไม่พบโฉนด,33382,10_05_180004,10,5,180004,กรุงเทพมหานคร,บางเขน,2,ห้องชุด/คอนโด,,,25.94,"180004, 180005, 180277",7/11/2026 4:14
not_found,LandsMaps ไม่พบโฉนด,33382,10_05_180005,10,5,180005,กรุงเทพมหานคร,บางเขน,2,ห้องชุด/คอนโด,,,25.94,"180004, 180005, 180277",7/11/2026 4:14
not_found,LandsMaps ไม่พบโฉนด,33382,10_05_180277,10,5,180277,กรุงเทพมหานคร,บางเขน,2,ห้องชุด/คอนโด,,,25.94,"180004, 180005, 180277",7/11/2026 4:14
not_found,LandsMaps ไม่พบโฉนด,33383,10_05_158148,10,5,158148,กรุงเทพมหานคร,บางเขน,2,ห้องชุด/คอนโด,,,24.5,"158,148,158,149",7/11/2026 4:14
not_found,LandsMaps ไม่พบโฉนด,33383,10_05_158149,10,5,158149,กรุงเทพมหานคร,บางเขน,2,ห้องชุด/คอนโด,,,24.5,"158,148,158,149",7/11/2026 4:14
not_found,LandsMaps ไม่พบโฉนด,33384,10_05_180002,10,5,180002,กรุงเทพมหานคร,บางเขน,2,ห้องชุด/คอนโด,,,20.54,"180002, 180278",7/11/2026 4:14
not_found,LandsMaps ไม่พบโฉนด,33384,10_05_180278,10,5,180278,กรุงเทพมหานคร,บางเขน,2,ห้องชุด/คอนโด,,,20.54,"180002, 180278",7/11/2026 4:14
not_found,LandsMaps ไม่พบโฉนด,33385,10_36_18330,10,36,18330,กรุงเทพมหานคร,ดอนเมือง,2,ห้องชุด/คอนโด,,,27.97,"1,833,018,331",7/11/2026 4:14
not_found,LandsMaps ไม่พบโฉนด,33385,10_36_18331,10,36,18331,กรุงเทพมหานคร,ดอนเมือง,2,ห้องชุด/คอนโด,,,27.97,"1,833,018,331",7/11/2026 4:14
not_found,LandsMaps ไม่พบโฉนด,33386,10_36_28412,10,36,28412,กรุงเทพมหานคร,ดอนเมือง,2,ห้องชุด/คอนโด,,,31.5,28412,7/11/2026 4:14
not_found,LandsMaps ไม่พบโฉนด,33387,10_36_28413,10,36,28413,กรุงเทพมหานคร,ดอนเมือง,2,ห้องชุด/คอนโด,,,31.5,28413,7/11/2026 4:14
not_found,LandsMaps ไม่พบโฉนด,33388,10_05_180272,10,5,180272,กรุงเทพมหานคร,บางเขน,2,ห้องชุด/คอนโด,,,25.19,180272,7/11/2026 4:14
not_found,LandsMaps ไม่พบโฉนด,33389,10_05_31008,10,5,31008,กรุงเทพมหานคร,บางเขน,2,ห้องชุด/คอนโด,,,25.67,31008,7/11/2026 4:14
not_found,LandsMaps ไม่พบโฉนด,33390,10_42_25206,10,42,25206,กรุงเทพมหานคร,สายไหม,2,ห้องชุด/คอนโด,,,31.85,"25206, 25209, 25211, 25216",7/11/2026 4:14
not_found,LandsMaps ไม่พบโฉนด,33390,10_42_25209,10,42,25209,กรุงเทพมหานคร,สายไหม,2,ห้องชุด/คอนโด,,,31.85,"25206, 25209, 25211, 25216",7/11/2026 4:14
not_found,LandsMaps ไม่พบโฉนด,33390,10_42_25211,10,42,25211,กรุงเทพมหานคร,สายไหม,2,ห้องชุด/คอนโด,,,31.85,"25206, 25209, 25211, 25216",7/11/2026 4:14
not_found,LandsMaps ไม่พบโฉนด,33390,10_42_25216,10,42,25216,กรุงเทพมหานคร,สายไหม,2,ห้องชุด/คอนโด,,,31.85,"25206, 25209, 25211, 25216",7/11/2026 4:14
not_found,LandsMaps ไม่พบโฉนด,33391,10_36_6106,10,36,6106,กรุงเทพมหานคร,ดอนเมือง,2,ห้องชุด/คอนโด,,,26.09,"610,661,076,108",7/11/2026 4:14
not_found,LandsMaps ไม่พบโฉนด,33391,10_36_6107,10,36,6107,กรุงเทพมหานคร,ดอนเมือง,2,ห้องชุด/คอนโด,,,26.09,"610,661,076,108",7/11/2026 4:14
not_found,LandsMaps ไม่พบโฉนด,33391,10_36_6108,10,36,6108,กรุงเทพมหานคร,ดอนเมือง,2,ห้องชุด/คอนโด,,,26.09,"610,661,076,108",7/11/2026 4:14
not_found,LandsMaps ไม่พบโฉนด,33392,10_05_17792,10,5,17792,กรุงเทพมหานคร,บางเขน,2,ห้องชุด/คอนโด,,,28.125,"17,792,165,081",7/11/2026 4:14
not_found,LandsMaps ไม่พบโฉนด,33392,10_05_165081,10,5,165081,กรุงเทพมหานคร,บางเขน,2,ห้องชุด/คอนโด,,,28.125,"17,792,165,081",7/11/2026 4:14
not_found,LandsMaps ไม่พบโฉนด,33393,10_05_33321,10,5,33321,กรุงเทพมหานคร,บางเขน,2,ห้องชุด/คอนโด,,,29.75,33321,7/11/2026 4:14
not_found,LandsMaps ไม่พบโฉนด,33394,10_36_9881,10,36,9881,กรุงเทพมหานคร,ดอนเมือง,2,ห้องชุด/คอนโด,,,30.55,9881,7/11/2026 4:14
not_found,LandsMaps ไม่พบโฉนด,33395,10_36_18327,10,36,18327,กรุงเทพมหานคร,ดอนเมือง,2,ห้องชุด/คอนโด,,,25.54,18327,7/11/2026 4:14
not_found,LandsMaps ไม่พบโฉนด,33396,10_36_6115,10,36,6115,กรุงเทพมหานคร,ดอนเมือง,2,ห้องชุด/คอนโด,,,26.09,"611,561,166,118",7/11/2026 4:14
not_found,LandsMaps ไม่พบโฉนด,33396,10_36_6116,10,36,6116,กรุงเทพมหานคร,ดอนเมือง,2,ห้องชุด/คอนโด,,,26.09,"611,561,166,118",7/11/2026 4:14
not_found,LandsMaps ไม่พบโฉนด,33396,10_36_6118,10,36,6118,กรุงเทพมหานคร,ดอนเมือง,2,ห้องชุด/คอนโด,,,26.09,"611,561,166,118",7/11/2026 4:14
not_found,LandsMaps ไม่พบโฉนด,33397,10_36_128367,10,36,128367,กรุงเทพมหานคร,ดอนเมือง (ตลาดขวัญ),3,ที่ดิน+สิ่งปลูกสร้าง,,,18.7,128367,7/11/2026 4:14
not_found,LandsMaps ไม่พบโฉนด,33398,10_05_6295,10,5,6295,กรุงเทพมหานคร,บางเขน,2,ห้องชุด/คอนโด,,,28.86,6295,7/11/2026 4:14
not_found,LandsMaps ไม่พบโฉนด,33399,10_36_18709,10,36,18709,กรุงเทพมหานคร,ดอนเมือง,3,ที่ดิน+สิ่งปลูกสร้าง,,,19.4,18709,7/11/2026 4:14
not_found,LandsMaps ไม่พบโฉนด,33400,10_05_180008,10,5,180008,กรุงเทพมหานคร,บางเขน,2,ห้องชุด/คอนโด,,,20.69,"180,008,180,009,180,000",7/11/2026 4:14
not_found,LandsMaps ไม่พบโฉนด,33400,10_05_180009,10,5,180009,กรุงเทพมหานคร,บางเขน,2,ห้องชุด/คอนโด,,,20.69,"180,008,180,009,180,000",7/11/2026 4:14
not_found,LandsMaps ไม่พบโฉนด,33400,10_05_180275,10,5,180275,กรุงเทพมหานคร,บางเขน,2,ห้องชุด/คอนโด,,,20.69,"180,008,180,009,180,000",7/11/2026 4:14
not_found,LandsMaps ไม่พบโฉนด,33401,10_36_28541,10,36,28541,กรุงเทพมหานคร,ดอนเมือง,3,ที่ดิน+สิ่งปลูกสร้าง,,,17.9,28541,7/11/2026 4:14
not_found,LandsMaps ไม่พบโฉนด,33403,10_05_122083,10,5,122083,กรุงเทพมหานคร,บางเขน(ตลาดขวัญ),3,ที่ดิน+สิ่งปลูกสร้าง,,,16,122083,7/11/2026 4:14
not_found,LandsMaps ไม่พบโฉนด,33404,10_36_167474,10,36,167474,กรุงเทพมหานคร,ดอนเมือง,3,ที่ดิน+สิ่งปลูกสร้าง,,,18,167474,7/11/2026 4:14
not_found,LandsMaps ไม่พบโฉนด,33405,10_05_133521,10,5,133521,กรุงเทพมหานคร,บางเขน,2,ห้องชุด/คอนโด,,,52.74,"133521, 133523",7/11/2026 4:14
not_found,LandsMaps ไม่พบโฉนด,33405,10_05_133523,10,5,133523,กรุงเทพมหานคร,บางเขน,2,ห้องชุด/คอนโด,,,52.74,"133521, 133523",7/11/2026 4:14
not_found,LandsMaps ไม่พบโฉนด,33406,10_05_1446,10,5,1446,กรุงเทพมหานคร,บางเขน,2,ห้องชุด/คอนโด,,,30.72,"1446, 1447, 1448",7/11/2026 4:14
not_found,LandsMaps ไม่พบโฉนด,33406,10_05_1447,10,5,1447,กรุงเทพมหานคร,บางเขน,2,ห้องชุด/คอนโด,,,30.72,"1446, 1447, 1448",7/11/2026 4:14
not_found,LandsMaps ไม่พบโฉนด,33406,10_05_1448,10,5,1448,กรุงเทพมหานคร,บางเขน,2,ห้องชุด/คอนโด,,,30.72,"1446, 1447, 1448",7/11/2026 4:14
not_found,LandsMaps ไม่พบโฉนด,33407,10_36_24967,10,36,24967,กรุงเทพมหานคร,ดอนเมือง,3,ที่ดิน+สิ่งปลูกสร้าง,,,20.4,24967,7/11/2026 4:14
not_found,LandsMaps ไม่พบโฉนด,33408,10_05_183560,10,5,183560,กรุงเทพมหานคร,บางเขน,2,ห้องชุด/คอนโด,,,27.36,183560,7/11/2026 4:14
not_found,LandsMaps ไม่พบโฉนด,33409,10_36_9877,10,36,9877,กรุงเทพมหานคร,ดอนเมือง,2,ห้องชุด/คอนโด,,,35.83,9877,7/11/2026 4:14
not_found,LandsMaps ไม่พบโฉนด,33410,10_05_118260,10,5,118260,กรุงเทพมหานคร,บางเขน(ตลาดขวัญ),3,ที่ดิน+สิ่งปลูกสร้าง,,,23,118260,7/11/2026 4:14
not_found,LandsMaps ไม่พบโฉนด,33411,10_41_4920,10,41,4920,กรุงเทพมหานคร,หลักสี่,2,ห้องชุด/คอนโด,,,28.49,4920,7/11/2026 4:14
not_found,LandsMaps ไม่พบโฉนด,33412,10_05_120181,10,5,120181,กรุงเทพมหานคร,บางเขน(ตลาดขวัญ),3,ที่ดิน+สิ่งปลูกสร้าง,,,50,120181,7/11/2026 4:14
not_found,LandsMaps ไม่พบโฉนด,33413,10_41_5320,10,41,5320,กรุงเทพมหานคร,หลักสี่,2,ห้องชุด/คอนโด,,,23,5320,7/11/2026 4:14
